name,03/31/2022,12/31/2021,09/30/2021,06/30/2021,03/31/2021,12/31/2020,09/30/2020,06/30/2020,03/31/2020,12/31/2019,09/30/2019,06/30/2019,03/31/2019,12/31/2018,09/30/2018,06/30/2018,03/31/2018,12/31/2017,09/30/2017,06/30/2017,03/31/2017,12/31/2016,09/30/2016,06/30/2016,03/31/2016,12/31/2015,09/30/2015,06/30/2015,03/31/2015,12/31/2014,09/30/2014,06/30/2014,03/31/2014,12/31/2013,09/30/2013,06/30/2013,03/31/2013,12/31/2012,09/30/2012,06/30/2012,03/31/2012,12/31/2011,09/30/2011,06/30/2011,03/31/2011,12/31/2010,09/30/2010,06/30/2010,03/31/2010,12/31/2009,09/30/2009,06/30/2009,03/31/2009,12/31/2008,09/30/2008,06/30/2008,03/31/2008,12/31/2007,09/30/2007,06/30/2007,03/31/2007
TotalAssets,"64,417,455,000,000","51,135,302,000,000","49,821,983,000,000","46,735,009,000,000","44,712,807,000,000","41,388,894,000,000","40,018,869,000,000","38,576,295,000,000","37,121,128,000,000","34,024,426,000,000","33,530,759,000,000","32,435,547,000,000","31,212,285,000,000","28,944,137,000,000","28,419,260,000,000","27,399,282,000,000","26,415,499,000,000","25,041,221,000,000","23,707,550,000,000","22,671,119,000,000","22,171,179,000,000","20,487,060,000,000","20,039,691,000,000","19,826,108,000,000","18,860,285,000,000","18,578,728,000,000","18,447,273,000,000","18,346,326,000,000","18,147,563,000,000","18,127,646,000,000","18,261,690,000,000","17,664,191,000,000","18,288,116,000,000","17,446,464,000,000","17,598,290,000,000","17,958,966,000,000","17,510,808,000,000","16,581,153,000,000","16,920,082,000,000","15,971,865,000,000","16,390,680,000,000","15,285,554,000,000","14,941,129,000,000","14,207,091,000,000","13,926,650,000,000","12,673,459,000,000","12,054,390,000,000","11,990,828,000,000","11,255,761,000,000","8,358,827,000,000","8,265,770,000,000","7,677,455,000,000","8,622,625,000,000","8,036,382,000,000","8,510,640,000,000","7,614,912,000,000","7,215,960,000,000","7,049,952,000,000","6,241,299,000,000","6,079,910,000,000","5,942,410,000,000"
	CurrentAssets,"32,764,672,000,000","20,413,820,000,000","20,536,763,000,000","19,116,233,000,000","18,948,179,000,000","16,319,700,000,000","15,878,151,000,000","14,975,511,000,000","13,994,426,000,000","11,869,724,000,000","12,860,159,000,000","13,301,187,000,000","13,198,237,000,000","12,088,512,000,000","13,437,690,000,000","12,627,018,000,000","12,253,647,000,000","11,205,581,000,000","10,745,964,000,000","9,950,070,000,000","9,648,969,000,000","9,226,934,000,000","9,276,307,000,000","8,959,964,000,000","8,945,077,000,000","8,655,605,000,000","8,413,916,000,000","8,180,030,000,000","8,092,128,000,000","8,146,821,000,000","8,569,406,000,000","8,101,903,000,000","8,866,491,000,000","8,031,617,000,000","8,219,822,000,000","8,491,570,000,000","8,252,399,000,000","7,452,938,000,000","8,010,465,000,000","7,288,578,000,000","8,046,901,000,000","7,256,212,000,000","7,393,121,000,000","7,089,797,000,000","7,211,777,000,000","6,291,677,000,000","6,121,015,000,000","6,252,806,000,000","5,782,743,000,000","3,641,669,000,000","3,659,447,000,000","3,104,296,000,000","3,642,844,000,000","3,277,484,000,000","3,791,403,000,000","3,207,845,000,000","2,988,238,000,000","2,838,650,000,000","2,219,115,000,000","2,078,817,000,000","2,019,941,000,000"
		CashCashEquivalentsAndShortTermInvestments,"14,205,543,000,000","3,825,417,000,000","4,343,469,000,000","4,197,667,000,000","5,275,048,000,000","3,882,289,000,000","3,554,051,000,000","3,367,425,000,000","2,797,426,000,000","1,921,146,000,000","2,085,164,000,000","2,666,979,000,000","3,121,641,000,000","2,556,604,000,000","3,333,089,000,000","2,830,099,000,000","3,131,769,000,000","2,779,042,000,000","2,400,218,000,000","2,112,736,000,000","1,924,767,000,000","2,228,365,000,000","2,891,653,000,000","2,662,584,000,000","3,175,234,000,000","2,705,998,000,000","2,171,720,000,000","2,112,168,000,000","2,284,682,000,000","1,768,505,000,000","2,086,472,000,000","1,879,247,000,000","2,174,926,000,000","1,927,980,000,000","1,975,236,000,000","2,072,099,000,000","1,916,144,000,000","1,363,383,000,000","1,818,690,000,000","951,739,000,000","1,830,870,000,000","1,391,856,000,000","1,174,918,000,000","991,314,000,000","1,634,668,000,000","1,375,829,000,000","1,253,525,000,000","1,055,568,000,000","1,131,204,000,000",,"901,593,000,000","646,230,000,000","968,689,000,000",,"409,154,000,000","252,886,000,000","326,170,000,000",,"133,508,000,000","140,374,000,000","204,969,000,000"
			CashAndCashEquivalents,"9,052,010,000,000","3,760,834,000,000","4,279,041,000,000","4,188,541,000,000","5,058,435,000,000","3,274,250,000,000","3,539,014,000,000","3,363,343,000,000","2,767,390,000,000","1,888,631,000,000","2,054,796,000,000","2,631,013,000,000","3,098,413,000,000","2,513,702,000,000","3,066,867,000,000","2,351,721,000,000","2,916,612,000,000","2,249,341,000,000","1,780,623,000,000","1,729,938,000,000","1,491,895,000,000","1,474,367,000,000","1,896,079,000,000","1,717,576,000,000","2,234,599,000,000","1,704,918,000,000","1,246,564,000,000","1,197,241,000,000","1,417,600,000,000","988,016,000,000","1,266,308,000,000","1,228,747,000,000","1,517,401,000,000","1,399,054,000,000","1,502,133,000,000","1,584,272,000,000","1,556,902,000,000","720,767,000,000","1,301,961,000,000","931,717,000,000","1,813,483,000,000","1,379,379,000,000","1,161,666,000,000","989,970,000,000","1,621,927,000,000","1,368,034,000,000","1,251,214,000,000","1,042,506,000,000","1,119,851,000,000","862,585,000,000","901,593,000,000","646,230,000,000","968,689,000,000","373,300,000,000","409,154,000,000","252,886,000,000","326,170,000,000","466,438,000,000","127,132,000,000","134,018,000,000","198,636,000,000"
				CashFinancial,,,,,,,,,,,,,,,,,,,,,,,,,"292,525,000,000","272,824,000,000","25,264,000,000",,,,,,,,,,,,,,,,"58,392,000,000","391,376,000,000",,,,,,,,,,,,,,,,,
				CashEquivalents,"9,052,010,000,000","3,760,834,000,000","4,279,041,000,000","4,188,541,000,000","5,058,435,000,000","3,274,250,000,000","3,539,014,000,000","3,363,343,000,000","2,767,390,000,000","1,888,631,000,000","2,054,796,000,000","2,631,013,000,000","3,098,413,000,000","2,513,702,000,000","3,066,867,000,000","2,351,721,000,000","2,916,612,000,000","2,249,341,000,000","1,780,623,000,000","1,729,938,000,000","1,491,895,000,000","1,474,367,000,000","1,896,079,000,000","1,717,576,000,000","1,942,074,000,000","1,432,094,000,000","1,246,564,000,000","1,197,241,000,000","1,417,600,000,000","988,016,000,000","1,266,308,000,000","1,228,747,000,000","1,517,401,000,000","1,399,054,000,000","1,502,133,000,000","1,584,272,000,000","1,556,902,000,000","720,767,000,000","1,301,961,000,000","931,717,000,000","1,813,483,000,000","1,379,379,000,000","1,161,666,000,000","598,594,000,000","1,621,927,000,000","1,368,034,000,000","1,251,214,000,000","1,042,506,000,000","1,119,851,000,000",,"901,593,000,000","646,230,000,000","968,689,000,000",,"409,154,000,000","252,886,000,000","326,170,000,000",,"127,132,000,000","134,018,000,000","198,636,000,000"
			OtherShortTermInvestments,"5,153,533,000,000","64,583,000,000","64,428,000,000","9,126,000,000","216,613,000,000","608,039,000,000","15,037,000,000","4,082,000,000","30,036,000,000","32,515,000,000","30,368,000,000","35,966,000,000","23,228,000,000","42,902,000,000","266,222,000,000","478,378,000,000","215,157,000,000","529,701,000,000","619,595,000,000","382,798,000,000","432,872,000,000","753,998,000,000","995,574,000,000","945,008,000,000","940,635,000,000","1,001,080,000,000","925,156,000,000","914,927,000,000","867,082,000,000","780,489,000,000","820,164,000,000","650,500,000,000","657,525,000,000","528,926,000,000","473,103,000,000","487,827,000,000","359,242,000,000","642,616,000,000","516,729,000,000","20,022,000,000","17,387,000,000","12,477,000,000","13,252,000,000","1,344,000,000","12,741,000,000","7,795,000,000","2,311,000,000","13,062,000,000","11,353,000,000","100,000,000,000",,,,"148,300,000,000",,,,"106,412,000,000","6,376,000,000","6,356,000,000","6,333,000,000"
		Inventory,"9,311,896,000,000","8,283,474,000,000","7,986,017,000,000","6,876,281,000,000","5,890,122,000,000","5,349,688,000,000","4,928,061,000,000","4,752,907,000,000","5,335,154,000,000","5,033,721,000,000","4,976,684,000,000","4,770,886,000,000","4,503,269,000,000","4,289,463,000,000","4,403,535,000,000","3,949,709,000,000","3,783,786,000,000","3,352,454,000,000","3,187,314,000,000","3,085,742,000,000","3,249,779,000,000","2,965,191,000,000","2,717,069,000,000","2,656,837,000,000","2,284,731,000,000","2,338,553,000,000","2,470,848,000,000","2,391,944,000,000","2,300,071,000,000","2,711,188,000,000","2,839,051,000,000","2,553,321,000,000","2,780,498,000,000","2,564,031,000,000","2,491,111,000,000","2,528,951,000,000","2,605,095,000,000","2,627,930,000,000","2,571,966,000,000","2,654,330,000,000","2,617,236,000,000","2,475,233,000,000","2,529,201,000,000","2,624,734,000,000","2,306,939,000,000","2,182,484,000,000","1,993,519,000,000","1,961,348,000,000","1,716,848,000,000","1,340,931,000,000","1,263,526,000,000","1,133,528,000,000","1,247,360,000,000","1,508,938,000,000","1,649,012,000,000","1,290,167,000,000","1,154,012,000,000","1,167,837,000,000","928,809,000,000","924,213,000,000","854,818,000,000"
			RawMaterials,"2,615,793,000,000","2,306,919,000,000","2,071,754,000,000","1,847,553,000,000","1,641,908,000,000","1,466,358,000,000","1,407,382,000,000","1,469,091,000,000","1,433,916,000,000","1,391,016,000,000","1,441,790,000,000","1,422,068,000,000","1,317,531,000,000","1,265,690,000,000","1,263,756,000,000","1,177,102,000,000","1,126,443,000,000","1,033,478,000,000","1,031,822,000,000","994,987,000,000","1,012,718,000,000","936,569,000,000","897,636,000,000","864,257,000,000","745,656,000,000","758,375,000,000","774,753,000,000","796,541,000,000","706,146,000,000","826,820,000,000","826,978,000,000","787,173,000,000","831,346,000,000","799,179,000,000","820,578,000,000","799,837,000,000","820,422,000,000","841,471,000,000","791,847,000,000","809,337,000,000","768,717,000,000","706,116,000,000","782,952,000,000","828,171,000,000","724,398,000,000","631,856,000,000","644,714,000,000","636,185,000,000",,"427,545,000,000","405,412,000,000","394,185,000,000","391,495,000,000","393,275,000,000","503,460,000,000","395,446,000,000","365,615,000,000","391,917,000,000","273,829,000,000","297,343,000,000","242,792,000,000"
			WorkInProcess,"27,826,000,000","25,587,000,000","22,069,000,000","22,486,000,000","18,743,000,000","23,570,000,000","13,986,000,000","17,661,000,000","17,955,000,000","11,561,000,000","16,050,000,000","20,601,000,000","20,381,000,000","15,530,000,000","11,264,000,000","13,748,000,000","13,190,000,000","9,852,000,000","11,669,000,000","14,902,000,000","13,724,000,000","785,000,000","602,021,000,000","556,953,000,000","446,990,000,000","416,710,000,000","432,530,000,000","410,422,000,000","403,202,000,000","430,973,000,000","415,729,000,000","376,734,000,000","398,659,000,000","374,023,000,000","359,906,000,000","334,349,000,000","345,566,000,000","363,000,000","344,079,000,000","352,713,000,000","346,606,000,000","320,865,000,000","320,531,000,000","327,013,000,000","307,935,000,000","269,927,000,000","287,391,000,000","269,421,000,000",,"171,288,000,000","199,649,000,000","191,269,000,000","199,613,000,000","178,072,000,000","192,437,000,000","156,456,000,000","144,717,000,000","141,239,000,000","132,937,000,000","136,899,000,000","127,303,000,000"
			FinishedGoods,"6,941,348,000,000","6,214,816,000,000","6,064,059,000,000","5,155,478,000,000","4,373,766,000,000","4,009,654,000,000","3,638,339,000,000","3,397,075,000,000","4,053,189,000,000","3,788,794,000,000","3,676,122,000,000","3,459,432,000,000","3,301,996,000,000","3,153,253,000,000","3,241,710,000,000","2,856,686,000,000","2,754,711,000,000","2,422,272,000,000","2,242,450,000,000","2,177,260,000,000","2,332,106,000,000","2,125,689,000,000","1,307,723,000,000","1,299,698,000,000","1,134,686,000,000","1,213,903,000,000","1,315,445,000,000","1,221,959,000,000","1,225,664,000,000","1,500,006,000,000","1,632,363,000,000","1,421,943,000,000","1,586,238,000,000","1,434,111,000,000","1,350,899,000,000","1,426,489,000,000","1,468,789,000,000","1,808,481,000,000","1,443,736,000,000","1,520,273,000,000","1,513,950,000,000","1,460,644,000,000","1,437,797,000,000","1,482,836,000,000","1,281,985,000,000","1,289,637,000,000","1,061,414,000,000","1,055,742,000,000",,"746,377,000,000","662,063,000,000","551,552,000,000","667,682,000,000","957,481,000,000","961,620,000,000","746,424,000,000","649,550,000,000","640,921,000,000","528,886,000,000","498,413,000,000","500,773,000,000"
			OtherInventories,,,,,,,,,,,,,,,,,,"-136,251,000,000","-138,336,000,000","-131,669,000,000","-122,914,000,000","-114,525,000,000","-110,223,000,000","-110,139,000,000","-103,009,000,000","-99,811,000,000","-101,171,000,000","-99,419,000,000","-101,929,000,000","-95,163,000,000",,"-92,611,000,000","-92,202,000,000","-90,193,000,000","-87,276,000,000","-84,440,000,000","-82,885,000,000","-78,517,000,000","-77,855,000,000","-79,123,000,000","-71,560,000,000",,"-74,678,000,000","-67,083,000,000","-67,146,000,000","-60,331,000,000","-51,173,000,000","-50,671,000,000","1,716,848,000,000","-46,142,000,000","-46,232,000,000","-45,378,000,000","-44,336,000,000","-41,333,000,000","-46,395,000,000","-43,842,000,000","-40,378,000,000","-37,089,000,000","-36,218,000,000","-36,816,000,000",
			InventoriesAdjustmentsAllowances,"-273,071,000,000","-263,848,000,000","-171,865,000,000","-149,236,000,000","-144,295,000,000","-149,894,000,000","-131,646,000,000","-130,920,000,000","-169,906,000,000","-157,650,000,000","-157,278,000,000","-131,215,000,000","-136,639,000,000","-145,010,000,000","-113,195,000,000","-97,827,000,000","-110,558,000,000","-113,148,000,000","-98,627,000,000","-101,407,000,000","-108,769,000,000","-97,852,000,000","-90,311,000,000","-64,071,000,000","-42,601,000,000","-50,435,000,000","-51,880,000,000","-36,978,000,000","-34,941,000,000","-46,611,000,000","-36,019,000,000","-32,529,000,000","-35,745,000,000","-43,282,000,000","-40,272,000,000","-31,724,000,000","-29,682,000,000","-22,385,000,000","-7,696,000,000","-27,993,000,000","-12,037,000,000","-12,392,000,000","-12,079,000,000","-13,286,000,000","-7,379,000,000","-8,936,000,000",,,,"-4,279,000,000","-3,598,000,000","-3,478,000,000","-11,430,000,000","-19,890,000,000","-8,505,000,000","-8,159,000,000","-5,870,000,000","-6,240,000,000","-6,843,000,000","-8,442,000,000","-16,050,000,000"
		PrepaidAssets,"635,034,000,000","621,959,000,000","461,848,000,000","412,892,000,000","489,122,000,000","445,352,000,000","498,814,000,000","527,182,000,000","598,174,000,000","664,017,000,000","490,267,000,000","423,625,000,000","362,520,000,000","375,018,000,000","334,320,000,000","365,895,000,000","266,490,000,000","226,722,000,000","381,502,000,000","309,875,000,000","298,054,000,000","256,545,000,000","202,973,000,000","200,147,000,000","214,646,000,000","189,723,000,000","308,985,000,000","181,618,000,000","168,145,000,000","178,066,000,000","182,997,000,000","121,777,000,000","154,301,000,000","143,070,000,000","163,158,000,000","137,036,000,000","143,307,000,000","146,668,000,000","179,808,000,000","166,508,000,000","124,072,000,000","136,131,000,000","183,843,000,000","158,139,000,000","182,208,000,000","123,175,000,000","4,446,000,000","3,901,000,000","6,220,000,000",,"15,403,000,000","23,975,000,000","31,878,000,000",,"23,985,000,000","49,057,000,000","23,170,000,000",,"24,521,000,000","27,942,000,000","31,681,000,000"
		AssetsHeldForSaleCurrent,"5,367,000,000","5,364,000,000","5,723,000,000","5,717,000,000","26,478,000,000","789,072,000,000","784,509,000,000","781,632,000,000","20,429,000,000","19,573,000,000","5,966,000,000","8,239,000,000","2,764,000,000","2,764,000,000","3,633,000,000","4,268,000,000","6,584,000,000","6,595,000,000","9,530,000,000","8,449,000,000","9,968,000,000","8,104,000,000","67,770,000,000","67,890,000,000","9,905,000,000","6,500,000,000","6,500,000,000","5,961,000,000","5,961,000,000","5,961,000,000","5,639,000,000","5,639,000,000",,,,,,,,,,,,,,,,,,,,,,,,,,,,,
		HedgingAssetsCurrent,,"23,289,000,000","24,648,000,000","14,682,000,000","19,964,000,000","23,821,000,000","12,774,000,000","2,966,000,000","1,126,000,000","10,879,000,000","18,793,000,000",,,,,,,,,,,,,,,"93,000,000",,,,"783,000,000","226,000,000","68,000,000","520,000,000",,,,"30,000,000","2,352,000,000","1,622,000,000","664,000,000","10,000,000",,,,"2,651,000,000",,,,,,,,,,,,,,,,
		OtherCurrentAssets,"360,569,000,000","283,372,000,000","345,786,000,000","425,949,000,000","351,596,000,000","214,849,000,000","249,525,000,000","284,241,000,000","280,256,000,000","248,128,000,000","440,929,000,000","427,773,000,000","295,759,000,000","200,273,000,000","227,560,000,000","165,280,000,000","189,787,000,000","151,024,000,000","27,726,000,000","17,633,000,000","18,770,000,000","10,001,000,000","48,387,000,000","10,339,000,000","13,539,000,000","15,836,000,000","49,587,000,000","45,081,000,000","43,976,000,000","106,728,000,000","56,570,000,000","53,450,000,000","65,640,000,000","63,960,000,000","47,199,000,000","59,760,000,000","101,235,000,000","51,424,000,000","47,064,000,000","87,674,000,000","68,181,000,000","14,315,000,000","51,141,000,000","56,705,000,000","48,043,000,000","7,813,000,000","154,911,000,000","132,870,000,000","118,187,000,000","897,000,000","1,506,000,000","1,947,000,000","1,576,000,000","1,619,000,000","4,931,000,000","9,168,000,000","8,110,000,000","902,000,000","2,335,000,000","10,466,000,000","3,141,000,000"
	TotalNonCurrentAssets,"31,652,783,000,000","30,721,482,000,000","29,285,220,000,000","27,618,776,000,000","25,764,628,000,000","25,069,194,000,000","24,140,718,000,000","23,600,784,000,000","23,126,702,000,000","22,154,702,000,000","20,670,600,000,000","19,134,360,000,000","18,014,048,000,000","16,855,625,000,000","14,981,570,000,000","14,772,264,000,000","14,161,852,000,000","13,835,640,000,000","12,961,586,000,000","12,721,049,000,000","12,522,210,000,000","11,260,126,000,000","10,763,384,000,000","10,866,144,000,000","9,915,208,000,000","9,923,123,000,000","10,033,357,000,000","10,166,296,000,000","10,055,435,000,000","9,980,825,000,000","9,692,284,000,000","9,562,288,000,000","9,421,625,000,000","9,414,847,000,000","9,378,468,000,000","9,467,396,000,000","9,258,409,000,000","9,128,215,000,000","8,909,617,000,000","8,683,287,000,000","8,343,779,000,000","8,029,342,000,000","7,548,008,000,000","7,117,294,000,000","6,714,873,000,000","6,381,782,000,000","5,933,375,000,000","5,738,022,000,000","5,473,018,000,000",,"4,606,323,000,000","4,573,159,000,000","4,979,781,000,000",,"4,719,237,000,000","4,407,067,000,000","4,227,722,000,000",,"4,022,184,000,000","4,001,093,000,000","3,922,469,000,000"
		NetPPE,"25,232,426,000,000","24,378,259,000,000","22,793,052,000,000","21,851,947,000,000","21,119,270,000,000","20,567,475,000,000","20,157,060,000,000","19,677,458,000,000","19,483,246,000,000","18,593,642,000,000","17,267,112,000,000","15,863,283,000,000","14,823,767,000,000","13,839,198,000,000","12,247,688,000,000","12,077,767,000,000","11,518,116,000,000","11,211,482,000,000","10,313,725,000,000","10,157,089,000,000","9,996,018,000,000","9,680,133,000,000","9,280,793,000,000","9,381,351,000,000","8,813,959,000,000","8,867,209,000,000","8,880,686,000,000","9,002,318,000,000","8,796,031,000,000","8,699,536,000,000","8,500,827,000,000","8,431,784,000,000","8,508,338,000,000","8,559,609,000,000","8,541,328,000,000","8,650,254,000,000","8,459,880,000,000","8,348,178,000,000","8,134,530,000,000","7,976,023,000,000","7,665,938,000,000","7,375,955,000,000","6,967,237,000,000","6,555,213,000,000","6,174,380,000,000","5,872,040,000,000","5,391,927,000,000","5,207,871,000,000","4,982,344,000,000","3,860,280,000,000","3,746,267,000,000","3,683,908,000,000","3,942,019,000,000","3,867,666,000,000","3,818,058,000,000","3,692,600,000,000","3,572,784,000,000","3,621,800,000,000","3,033,724,000,000","3,071,533,000,000","3,110,590,000,000"
			GrossPPE,"25,232,426,000,000","41,387,330,000,000","22,793,052,000,000","21,851,947,000,000","36,243,389,000,000","35,260,869,000,000","34,895,948,000,000","33,987,098,000,000","33,844,067,000,000","32,373,328,000,000","30,671,888,000,000","28,930,461,000,000","27,636,907,000,000","26,262,628,000,000","24,448,735,000,000","24,090,189,000,000","23,253,748,000,000","22,584,216,000,000","21,633,403,000,000","21,347,990,000,000","20,909,825,000,000","20,226,509,000,000","19,382,667,000,000","19,388,509,000,000","18,476,357,000,000","18,250,879,000,000","18,145,218,000,000","18,000,302,000,000","17,603,311,000,000","17,231,110,000,000","16,747,294,000,000","16,348,588,000,000","16,231,450,000,000","16,113,782,000,000","15,862,075,000,000","15,805,071,000,000","15,330,149,000,000","14,960,184,000,000","14,568,724,000,000","14,233,428,000,000","13,738,039,000,000","13,271,221,000,000","12,721,044,000,000","12,007,716,000,000","11,675,145,000,000","11,256,820,000,000","5,391,927,000,000","5,207,871,000,000","4,982,344,000,000","3,860,280,000,000","7,656,495,000,000","7,505,422,000,000","8,189,837,000,000","8,063,602,000,000","7,932,018,000,000","7,727,716,000,000","7,534,498,000,000","7,533,027,000,000","6,599,534,000,000","6,564,539,000,000","6,527,334,000,000"
				Properties,,"0",,,"0","0","0","0","0","0","0","0","0","0","0","0","0","0","0","0","0","0","0","0","0","0","0","0","0","0","0","0","0","0","0","0","0","0","0","0","0","0","0","0","0","0",,,,,"0","0","0",,"0","0","0",,"0","0","0"
				LandAndImprovements,,"1,888,589,000,000",,,"1,781,881,000,000","1,772,039,000,000","1,808,175,000,000","1,808,879,000,000","1,796,473,000,000","1,796,480,000,000","1,801,375,000,000","1,670,767,000,000","1,660,542,000,000","1,657,105,000,000","1,644,976,000,000","1,647,352,000,000","1,605,888,000,000","1,605,247,000,000","1,592,904,000,000","1,591,776,000,000","1,569,418,000,000","1,507,154,000,000","1,322,599,000,000","1,324,215,000,000","911,868,000,000","912,108,000,000","912,370,000,000","911,936,000,000","911,811,000,000","911,867,000,000","820,370,000,000","820,236,000,000","819,358,000,000","813,367,000,000","738,030,000,000","735,235,000,000","735,270,000,000","712,238,000,000","693,627,000,000","693,171,000,000","647,900,000,000","604,869,000,000","605,288,000,000","443,336,000,000","443,404,000,000","443,411,000,000",,,,"426,305,000,000","425,929,000,000","426,110,000,000","497,987,000,000","498,231,000,000","499,728,000,000","497,460,000,000","497,468,000,000","497,823,000,000","426,403,000,000","428,671,000,000","430,183,000,000"
				BuildingsAndImprovements,,"6,604,140,000,000",,,"6,022,651,000,000","5,794,729,000,000","5,748,049,000,000","5,732,540,000,000","5,409,472,000,000","4,769,924,000,000","4,565,445,000,000","4,529,427,000,000","4,291,403,000,000","3,959,198,000,000","3,801,648,000,000","3,763,830,000,000","3,512,706,000,000","3,438,000,000,000","3,068,528,000,000","2,948,325,000,000","2,905,863,000,000","2,796,650,000,000","2,684,369,000,000","2,624,686,000,000","2,569,709,000,000","2,539,113,000,000","2,542,182,000,000","2,508,020,000,000","2,474,628,000,000","2,436,140,000,000","2,387,517,000,000","2,341,515,000,000","2,339,590,000,000","2,279,332,000,000","2,190,062,000,000","2,148,443,000,000","2,085,387,000,000","1,981,069,000,000","1,944,141,000,000","1,881,508,000,000","1,818,439,000,000","1,765,429,000,000","1,683,256,000,000","1,593,067,000,000","1,501,786,000,000","1,475,425,000,000",,,,"842,384,000,000","1,021,593,000,000","1,001,293,000,000","1,105,137,000,000","1,092,373,000,000","1,037,062,000,000","1,004,472,000,000","995,195,000,000","1,015,083,000,000","958,537,000,000","951,725,000,000","950,498,000,000"
				MachineryFurnitureEquipment,,"25,898,991,000,000",,,"21,404,728,000,000","20,940,604,000,000","20,849,658,000,000","19,802,680,000,000","20,006,550,000,000","19,003,069,000,000","18,440,369,000,000","17,975,733,000,000","16,545,831,000,000","16,107,981,000,000","15,527,628,000,000","15,254,736,000,000","15,035,684,000,000","14,635,284,000,000","14,559,974,000,000","14,484,679,000,000","14,365,400,000,000","14,026,693,000,000","13,492,255,000,000","13,449,537,000,000","13,100,023,000,000","12,889,468,000,000","12,856,340,000,000","12,352,823,000,000","12,106,963,000,000","11,923,818,000,000","11,406,570,000,000","11,119,936,000,000","11,059,070,000,000","10,977,237,000,000","10,586,448,000,000","10,509,468,000,000","10,300,221,000,000","9,659,826,000,000","9,017,205,000,000","8,799,889,000,000","8,510,551,000,000","8,254,952,000,000","8,052,961,000,000","7,702,210,000,000","7,582,081,000,000","7,516,847,000,000",,,,"2,066,830,000,000","5,224,890,000,000","5,076,711,000,000","5,671,253,000,000","6,105,515,000,000","5,515,963,000,000","5,358,102,000,000","5,194,530,000,000","5,700,543,000,000","4,605,629,000,000","4,578,749,000,000","4,360,958,000,000"
				OtherProperties,"25,232,426,000,000","3,073,609,000,000","22,793,052,000,000","21,851,947,000,000","2,756,598,000,000","2,438,793,000,000","2,384,934,000,000","2,333,792,000,000","2,410,809,000,000","2,343,038,000,000","2,160,769,000,000","2,094,238,000,000","1,917,450,000,000","1,722,952,000,000","1,442,420,000,000","1,426,492,000,000","1,416,552,000,000","1,401,968,000,000","1,457,101,000,000","1,428,099,000,000","1,399,744,000,000","1,384,868,000,000","1,334,429,000,000","1,384,195,000,000","1,356,871,000,000","1,334,592,000,000","1,346,891,000,000","1,295,461,000,000","1,245,861,000,000","1,230,711,000,000","1,145,882,000,000","1,166,760,000,000","1,167,421,000,000","1,145,710,000,000","1,109,579,000,000","1,097,860,000,000","1,076,744,000,000","1,011,840,000,000","1,001,107,000,000","982,350,000,000","868,868,000,000","849,572,000,000","829,963,000,000","799,776,000,000","725,696,000,000","726,668,000,000","5,391,927,000,000","5,207,871,000,000","4,982,344,000,000","10,666,000,000","506,184,000,000","503,121,000,000","511,613,000,000","0","507,205,000,000","503,764,000,000","505,490,000,000","12,935,000,000","394,712,000,000","390,676,000,000","386,139,000,000"
				ConstructionInProgress,,"3,922,001,000,000",,,"4,277,531,000,000","4,314,704,000,000","4,105,132,000,000","4,309,207,000,000","4,220,763,000,000","4,460,817,000,000","3,703,930,000,000","2,660,296,000,000","3,221,681,000,000","2,815,392,000,000","2,032,063,000,000","1,997,779,000,000","1,682,918,000,000","1,503,717,000,000","954,896,000,000","895,111,000,000","669,400,000,000","511,144,000,000","549,015,000,000","605,876,000,000","537,886,000,000","575,598,000,000","487,435,000,000","932,062,000,000","864,048,000,000","728,574,000,000","986,955,000,000","900,141,000,000","846,011,000,000","898,136,000,000","1,237,956,000,000","1,314,065,000,000","1,132,527,000,000","1,595,211,000,000","1,912,644,000,000","1,876,510,000,000","1,892,281,000,000","1,796,399,000,000","1,549,576,000,000","1,469,327,000,000","1,422,178,000,000","1,094,469,000,000",,,,"514,095,000,000","477,899,000,000","498,187,000,000","403,847,000,000","367,483,000,000","372,060,000,000","363,918,000,000","341,815,000,000","306,643,000,000","214,253,000,000","214,718,000,000","399,556,000,000"
			AccumulatedDepreciation,,"-17,009,071,000,000",,,"-15,124,119,000,000","-14,693,394,000,000","-14,738,888,000,000","-14,309,640,000,000","-14,360,821,000,000","-13,779,686,000,000","-13,404,776,000,000","-13,067,178,000,000","-12,813,140,000,000","-12,423,430,000,000","-12,201,047,000,000","-12,012,422,000,000","-11,735,632,000,000","-11,372,734,000,000","-11,319,678,000,000","-11,190,901,000,000","-10,913,807,000,000","-10,546,376,000,000","-10,101,874,000,000","-10,007,158,000,000","-9,662,398,000,000","-9,383,670,000,000","-9,264,532,000,000","-8,997,984,000,000","-8,807,280,000,000","-8,531,574,000,000","-8,246,467,000,000","-7,916,804,000,000","-7,723,112,000,000","-7,554,173,000,000","-7,320,747,000,000","-7,154,817,000,000","-6,870,269,000,000","-6,612,006,000,000","-6,434,194,000,000","-6,257,405,000,000","-6,072,101,000,000","-5,895,266,000,000","-5,753,807,000,000","-5,452,503,000,000","-5,500,765,000,000","-5,384,780,000,000",,,,,"-3,910,228,000,000","-3,821,514,000,000","-4,247,818,000,000","-4,195,936,000,000","-4,113,960,000,000","-4,035,116,000,000","-3,961,714,000,000","-3,911,227,000,000","-3,565,810,000,000","-3,493,006,000,000","-3,416,744,000,000"
		GoodwillAndOtherIntangibleAssets,"2,491,565,000,000","2,444,303,000,000","2,423,749,000,000","2,365,168,000,000","2,350,363,000,000","2,279,917,000,000","2,370,550,000,000","2,339,107,000,000","2,218,337,000,000","2,206,229,000,000","2,203,614,000,000","2,129,578,000,000","2,114,480,000,000","2,006,238,000,000","1,826,279,000,000","1,857,954,000,000","1,847,837,000,000","1,823,155,000,000","1,816,357,000,000","1,797,276,000,000","1,776,750,000,000","832,144,000,000","761,468,000,000","751,711,000,000","513,227,000,000","501,886,000,000","497,628,000,000","467,800,000,000","534,634,000,000","525,020,000,000","496,520,000,000","487,973,000,000","271,694,000,000","263,093,000,000","250,108,000,000","243,888,000,000","238,114,000,000","233,893,000,000","221,865,000,000","212,445,000,000","208,945,000,000","207,172,000,000","196,785,000,000","190,960,000,000","186,955,000,000","180,115,000,000","171,905,000,000","171,011,000,000","165,817,000,000","-97,284,000,000","-98,042,000,000","-108,497,000,000","-109,055,000,000","-112,884,000,000","-126,510,000,000","-166,068,000,000","-174,984,000,000","-182,776,000,000","-189,681,000,000","-192,096,000,000","-203,367,000,000"
			Goodwill,,"803,924,000,000",,,"893,605,000,000","887,037,000,000","1,012,940,000,000","1,017,117,000,000","1,020,857,000,000","1,010,534,000,000","1,022,826,000,000","1,018,642,000,000","1,016,856,000,000","1,006,450,000,000","929,476,000,000","930,322,000,000","925,132,000,000","925,593,000,000","932,672,000,000","932,005,000,000","929,795,000,000","252,253,000,000","222,201,000,000","224,896,000,000","141,859,000,000","143,599,000,000","145,714,000,000","139,096,000,000","212,461,000,000","211,521,000,000","200,584,000,000","200,584,000,000","33,415,000,000","33,415,000,000","33,415,000,000","33,415,000,000","33,415,000,000","33,415,000,000","33,415,000,000","33,415,000,000","33,415,000,000","33,415,000,000","33,415,000,000","33,415,000,000","33,415,000,000","33,415,000,000",,,,"28,285,000,000","29,568,000,000","30,850,000,000","32,133,000,000","33,415,000,000","34,698,000,000","9,454,000,000","10,084,000,000","10,714,000,000",,,
			OtherIntangibleAssets,"2,491,565,000,000","1,640,379,000,000","2,423,749,000,000","2,365,168,000,000","1,456,758,000,000","1,392,880,000,000","1,357,610,000,000","1,321,990,000,000","1,197,480,000,000","1,195,695,000,000","1,180,788,000,000","1,110,936,000,000","1,097,624,000,000","999,788,000,000","896,803,000,000","927,632,000,000","922,705,000,000","897,562,000,000","883,685,000,000","865,271,000,000","846,955,000,000","579,891,000,000","539,267,000,000","526,815,000,000","371,368,000,000","358,287,000,000","351,914,000,000","328,704,000,000","322,173,000,000","313,499,000,000","295,936,000,000","287,389,000,000","238,279,000,000","229,678,000,000","216,693,000,000","210,473,000,000","204,699,000,000","200,478,000,000","188,450,000,000","179,030,000,000","175,530,000,000","173,757,000,000","163,370,000,000","157,545,000,000","153,540,000,000","146,700,000,000","171,905,000,000","171,011,000,000","165,817,000,000","-125,569,000,000","-127,610,000,000","-139,347,000,000","-141,188,000,000","-146,299,000,000","-161,208,000,000","-175,522,000,000","-185,068,000,000","-193,490,000,000","-189,681,000,000","-192,096,000,000","-203,367,000,000"
		InvestmentProperties,"56,511,000,000","56,297,000,000","53,931,000,000","54,247,000,000","54,514,000,000","49,433,000,000","48,684,000,000","53,805,000,000","52,858,000,000","53,328,000,000","1,005,000,000","941,000,000","945,000,000","950,000,000","956,000,000","1,021,000,000","1,024,000,000","1,027,000,000","2,264,000,000","2,272,000,000","2,279,000,000","2,287,000,000","14,163,000,000","14,199,000,000",,,,,,,,,,,,,,,,,,,,,,,,,,,,,,,,,,,,,
		FinancialAssets,,"143,569,000,000","105,849,000,000","3,627,000,000",,,"3,127,000,000","1,234,000,000",,"10,492,000,000","33,355,000,000",,,,,,,,,,,,,,,,,,,,,,,,,,,,,,,,,,,,,,,"18,375,000,000","35,420,000,000","41,693,000,000","72,721,000,000","51,845,000,000","76,526,000,000","29,318,000,000","5,300,000,000","1,035,000,000",,,"180,000,000"
		NonCurrentPrepaidAssets,,,,,,,,,,,,,,,,,,,"97,584,000,000","99,023,000,000","96,125,000,000","47,037,000,000","34,708,000,000","34,393,000,000","36,198,000,000","29,118,000,000","31,473,000,000","30,337,000,000","30,124,000,000","30,982,000,000","31,475,000,000","32,011,000,000","34,406,000,000","36,133,000,000","37,575,000,000","40,071,000,000","40,472,000,000","40,997,000,000","42,158,000,000","44,055,000,000","45,157,000,000","45,939,000,000","47,493,000,000","46,859,000,000",,"45,819,000,000",,,,,"11,480,000,000","20,652,000,000","19,395,000,000",,"19,562,000,000","19,669,000,000","19,751,000,000",,"19,906,000,000","19,972,000,000","20,036,000,000"
		DefinedPensionBenefit,"12,773,000,000","45,050,000,000",,,,,,,,,,,,,,,,,,,,,,,,,,,,,,,,,,,,,,,,,,,,,,,,,,,,,,,,,,,
		OtherNonCurrentAssets,"74,223,000,000","-216,267,000,000","-152,256,000,000","48,833,000,000","70,167,000,000","87,345,000,000","144,739,000,000","153,836,000,000","149,746,000,000","123,448,000,000","16,345,000,000","78,387,000,000","116,122,000,000","112,380,000,000","97,823,000,000","103,643,000,000","103,810,000,000","104,163,000,000","10,922,000,000","10,916,000,000","10,914,000,000","10,920,000,000","10,914,000,000","10,928,000,000","10,920,000,000","10,919,000,000","46,988,000,000","48,078,000,000","58,631,000,000","58,638,000,000","94,000,000","94,000,000","100,000,000","98,000,000","70,000,000","73,000,000","69,000,000","25,000,000","40,267,000,000","27,000,000","35,622,000,000","27,000,000","26,000,000","28,938,000,000","45,418,000,000","27,000,000","36,377,000,000","36,468,000,000","35,068,000,000","62,288,000,000","49,100,000,000","49,054,000,000","60,573,000,000","78,667,000,000","60,851,000,000","60,833,000,000","59,965,000,000","75,067,000,000","49,606,000,000","49,580,000,000","34,626,000,000"
TotalLiabilitiesNetMinorityInterest,"28,926,355,000,000","27,925,314,000,000","27,143,387,000,000","25,243,950,000,000","25,064,731,000,000","22,598,454,000,000","21,198,289,000,000","20,733,879,000,000","19,705,039,000,000","16,640,637,000,000","16,039,976,000,000","15,156,692,000,000","14,012,994,000,000","11,622,009,000,000","11,161,946,000,000","10,390,608,000,000","9,905,259,000,000","8,702,644,000,000","7,585,752,000,000","7,136,483,000,000","7,265,334,000,000","6,436,093,000,000","6,367,397,000,000","6,362,347,000,000","5,753,936,000,000","5,475,206,000,000","5,467,764,000,000","5,734,051,000,000","5,922,022,000,000","5,861,794,000,000","6,165,798,000,000","5,830,517,000,000","6,594,417,000,000","5,720,802,000,000","6,030,623,000,000","6,645,732,000,000","6,641,946,000,000","5,815,798,000,000","6,377,631,000,000","5,832,428,000,000","6,604,850,000,000","5,577,875,000,000","5,551,758,000,000","5,441,591,000,000","5,741,833,000,000","4,829,624,000,000","4,657,230,000,000","5,144,899,000,000","5,092,460,000,000","2,874,492,000,000","2,981,745,000,000","2,898,960,000,000","3,631,572,000,000",,"3,734,203,000,000","3,208,133,000,000","3,221,193,000,000",,"3,080,402,000,000","3,131,558,000,000","3,271,766,000,000"
	CurrentLiabilities,"16,965,848,000,000","15,062,096,000,000","14,865,444,000,000","14,602,662,000,000","14,101,983,000,000","12,624,219,000,000","11,575,488,000,000","10,976,856,000,000","9,868,957,000,000","8,941,529,000,000","8,010,251,000,000","7,362,229,000,000","8,026,428,000,000","7,273,534,000,000","7,325,457,000,000","6,622,143,000,000","6,773,548,000,000","6,644,689,000,000","5,150,489,000,000","4,806,849,000,000","5,900,232,000,000","5,446,851,000,000","5,533,923,000,000","5,647,502,000,000","5,238,754,000,000","4,798,981,000,000","4,583,496,000,000","4,813,109,000,000","4,991,616,000,000","4,809,049,000,000","5,147,456,000,000","4,617,585,000,000","5,460,291,000,000","4,597,877,000,000","4,645,624,000,000","5,137,884,000,000","5,123,656,000,000","4,338,012,000,000","4,881,561,000,000","4,679,162,000,000","5,419,523,000,000","4,723,904,000,000","5,093,135,000,000","5,163,409,000,000","5,239,017,000,000","4,277,392,000,000","3,915,182,000,000","4,319,155,000,000","4,380,437,000,000","2,265,002,000,000","2,380,620,000,000","2,165,180,000,000","2,520,190,000,000","2,162,325,000,000","2,820,383,000,000","2,281,011,000,000","1,963,871,000,000","2,030,207,000,000","1,896,248,000,000","1,918,456,000,000","2,050,136,000,000"
		CurrentProvisions,"1,424,512,000,000","1,572,676,000,000","1,763,342,000,000","1,129,077,000,000","1,035,998,000,000","1,036,576,000,000","355,236,000,000","407,523,000,000","417,390,000,000","446,972,000,000","191,658,000,000","210,107,000,000","208,008,000,000","107,666,000,000","75,061,000,000","57,933,000,000","89,502,000,000","62,940,000,000","53,156,000,000","56,754,000,000","57,494,000,000","51,694,000,000","22,077,000,000","13,079,000,000","14,609,000,000","9,605,000,000","4,127,000,000","3,946,000,000","4,146,000,000","5,265,000,000","3,471,000,000","3,488,000,000","3,956,000,000","2,045,000,000","2,240,000,000","1,869,000,000","2,471,000,000","1,943,000,000","2,042,000,000","2,316,000,000","2,026,000,000","7,229,000,000","8,626,000,000","7,637,000,000","7,163,000,000","4,949,000,000","5,120,000,000","5,662,000,000","5,140,000,000","5,304,000,000","5,268,000,000","4,230,000,000","6,512,000,000",,,,,,,,
		CurrentDebtAndCapitalLeaseObligation,"4,370,159,000,000","3,477,080,000,000","3,388,860,000,000","3,040,286,000,000","1,774,976,000,000","1,548,815,000,000","2,509,078,000,000","2,860,214,000,000","2,431,233,000,000","1,356,097,000,000","1,743,523,000,000","1,431,852,000,000","1,630,131,000,000","1,613,146,000,000","2,037,418,000,000","1,903,102,000,000","1,593,245,000,000","1,451,324,000,000","1,361,389,000,000","1,454,444,000,000","2,174,888,000,000","2,212,641,000,000","2,890,001,000,000","2,952,977,000,000","2,349,663,000,000","2,150,778,000,000","2,120,998,000,000","2,293,332,000,000","2,225,358,000,000","2,205,720,000,000","2,561,391,000,000","2,189,766,000,000","2,530,874,000,000","2,206,848,000,000","2,087,064,000,000","2,112,758,000,000","1,875,758,000,000","1,751,781,000,000","1,789,312,000,000","1,791,779,000,000","1,900,822,000,000","1,837,637,000,000","2,298,004,000,000","2,247,504,000,000","1,929,584,000,000","1,620,581,000,000","1,529,975,000,000","1,901,794,000,000","1,859,780,000,000","454,648,000,000","559,702,000,000","569,138,000,000","691,443,000,000","575,142,000,000","775,051,000,000","465,787,000,000","157,315,000,000","366,283,000,000","453,399,000,000","463,545,000,000","538,339,000,000"
			CurrentDebt,"4,295,302,000,000","3,405,215,000,000","3,334,114,000,000","2,982,979,000,000","1,707,697,000,000","1,493,426,000,000","2,462,783,000,000","2,810,550,000,000","2,372,082,000,000","1,300,989,000,000","1,721,795,000,000","1,413,240,000,000","1,615,137,000,000","1,608,138,000,000","2,032,363,000,000","1,898,072,000,000","1,593,245,000,000","1,451,324,000,000","1,361,389,000,000","1,454,444,000,000","2,174,888,000,000","2,212,641,000,000","2,890,001,000,000","2,952,977,000,000","2,349,663,000,000","2,145,893,000,000","2,120,998,000,000","2,293,332,000,000","2,225,358,000,000","2,205,720,000,000","2,561,391,000,000","2,189,766,000,000","2,530,874,000,000","2,206,848,000,000","2,087,064,000,000","2,112,758,000,000","1,875,758,000,000","1,751,781,000,000","1,787,198,000,000","1,791,779,000,000","1,900,822,000,000","1,837,637,000,000","2,298,004,000,000","2,247,504,000,000","1,929,584,000,000","1,620,581,000,000","1,529,975,000,000","1,901,794,000,000","1,859,780,000,000","454,648,000,000","559,702,000,000","569,138,000,000","691,443,000,000","575,142,000,000","775,051,000,000","465,787,000,000","157,315,000,000","366,283,000,000","453,399,000,000","463,545,000,000","538,339,000,000"
			CurrentCapitalLeaseObligation,"74,857,000,000","71,865,000,000","54,746,000,000","57,307,000,000","67,279,000,000","55,389,000,000","46,295,000,000","49,664,000,000","59,151,000,000","55,108,000,000","21,728,000,000","18,612,000,000","14,994,000,000","5,008,000,000","5,055,000,000","5,030,000,000",,,,,,,,,,"4,885,000,000",,,,,,,,,,,,,"2,114,000,000",,,,,,,,,,,,,,,,,,,,,,
		OtherCurrentLiabilities,"5,892,000,000","79,000,000","111,000,000","537,000,000","3,953,000,000","4,875,000,000","13,035,000,000","32,666,000,000","33,986,000,000","25,157,000,000","21,488,000,000","24,471,000,000","16,849,000,000","11,700,000,000",,"37,689,000,000",,"1,857,064,000,000","1,127,223,000,000","1,016,066,000,000","970,704,000,000","977,806,000,000","891,471,000,000","845,313,000,000","896,930,000,000","832,495,000,000","794,845,000,000","803,323,000,000","522,000,000","496,000,000","153,267,000,000","126,785,000,000","87,809,000,000","60,900,000,000","62,033,000,000","47,425,000,000","65,822,000,000","56,819,000,000","1,006,835,000,000","898,612,000,000","967,415,000,000","55,516,000,000","1,047,759,000,000","937,288,000,000","72,275,000,000","21,599,000,000","94,778,000,000","76,416,000,000","360,382,000,000","4,362,000,000","4,178,000,000","3,144,000,000","3,616,000,000","4,333,000,000","2,739,000,000","2,370,000,000","2,504,000,000","1,785,000,000","502,000,000","1,000,000",
	TotalNonCurrentLiabilitiesNetMinorityInterest,"11,960,507,000,000","12,863,218,000,000","12,277,943,000,000","10,641,288,000,000","10,962,748,000,000","9,974,235,000,000","9,622,801,000,000","9,757,023,000,000","9,836,082,000,000","7,699,108,000,000","8,029,725,000,000","7,794,463,000,000","5,986,566,000,000","4,348,475,000,000","3,836,489,000,000","3,768,465,000,000","3,131,711,000,000","2,057,955,000,000","2,435,263,000,000","2,329,634,000,000","1,365,102,000,000","989,242,000,000","833,474,000,000","714,845,000,000","515,182,000,000","676,225,000,000","884,268,000,000","920,942,000,000","930,406,000,000","1,052,745,000,000","1,018,342,000,000","1,212,932,000,000","1,134,126,000,000","1,122,925,000,000","1,384,999,000,000","1,507,848,000,000","1,518,290,000,000","1,477,786,000,000","1,496,070,000,000","1,153,266,000,000","1,185,327,000,000","853,971,000,000","458,623,000,000","278,182,000,000","502,816,000,000","552,232,000,000","742,048,000,000","825,744,000,000","712,023,000,000","609,490,000,000","601,125,000,000","733,780,000,000","1,111,382,000,000",,"913,820,000,000","927,122,000,000","1,257,322,000,000",,"1,184,154,000,000","1,213,102,000,000","1,221,630,000,000"
		LongTermProvisions,"559,226,000,000","636,953,000,000","591,251,000,000","624,863,000,000","305,611,000,000","328,556,000,000","290,465,000,000","297,681,000,000","282,063,000,000","264,599,000,000","252,407,000,000","249,450,000,000","235,880,000,000","218,287,000,000","174,040,000,000","169,599,000,000","153,337,000,000","163,476,000,000","207,785,000,000","195,969,000,000","162,584,000,000","133,821,000,000","157,550,000,000","132,771,000,000","30,898,000,000","26,907,000,000","24,610,000,000","23,215,000,000","22,055,000,000","23,434,000,000","22,705,000,000","21,034,000,000","18,907,000,000","17,481,000,000","15,804,000,000","14,451,000,000","13,178,000,000","11,263,000,000","9,040,000,000","6,931,000,000","5,959,000,000","2,314,000,000",,,,,,,,,,,,,,,,,,,
		LongTermDebtAndCapitalLeaseObligation,"10,323,993,000,000","11,288,654,000,000","10,629,991,000,000","8,987,577,000,000","9,650,600,000,000","8,637,302,000,000","8,856,205,000,000","9,001,026,000,000","9,122,501,000,000","7,058,171,000,000","7,210,495,000,000","7,048,585,000,000","5,274,651,000,000","3,708,001,000,000","3,262,378,000,000","3,210,899,000,000","2,643,036,000,000","1,593,625,000,000","1,915,017,000,000","1,868,886,000,000","971,721,000,000","678,000,000,000","397,392,000,000","336,432,000,000","312,792,000,000","507,928,000,000","617,002,000,000","678,971,000,000","623,024,000,000","727,830,000,000","636,328,000,000","886,996,000,000","816,605,000,000","803,634,000,000","1,041,690,000,000","1,194,480,000,000","1,225,845,000,000","1,195,126,000,000","1,235,494,000,000","948,103,000,000","972,036,000,000","689,081,000,000","373,554,000,000","202,572,000,000","405,479,000,000","480,510,000,000","609,886,000,000","704,987,000,000","575,325,000,000","404,239,000,000","413,793,000,000","554,264,000,000","918,859,000,000","819,944,000,000","753,411,000,000","784,891,000,000","1,111,555,000,000","991,311,000,000","1,042,461,000,000","1,077,767,000,000","1,012,062,000,000"
			LongTermDebt,"10,073,057,000,000","11,041,274,000,000","10,426,817,000,000","8,789,735,000,000","9,424,375,000,000","8,508,066,000,000","8,746,921,000,000","8,890,335,000,000","8,894,307,000,000","6,836,034,000,000","7,100,213,000,000","6,950,322,000,000","5,184,924,000,000","3,684,765,000,000","3,236,883,000,000","3,185,563,000,000","2,615,499,000,000","1,566,258,000,000","1,885,368,000,000","1,839,459,000,000","939,939,000,000","647,728,000,000","364,947,000,000","304,238,000,000","278,440,000,000","473,842,000,000","580,771,000,000","641,892,000,000","623,024,000,000","727,830,000,000","636,328,000,000","886,996,000,000","816,605,000,000","803,634,000,000","1,039,998,000,000","1,192,559,000,000","1,223,344,000,000","1,192,052,000,000","1,231,868,000,000","943,925,000,000","967,327,000,000","683,847,000,000","367,814,000,000","196,327,000,000","398,750,000,000","473,298,000,000","602,211,000,000","696,849,000,000","566,741,000,000","404,239,000,000","413,793,000,000","554,264,000,000","918,859,000,000","819,944,000,000","753,411,000,000","784,891,000,000","1,111,555,000,000","991,311,000,000","1,042,461,000,000","1,077,767,000,000","1,012,062,000,000"
			LongTermCapitalLeaseObligation,"250,936,000,000","247,380,000,000","203,174,000,000","197,842,000,000","226,225,000,000","129,236,000,000","109,284,000,000","110,691,000,000","228,194,000,000","222,137,000,000","110,282,000,000","98,263,000,000","89,727,000,000","23,236,000,000","25,495,000,000","25,336,000,000","27,537,000,000","27,367,000,000","29,649,000,000","29,427,000,000","31,782,000,000","30,272,000,000","32,445,000,000","32,194,000,000","34,352,000,000","34,086,000,000","36,231,000,000","37,079,000,000",,,,,,,"1,692,000,000","1,921,000,000","2,501,000,000","3,074,000,000","3,626,000,000","4,178,000,000","4,709,000,000","5,234,000,000","5,740,000,000","6,245,000,000","6,729,000,000","7,212,000,000","7,675,000,000","8,138,000,000","8,584,000,000",,,,,,,,,,,,
		TradeandOtherPayablesNonCurrent,"16,103,000,000","15,623,000,000","13,336,000,000","11,839,000,000","11,788,000,000","11,927,000,000","11,951,000,000","13,909,000,000","11,487,000,000","10,951,000,000","10,555,000,000","9,793,000,000","9,680,000,000","9,984,000,000","10,137,000,000","10,265,000,000","10,181,000,000","8,646,000,000","8,756,000,000","8,620,000,000","11,305,000,000","14,307,000,000","6,699,000,000","6,955,000,000","19,194,000,000","1,680,000,000","30,744,000,000","17,238,000,000","41,136,000,000","54,645,000,000","56,215,000,000","62,049,000,000","65,549,000,000","76,346,000,000","4,740,000,000","4,826,000,000","4,820,000,000","15,070,000,000",,,,"41,329,000,000",,,"49,504,000,000","47,792,000,000","45,583,000,000","43,305,000,000","32,492,000,000","18,791,000,000","6,211,000,000","6,209,000,000","6,210,000,000","5,864,000,000","6,095,000,000","6,084,000,000","6,104,000,000","6,260,000,000","5,996,000,000","6,061,000,000","6,366,000,000"
		NonCurrentAccruedExpenses,"74,598,000,000","73,880,000,000","66,778,000,000","65,487,000,000","63,104,000,000","63,019,000,000","62,646,000,000","61,879,000,000","60,611,000,000","59,514,000,000","56,348,000,000","54,987,000,000","53,657,000,000","52,359,000,000","47,956,000,000","46,674,000,000","45,673,000,000","44,663,000,000","42,102,000,000",,"36,055,000,000","30,267,000,000","29,933,000,000","29,087,000,000","28,056,000,000","27,852,000,000","21,619,000,000","14,436,000,000","7,188,000,000",,,,,,,,,,,,,,,,,,,,,"10,200,000,000","7,650,000,000","5,100,000,000",,,,"5,805,000,000","7,504,000,000","26,518,000,000","17,820,000,000","7,580,000,000","3,099,000,000"
		DerivativeProductLiabilities,,"126,000,000",,"1,929,000,000","19,039,000,000","41,768,000,000",,,"12,306,000,000","930,000,000",,"18,138,000,000","30,827,000,000","30,384,000,000","2,442,000,000","534,000,000",,,,,,,,,,,,,,,,,,,,,,,,"58,000,000","55,000,000",,"912,000,000","1,010,000,000","1,205,000,000","1,545,000,000",,,"39,839,000,000","35,064,000,000","29,876,000,000","34,229,000,000","32,627,000,000","26,961,000,000","2,904,000,000",,"4,176,000,000","1,781,000,000","4,982,000,000","3,505,000,000","1,462,000,000"
		OtherNonCurrentLiabilities,,,,,,,,,,,,,,,,,,,,"38,875,000,000",,,,,,,,,,,,,,,,,,,"15,824,000,000","17,418,000,000","37,417,000,000",,"19,368,000,000","22,984,000,000",,,,,"71,000,000",,,,,,,,,,,,
TotalEquityGrossMinorityInterest,"35,491,100,000,000","23,209,988,000,000","22,678,596,000,000","21,491,059,000,000","19,648,076,000,000","18,790,440,000,000","18,820,580,000,000","17,842,416,000,000","17,416,089,000,000","17,383,789,000,000","17,490,783,000,000","17,278,855,000,000","17,199,291,000,000","17,322,128,000,000","17,257,314,000,000","17,008,674,000,000","16,510,240,000,000","16,338,577,000,000","16,121,798,000,000","15,534,636,000,000","14,905,845,000,000","14,050,967,000,000","13,672,294,000,000","13,463,761,000,000","13,106,349,000,000","13,103,522,000,000","12,979,509,000,000","12,612,275,000,000","12,225,541,000,000","12,265,852,000,000","12,095,892,000,000","11,833,674,000,000","11,693,699,000,000","11,725,662,000,000","11,567,667,000,000","11,313,234,000,000","10,868,862,000,000","10,765,355,000,000","10,542,451,000,000","10,139,437,000,000","9,785,830,000,000","9,707,679,000,000","9,389,371,000,000","8,765,500,000,000","8,184,817,000,000","7,843,835,000,000","7,397,160,000,000","6,845,929,000,000","6,163,301,000,000","5,484,335,000,000","5,284,025,000,000","4,778,495,000,000","4,991,053,000,000",,"4,776,437,000,000","4,406,779,000,000","3,994,767,000,000",,"3,160,897,000,000","2,948,352,000,000","2,670,644,000,000"
	StockholdersEquity,"30,321,838,000,000","21,693,784,000,000","21,325,100,000,000","20,396,987,000,000","18,793,974,000,000","18,039,121,000,000","18,166,708,000,000","17,367,261,000,000","17,005,632,000,000","17,004,977,000,000","17,175,932,000,000","17,021,849,000,000","16,932,873,000,000","17,083,044,000,000","17,026,142,000,000","16,794,058,000,000","16,310,915,000,000","16,168,527,000,000","15,965,562,000,000","15,413,093,000,000","14,784,066,000,000","13,937,352,000,000","13,587,842,000,000","13,382,959,000,000","12,990,867,000,000","12,991,465,000,000","12,862,123,000,000","12,476,433,000,000","12,095,476,000,000","12,139,945,000,000","11,989,091,000,000","11,720,779,000,000","11,568,309,000,000","11,596,946,000,000","11,437,909,000,000","11,176,022,000,000","10,726,067,000,000","10,629,299,000,000","10,404,560,000,000","10,005,317,000,000","9,627,846,000,000","9,553,482,000,000","9,235,221,000,000","8,627,253,000,000","8,029,406,000,000","7,703,473,000,000","7,275,688,000,000","6,730,251,000,000","6,042,897,000,000","5,484,335,000,000","5,284,025,000,000","4,778,495,000,000","4,991,053,000,000","4,889,694,000,000","4,776,437,000,000","4,406,779,000,000","3,994,767,000,000","3,878,196,000,000","3,160,897,000,000","2,948,352,000,000","2,670,644,000,000"
		CapitalStock,"391,406,000,000","391,406,000,000","391,406,000,000","391,406,000,000","391,406,000,000","391,406,000,000","391,406,000,000","391,406,000,000","391,406,000,000","391,406,000,000","391,406,000,000","391,406,000,000","391,406,000,000","391,406,000,000","391,406,000,000","391,406,000,000","391,406,000,000","391,406,000,000","391,406,000,000","391,406,000,000","391,406,000,000","369,500,000,000","369,500,000,000","369,500,000,000","369,500,000,000","369,500,000,000","369,500,000,000","369,500,000,000","369,500,000,000","369,500,000,000","369,500,000,000","369,500,000,000","369,500,000,000","369,500,000,000","369,500,000,000","369,500,000,000","369,500,000,000","369,500,000,000","369,500,000,000","369,500,000,000","369,500,000,000","369,500,000,000","369,500,000,000","369,500,000,000","369,500,000,000","369,500,000,000","369,500,000,000","369,500,000,000","369,500,000,000","369,500,000,000","369,500,000,000","369,500,000,000","419,500,000,000","419,500,000,000","419,500,000,000","419,500,000,000","419,500,000,000","419,500,000,000","365,432,000,000","365,432,000,000","365,432,000,000"
			PreferredStock,"38,444,000,000","38,444,000,000","38,444,000,000","38,444,000,000","38,444,000,000","38,444,000,000","38,444,000,000","38,444,000,000","38,444,000,000","38,444,000,000","38,444,000,000","38,444,000,000","38,444,000,000","38,444,000,000","38,444,000,000","38,444,000,000","38,444,000,000","38,444,000,000","38,444,000,000","38,444,000,000","38,444,000,000","38,144,000,000","38,144,000,000","38,144,000,000","38,144,000,000","38,144,000,000","38,144,000,000","38,144,000,000","38,144,000,000","38,144,000,000","38,144,000,000","38,144,000,000","38,144,000,000","38,144,000,000","38,144,000,000","38,145,000,000","38,144,000,000","38,144,000,000","38,144,000,000","38,144,605,000","38,144,000,000","38,144,000,000","38,144,000,000","38,144,500,000","38,144,000,000","38,144,000,000","38,144,000,000","38,144,000,000","38,145,000,000","38,144,000,000","38,144,000,000","38,144,000,000","43,306,000,000","43,306,000,000","43,306,000,000","43,306,000,000","43,306,000,000","43,306,000,000","43,306,000,000","43,306,000,000","43,306,000,000"
			CommonStock,"352,962,000,000","352,962,000,000","352,962,000,000","352,962,000,000","352,962,000,000","352,962,000,000","352,962,000,000","352,962,000,000","352,962,000,000","352,962,000,000","352,962,000,000","352,962,000,000","352,962,000,000","352,962,000,000","352,962,000,000","352,962,000,000","352,962,000,000","352,962,000,000","352,962,000,000","352,962,000,000","352,962,000,000","331,356,000,000","331,356,000,000","331,356,000,000","331,356,000,000","331,356,000,000","331,356,000,000","331,356,000,000","331,356,000,000","331,356,000,000","331,356,000,000","331,356,000,000","331,356,000,000","331,356,000,000","331,356,000,000","331,355,000,000","331,356,000,000","331,356,000,000","331,356,000,000","331,355,395,000","331,356,000,000","331,356,000,000","331,356,000,000","331,355,500,000","331,356,000,000","331,356,000,000","331,356,000,000","331,356,000,000","331,355,000,000","331,356,000,000","331,356,000,000","331,356,000,000","376,194,000,000","376,194,000,000","376,194,000,000","376,194,000,000","376,194,000,000","376,194,000,000","322,126,000,000","322,126,000,000","322,126,000,000"
		AdditionalPaidInCapital,"11,407,631,000,000","2,696,385,000,000","2,720,698,000,000","2,720,698,000,000","2,720,829,000,000","2,692,485,000,000","2,417,901,000,000","2,274,619,000,000","2,274,620,000,000","2,274,620,000,000","2,274,623,000,000","2,274,623,000,000","2,274,623,000,000","2,274,623,000,000","2,274,623,000,000","2,274,386,000,000","2,274,386,000,000","2,274,386,000,000","2,274,386,000,000","2,274,386,000,000","2,274,386,000,000","1,157,772,000,000","1,157,772,000,000","1,157,772,000,000","1,157,772,000,000","1,157,772,000,000","1,157,772,000,000","1,157,772,000,000","1,157,772,000,000","1,157,772,000,000","1,157,772,000,000","1,157,772,000,000","1,157,772,000,000","1,157,772,000,000","1,157,772,000,000","1,157,772,000,000","1,157,772,000,000","1,157,772,000,000","1,157,772,000,000","1,157,772,000,000","1,157,772,000,000","1,157,772,000,000","1,157,772,000,000","1,157,772,000,000","1,157,772,000,000","1,157,772,000,000","1,157,772,000,000","1,157,772,000,000","1,157,772,000,000","1,187,485,000,000","1,187,485,000,000","1,186,905,000,000","1,312,372,000,000","1,314,549,000,000","1,312,141,000,000","1,299,357,000,000","1,299,357,000,000","1,299,357,000,000","739,612,000,000","739,612,000,000","739,612,000,000"
		RetainedEarnings,"17,842,157,000,000","18,091,949,000,000","17,386,369,000,000","16,778,126,000,000","15,708,484,000,000","15,175,304,000,000","15,201,008,000,000","14,689,529,000,000","14,312,728,000,000","14,446,404,000,000","14,586,430,000,000","14,459,087,000,000","14,395,284,000,000","14,664,698,000,000","14,922,609,000,000","14,584,854,000,000","14,108,635,000,000","14,039,250,000,000","13,713,763,000,000","13,194,871,000,000","12,620,716,000,000","12,462,772,000,000","12,210,427,000,000","11,915,691,000,000","11,540,395,000,000","11,532,500,000,000","11,337,036,000,000","10,987,402,000,000","10,638,446,000,000","10,690,605,000,000","10,609,584,000,000","10,393,471,000,000","10,167,061,000,000","10,172,632,000,000","9,999,380,000,000","9,647,307,000,000","9,250,005,000,000","9,204,703,000,000","8,933,191,000,000","8,510,297,000,000","8,134,452,000,000","8,053,307,000,000","7,719,042,000,000","7,209,705,000,000","6,598,036,000,000","6,253,917,000,000","5,838,347,000,000","5,260,970,000,000","4,624,842,000,000","4,334,679,000,000","4,126,207,000,000","3,583,144,000,000","3,116,061,000,000","3,036,750,000,000","2,975,139,000,000","2,678,143,000,000","2,292,597,000,000","2,199,136,000,000","2,073,257,000,000","1,862,536,000,000","1,625,958,000,000"
		TreasuryStock,"18,011,000,000","18,011,000,000","21,397,000,000","21,397,000,000","21,397,000,000","35,699,000,000","226,254,000,000","354,945,000,000","354,945,000,000","354,945,000,000","354,945,000,000","354,945,000,000","354,945,000,000","354,945,000,000","354,945,000,000","354,945,000,000","354,945,000,000","354,945,000,000","354,945,000,000","354,945,000,000","354,945,000,000","15,484,000,000","15,484,000,000","15,484,000,000","15,484,000,000","15,484,000,000","15,484,000,000","15,484,000,000","15,484,000,000","15,484,000,000","15,484,000,000","15,484,000,000","15,484,000,000","15,484,000,000","15,484,000,000","15,484,000,000","15,484,000,000","15,484,000,000","15,484,000,000","15,484,000,000","15,484,000,000","15,484,000,000","15,484,000,000","15,484,000,000","15,484,000,000","15,484,000,000",,"15,484,000,000","15,484,000,000","15,484,000,000","15,484,000,000","15,484,000,000","14,976,000,000","14,976,000,000","15,245,000,000","23,475,000,000","23,475,000,000","23,475,000,000","23,129,000,000","23,129,000,000","23,129,000,000"
		OtherEquityInterest,,,,,,,,,,,,,,,,,,"-173,839,000,000","-53,104,000,000","-92,410,000,000","-147,282,000,000","-36,993,000,000","-134,158,000,000","-44,133,000,000","-61,101,000,000","-52,608,000,000","13,514,000,000","-22,542,000,000","-54,543,000,000","-62,233,000,000",,"-184,265,000,000","-110,325,000,000","-87,259,000,000","-73,044,000,000","17,142,000,000","-35,511,000,000","-86,977,000,000","-40,204,000,000","-16,553,000,000","-18,179,000,000",,"4,606,000,000","-94,025,000,000","-80,203,000,000","-62,017,000,000","-74,232,000,000","-42,545,000,000","-93,925,000,000","72,234,000,000","80,396,000,000","118,702,000,000","158,096,000,000","133,494,000,000","84,902,000,000","33,254,000,000","6,788,000,000","-16,322,000,000","5,725,000,000","3,901,000,000",
	MinorityInterest,"5,169,262,000,000","1,516,204,000,000","1,353,496,000,000","1,094,072,000,000","854,102,000,000","751,319,000,000","653,872,000,000","475,155,000,000","410,457,000,000","378,812,000,000","314,851,000,000","257,006,000,000","266,418,000,000","239,084,000,000","231,172,000,000","214,616,000,000","199,325,000,000","170,050,000,000","156,236,000,000","121,543,000,000","121,779,000,000","113,615,000,000","84,452,000,000","80,802,000,000","115,482,000,000","112,057,000,000","117,386,000,000","135,842,000,000","130,065,000,000","125,907,000,000","106,801,000,000","112,895,000,000","125,390,000,000","128,716,000,000","129,758,000,000","137,212,000,000","142,795,000,000","136,056,000,000","137,891,000,000","134,120,000,000","157,984,000,000","154,197,000,000","154,150,000,000","138,247,000,000","155,411,000,000","140,362,000,000","121,472,000,000","115,678,000,000","120,404,000,000",,,,,,,,,,,,
TotalCapitalization,"40,394,895,000,000","32,735,058,000,000","31,751,917,000,000","29,186,722,000,000","28,218,349,000,000","26,547,187,000,000","26,913,629,000,000","26,257,596,000,000","25,899,939,000,000","23,841,011,000,000","24,276,145,000,000","23,972,171,000,000","22,117,797,000,000","20,767,809,000,000","20,263,025,000,000","19,979,621,000,000","18,926,414,000,000","17,734,785,000,000","17,850,930,000,000","17,252,552,000,000","15,724,005,000,000","14,585,080,000,000","13,952,789,000,000","13,687,197,000,000","13,269,307,000,000","13,465,307,000,000","13,442,894,000,000","13,118,325,000,000","12,718,500,000,000","12,867,775,000,000","12,625,419,000,000","12,607,775,000,000","12,384,914,000,000","12,400,580,000,000","12,477,907,000,000","12,368,581,000,000","11,949,411,000,000","11,821,351,000,000","11,636,428,000,000","10,949,242,000,000","10,595,173,000,000","10,237,329,000,000","9,603,035,000,000","8,823,580,000,000","8,428,156,000,000","8,176,771,000,000","7,877,899,000,000","7,427,100,000,000","6,609,638,000,000","5,888,574,000,000","5,697,818,000,000","5,332,759,000,000","5,909,912,000,000","5,709,638,000,000","5,529,848,000,000","5,191,670,000,000","5,106,322,000,000","4,869,507,000,000","4,203,358,000,000","4,026,119,000,000","3,682,706,000,000"
PreferredStockEquity,"38,444,000,000","38,444,000,000","38,444,000,000","38,444,000,000","38,444,000,000","38,444,000,000","38,444,000,000","38,444,000,000","38,444,000,000","38,444,000,000","38,444,000,000","38,444,000,000","38,444,000,000","38,444,000,000","38,444,000,000","38,444,000,000","38,444,000,000","38,444,000,000","38,444,000,000","38,444,000,000","38,444,000,000","38,144,000,000","38,144,000,000","38,144,000,000","38,144,000,000","38,144,000,000","38,144,000,000","38,144,000,000","38,144,000,000","38,144,000,000","38,144,000,000","38,144,000,000","38,144,000,000","38,144,000,000","38,144,000,000","38,145,000,000","38,144,000,000","38,144,000,000","38,144,000,000","38,144,605,000","38,144,000,000","38,144,000,000","38,144,000,000","38,144,500,000","38,144,000,000","38,144,000,000","38,144,000,000","38,144,000,000","38,145,000,000","38,144,000,000","38,144,000,000","38,144,000,000","43,306,000,000","43,306,000,000","43,306,000,000","43,306,000,000","43,306,000,000","43,306,000,000","43,306,000,000","43,306,000,000","43,306,000,000"
CommonStockEquity,"30,283,394,000,000","21,655,340,000,000","21,286,656,000,000","20,358,543,000,000","18,755,530,000,000","18,000,677,000,000","18,128,264,000,000","17,328,817,000,000","16,967,188,000,000","16,966,533,000,000","17,137,488,000,000","16,983,405,000,000","16,894,429,000,000","17,044,600,000,000","16,987,698,000,000","16,755,614,000,000","16,272,471,000,000","16,130,083,000,000","15,927,118,000,000","15,374,649,000,000","14,745,622,000,000","13,899,208,000,000","13,549,698,000,000","13,344,815,000,000","12,952,723,000,000","12,953,321,000,000","12,823,979,000,000","12,438,289,000,000","12,057,332,000,000","12,101,801,000,000","11,950,947,000,000","11,682,635,000,000","11,530,165,000,000","11,558,802,000,000","11,399,765,000,000","11,137,877,000,000","10,687,923,000,000","10,591,155,000,000","10,366,416,000,000","9,967,172,395,000","9,589,702,000,000","9,515,338,000,000","9,197,077,000,000","8,589,108,500,000","7,991,262,000,000","7,665,329,000,000","7,237,544,000,000","6,692,107,000,000","6,004,752,000,000","5,446,191,000,000","5,245,881,000,000","4,740,351,000,000","4,947,747,000,000","4,846,388,000,000","4,733,131,000,000","4,363,473,000,000","3,951,461,000,000","3,834,890,000,000","3,117,591,000,000","2,905,046,000,000","2,627,338,000,000"
CapitalLeaseObligations,"325,793,000,000","319,245,000,000","257,920,000,000","255,149,000,000","293,504,000,000","184,625,000,000","155,579,000,000","160,355,000,000","287,345,000,000","277,245,000,000","132,010,000,000","116,875,000,000","104,721,000,000","28,244,000,000","30,550,000,000","30,366,000,000","27,537,000,000","27,367,000,000","29,649,000,000","29,427,000,000","31,782,000,000","30,272,000,000","32,445,000,000","32,194,000,000","34,352,000,000","38,971,000,000","36,231,000,000","37,079,000,000",,,,,,,"1,692,000,000","1,921,000,000","2,501,000,000","3,074,000,000","5,740,000,000","4,178,000,000","4,709,000,000","5,234,000,000","5,740,000,000","6,245,000,000","6,729,000,000","7,212,000,000","7,675,000,000","8,138,000,000","8,584,000,000",,,,,,,,,,,,
NetTangibleAssets,"27,830,273,000,000","19,249,481,000,000","18,901,351,000,000","18,031,819,000,000","16,443,611,000,000","15,759,204,000,000","15,796,158,000,000","15,028,154,000,000","14,787,295,000,000","14,798,748,000,000","14,972,318,000,000","14,892,271,000,000","14,818,393,000,000","15,076,806,000,000","15,199,863,000,000","14,936,104,000,000","14,463,078,000,000","14,345,372,000,000","14,149,205,000,000","13,615,817,000,000","13,007,316,000,000","13,105,208,000,000","12,826,374,000,000","12,631,248,000,000","12,477,640,000,000","12,489,579,000,000","12,364,495,000,000","12,008,633,000,000","11,560,842,000,000","11,614,925,000,000","11,492,571,000,000","11,232,806,000,000","11,296,615,000,000","11,333,853,000,000","11,187,801,000,000","10,932,134,000,000","10,487,953,000,000","10,395,406,000,000","10,182,695,000,000","9,792,872,000,000","9,418,901,000,000","9,346,310,000,000","9,038,436,000,000","8,436,293,000,000","7,842,451,000,000","7,523,358,000,000","7,103,783,000,000","6,559,240,000,000","5,877,080,000,000","5,581,619,000,000","5,382,067,000,000","4,886,992,000,000","5,100,108,000,000","5,002,578,000,000","4,902,947,000,000","4,572,847,000,000","4,169,751,000,000","4,060,972,000,000","3,350,578,000,000","3,140,448,000,000","2,874,011,000,000"
WorkingCapital,"15,798,824,000,000","5,351,724,000,000","5,671,319,000,000","4,513,571,000,000","4,846,196,000,000","3,695,481,000,000","4,302,663,000,000","3,998,655,000,000","4,125,469,000,000","2,928,195,000,000","4,849,908,000,000","5,938,958,000,000","5,171,809,000,000","4,814,978,000,000","6,112,233,000,000","6,004,875,000,000","5,480,099,000,000","4,560,892,000,000","5,595,475,000,000","5,143,221,000,000","3,748,737,000,000","3,780,083,000,000","3,742,384,000,000","3,312,462,000,000","3,706,323,000,000","3,856,624,000,000","3,830,420,000,000","3,366,921,000,000","3,100,512,000,000","3,337,772,000,000","3,421,950,000,000","3,484,318,000,000","3,406,200,000,000","3,433,740,000,000","3,574,198,000,000","3,353,686,000,000","3,128,743,000,000","3,114,926,000,000","3,128,904,000,000","2,609,416,000,000","2,627,378,000,000","2,532,308,000,000","2,299,986,000,000","1,926,388,000,000","1,972,760,000,000","2,014,285,000,000","2,205,833,000,000","1,933,651,000,000","1,402,306,000,000","1,376,667,000,000","1,278,827,000,000","939,116,000,000","1,122,654,000,000","1,115,159,000,000","971,020,000,000","926,834,000,000","1,024,367,000,000","808,443,000,000","322,867,000,000","160,361,000,000","-30,195,000,000"
InvestedCapital,"44,651,753,000,000","36,101,829,000,000","35,047,587,000,000","32,131,257,000,000","29,887,602,000,000","28,002,169,000,000","29,337,968,000,000","29,029,702,000,000","28,233,577,000,000","25,103,556,000,000","25,959,496,000,000","25,346,967,000,000","23,694,490,000,000","22,337,503,000,000","22,256,944,000,000","21,839,249,000,000","20,481,215,000,000","19,147,665,000,000","19,173,875,000,000","18,668,552,000,000","17,860,449,000,000","16,759,577,000,000","16,804,646,000,000","16,602,030,000,000","15,580,826,000,000","15,573,056,000,000","15,525,748,000,000","15,373,513,000,000","14,905,714,000,000","15,035,351,000,000","15,148,666,000,000","14,759,397,000,000","14,877,644,000,000","14,569,284,000,000","14,526,827,000,000","14,443,194,000,000","13,787,025,000,000","13,534,988,000,000","13,385,482,000,000","12,702,876,395,000","12,457,851,000,000","12,036,822,000,000","11,862,895,000,000","11,032,939,500,000","10,319,596,000,000","9,759,208,000,000","9,369,730,000,000","9,290,750,000,000","8,431,273,000,000","6,305,078,000,000","6,219,376,000,000","5,863,753,000,000","6,558,049,000,000","6,241,474,000,000","6,261,593,000,000","5,614,151,000,000","5,220,331,000,000","5,192,484,000,000","4,613,451,000,000","4,446,358,000,000","4,177,739,000,000"
TangibleBookValue,"27,791,829,000,000","19,211,037,000,000","18,862,907,000,000","17,993,375,000,000","16,405,167,000,000","15,720,760,000,000","15,757,714,000,000","14,989,710,000,000","14,748,851,000,000","14,760,304,000,000","14,933,874,000,000","14,853,827,000,000","14,779,949,000,000","15,038,362,000,000","15,161,419,000,000","14,897,660,000,000","14,424,634,000,000","14,306,928,000,000","14,110,761,000,000","13,577,373,000,000","12,968,872,000,000","13,067,064,000,000","12,788,230,000,000","12,593,104,000,000","12,439,496,000,000","12,451,435,000,000","12,326,351,000,000","11,970,489,000,000","11,522,698,000,000","11,576,781,000,000","11,454,427,000,000","11,194,662,000,000","11,258,471,000,000","11,295,709,000,000","11,149,657,000,000","10,893,989,000,000","10,449,809,000,000","10,357,262,000,000","10,144,551,000,000","9,754,727,395,000","9,380,757,000,000","9,308,166,000,000","9,000,292,000,000","8,398,148,500,000","7,804,307,000,000","7,485,214,000,000","7,065,639,000,000","6,521,096,000,000","5,838,935,000,000","5,543,475,000,000","5,343,923,000,000","4,848,848,000,000","5,056,802,000,000","4,959,272,000,000","4,859,641,000,000","4,529,541,000,000","4,126,445,000,000","4,017,666,000,000","3,307,272,000,000","3,097,142,000,000","2,830,705,000,000"
TotalDebt,"14,694,152,000,000","14,765,734,000,000","14,018,851,000,000","12,027,863,000,000","11,425,576,000,000","10,186,117,000,000","11,365,283,000,000","11,861,240,000,000","11,553,734,000,000","8,414,268,000,000","8,954,018,000,000","8,480,437,000,000","6,904,782,000,000","5,321,147,000,000","5,299,796,000,000","5,114,001,000,000","4,236,281,000,000","3,044,949,000,000","3,276,406,000,000","3,323,330,000,000","3,146,609,000,000","2,890,641,000,000","3,287,393,000,000","3,289,409,000,000","2,662,455,000,000","2,658,706,000,000","2,738,000,000,000","2,972,303,000,000","2,848,382,000,000","2,933,550,000,000","3,197,719,000,000","3,076,762,000,000","3,347,479,000,000","3,010,482,000,000","3,128,754,000,000","3,307,238,000,000","3,101,603,000,000","2,946,907,000,000","3,024,806,000,000","2,739,882,000,000","2,872,858,000,000","2,526,718,000,000","2,671,558,000,000","2,450,076,000,000","2,335,063,000,000","2,101,091,000,000","2,139,861,000,000","2,606,781,000,000","2,435,105,000,000","858,887,000,000","973,495,000,000","1,123,402,000,000","1,610,302,000,000","1,395,086,000,000","1,528,462,000,000","1,250,678,000,000","1,268,870,000,000","1,357,594,000,000","1,495,860,000,000","1,541,312,000,000","1,550,401,000,000"
NetDebt,"5,316,349,000,000","10,685,655,000,000","9,481,890,000,000","7,584,173,000,000","6,073,637,000,000","6,727,242,000,000","7,670,690,000,000","8,337,542,000,000","8,498,999,000,000","6,248,392,000,000","6,767,212,000,000","5,732,549,000,000","3,701,648,000,000","2,779,201,000,000","2,202,379,000,000","2,731,914,000,000","1,292,132,000,000","768,241,000,000","1,466,134,000,000","1,563,965,000,000","1,622,932,000,000","1,386,002,000,000","1,358,869,000,000","1,539,639,000,000","393,504,000,000","914,817,000,000","1,455,205,000,000","1,737,983,000,000","1,430,782,000,000","1,945,534,000,000","1,931,411,000,000","1,848,015,000,000","1,830,078,000,000","1,611,428,000,000","1,624,929,000,000","1,721,045,000,000","1,542,200,000,000","2,223,066,000,000","1,717,105,000,000","1,803,987,000,000","1,054,666,000,000","1,142,105,000,000","1,504,152,000,000","1,453,861,000,000","706,407,000,000","725,845,000,000","880,972,000,000","1,556,137,000,000","1,306,670,000,000",,"71,902,000,000","477,172,000,000","641,613,000,000",,"1,119,308,000,000","997,792,000,000","942,700,000,000",,"1,368,728,000,000","1,407,294,000,000","1,351,765,000,000"
ShareIssued,"70,598,384","70,592,343","70,592,343","70,592,343","70,592,343","70,592,343","70,592,343","70,592,343","70,608,710","70,592,343","70,592,343","70,592,343","70,592,343","70,592,343","70,592,343","70,592,343","70,608,710","70,592,343","70,592,343","70,592,343","70,592,343","66,271,100","66,271,100","66,271,100","66,271,100","66,271,100","66,271,100","66,271,100","66,271,100","66,271,100","66,271,100","66,271,100","66,271,100","66,271,100","66,271,100","66,271,100","66,271,100","66,271,100","66,271,100","66,271,100","66,271,100","66,271,100","66,271,100","66,271,100","66,271,100","66,271,100","66,271,100","66,271,100","65,911,322","73,894,503","66,271,100","66,271,100","75,238,770","83,896,362","75,238,770","75,238,770","75,238,770","83,896,362","64,425,064","64,425,064","64,425,064"
OrdinarySharesNumber,"70,224,814","70,224,814","70,218,729","70,218,729","70,218,729","70,127,501","69,413,864","68,939,926","68,939,926","68,939,926","68,939,926","68,939,926","68,939,926","68,939,926","68,939,927","68,939,927","68,939,927","68,939,927","68,939,927","68,939,927","68,939,927","65,911,305","65,911,305","65,911,305","65,911,305","65,911,305","65,911,305","65,911,305","65,911,305","65,911,305","65,911,308","65,911,308","65,911,308","65,911,308","65,911,310","65,911,310","65,911,310","65,911,310","65,911,316","65,911,316","65,911,316","65,911,316","65,911,319","65,911,319","65,911,319","65,911,319","65,911,322","65,911,322","65,911,322","73,534,725","65,911,328","65,911,328","74,849,856","83,507,448","74,842,861","74,628,861","74,628,861","83,286,453","63,818,179","63,818,182","63,818,182"
PreferredSharesNumber,"7,682,759","7,682,759","7,672,432","7,672,432","7,672,432","7,672,432","7,672,433","7,672,433","7,672,433","7,672,433","7,672,433","7,672,433","7,672,433","7,672,433","7,672,433","7,672,433","7,672,433","7,672,433","7,672,433","7,672,433","7,672,433","7,623,402","7,623,402","7,623,402","7,623,402","7,623,402","7,623,402","7,623,402","7,623,402","7,623,402","7,623,402","7,623,402","7,623,402","7,623,402","7,623,402","7,623,402","7,623,402","7,623,402","7,623,402","7,623,402","7,623,402","7,623,402","7,623,402","7,623,402","7,623,402","7,623,402","7,623,403","7,623,403","7,623,402","7,623,403","7,623,405","7,623,405","8,657,592","8,657,592","8,657,592","8,657,592","8,657,592","8,657,592","8,657,592","8,657,594","8,657,594"
TreasurySharesNumber,"367,529","367,529","373,614","373,614","373,614","464,842","1,178,479","1,652,417","1,652,417","1,652,417","1,652,417","1,652,417","1,652,417","1,652,417","1,652,416","1,652,416","1,652,416","1,652,416","1,652,416","1,652,416","1,652,416","359,795","359,795","359,795","359,795","359,795","359,795","359,795","359,795","359,795","359,792","359,792","359,792","359,792","359,790","359,790","359,790","359,790","359,784","359,784","359,784","359,784","359,781","359,781","359,781","359,781","359,778","359,778",,"359,778","359,772","359,772","388,914","388,914","395,909","609,909","609,909","609,909","606,885","606,882","606,882"