datetime,ALB_1_temp,ALB_1_humidity,ALB_1_windspeed,ALB_1_conditions
2015-01-01,-2.1,27.6,31.3,0
2015-01-02,-1.7,39.6,18.1,0
2015-01-03,0.4,45.4,24.9,0
2015-01-04,0.1,50.5,16.5,0
2015-01-05,3.3,49.7,15.9,0
2015-01-06,5.5,52.6,18.4,0
2015-01-07,6.9,52.4,18.9,0
2015-01-08,5.7,52.1,14.8,0
2015-01-09,5.5,52.9,17.6,2
2015-01-10,7.4,53.3,15.0,2
2015-01-11,4.2,63.3,15.8,0
2015-01-12,4.2,65.2,24.7,2
2015-01-13,4.0,53.1,39.9,0
2015-01-14,1.3,49.8,20.2,0
2015-01-15,0.8,37.7,15.8,0
2015-01-16,3.9,30.5,15.3,0
2015-01-17,5.4,45.3,15.1,0
2015-01-18,5.5,47.6,16.5,8
2015-01-19,6.3,41.5,21.7,0
2015-01-20,4.4,47.0,17.1,0
2015-01-21,4.2,40.5,28.5,0
2015-01-22,1.6,29.3,23.7,0
2015-01-23,5.4,28.2,34.6,0
2015-01-24,6.5,36.0,25.2,0
2015-01-25,8.9,38.5,20.4,0
2015-01-26,9.1,38.4,40.7,0
2015-01-27,7.7,76.7,28.0,4
2015-01-28,6.6,65.8,16.4,2
2015-01-29,7.4,60.2,16.6,2
2015-01-30,7.8,56.6,33.7,2
2015-01-31,7.5,44.4,40.8,2
2015-02-01,5.8,32.2,14.1,0
2015-02-02,6.8,37.9,15.9,0
2015-02-03,7.3,43.7,16.1,0
2015-02-04,7.0,40.4,16.4,0
2015-02-05,8.5,37.6,19.6,0
2015-02-06,11.9,26.9,34.8,0
2015-02-07,9.5,48.2,23.8,5
2015-02-08,9.5,66.4,32.5,2
2015-02-09,11.1,40.2,23.3,0
2015-02-10,7.1,33.9,17.8,0
2015-02-11,7.3,32.9,25.5,0
2015-02-12,8.1,27.2,19.6,0
2015-02-13,10.4,26.7,18.4,0
2015-02-14,10.5,29.2,17.1,0
2015-02-15,11.1,28.0,30.9,0
2015-02-16,9.0,23.4,30.3,0
2015-02-17,8.0,23.6,15.4,0
2015-02-18,9.2,26.1,17.8,0
2015-02-19,10.5,28.1,17.6,0
2015-02-20,11.2,26.3,31.9,0
2015-02-21,8.6,26.2,38.2,2
2015-02-22,3.5,54.2,27.5,10
2015-02-23,2.6,34.1,30.1,2
2015-02-24,5.6,18.4,32.2,0
2015-02-25,8.9,17.2,34.3,0
2015-02-26,7.7,28.1,40.7,0
2015-02-27,5.4,42.8,22.8,2
2015-02-28,3.1,54.7,24.4,2
2015-03-01,2.4,70.4,22.5,5
2015-03-02,2.4,68.9,22.9,10
2015-03-03,2.7,54.6,41.7,10
2015-03-04,3.2,34.6,20.9,0
2015-03-05,4.3,33.6,15.7,0
2015-03-06,7.6,26.5,19.1,0
2015-03-07,9.9,22.7,20.9,0
2015-03-08,11.1,23.9,25.1,0
2015-03-09,10.9,20.6,20.7,0
2015-03-10,10.5,20.2,22.4,0
2015-03-11,12.0,29.6,28.2,2
2015-03-12,11.0,43.9,24.6,0
2015-03-13,11.9,33.2,19.4,0
2015-03-14,13.9,25.1,20.5,0
2015-03-15,14.8,26.2,28.9,0
2015-03-16,14.9,28.4,28.9,0
2015-03-17,13.7,27.7,14.6,0
2015-03-18,13.8,28.6,25.8,0
2015-03-19,12.9,23.9,26.6,0
2015-03-20,12.3,13.5,22.3,0
2015-03-21,13.4,14.5,18.7,0
2015-03-22,12.2,21.3,17.8,2
2015-03-23,12.9,26.1,29.5,0
2015-03-24,12.1,30.7,34.8,0
2015-03-25,12.2,35.7,22.2,0
2015-03-26,14.2,28.5,24.9,0
2015-03-27,15.6,24.9,21.1,0
2015-03-28,16.3,19.5,27.0,0
2015-03-29,15.9,15.6,25.2,0
2015-03-30,15.1,16.6,19.7,0
2015-03-31,15.2,15.4,39.3,3
2015-04-01,11.2,21.6,41.8,0
2015-04-02,8.2,22.6,33.0,0
2015-04-03,7.9,16.0,19.0,0
2015-04-04,10.4,14.4,29.6,0
2015-04-05,11.6,13.0,38.9,0
2015-04-06,8.9,22.2,25.5,0
2015-04-07,7.3,30.8,42.4,2
2015-04-08,6.0,32.4,36.0,0
2015-04-09,7.9,29.1,24.6,0
2015-04-10,10.1,21.0,22.3,0
2015-04-11,11.5,19.5,25.3,0
2015-04-12,14.8,20.6,24.3,0
2015-04-13,15.3,16.0,36.9,0
2015-04-14,10.5,17.2,61.0,0
2015-04-15,6.8,19.3,45.3,0
2015-04-16,9.4,19.1,35.4,0
2015-04-17,13.3,19.7,27.6,0
2015-04-18,15.3,14.2,22.9,0
2015-04-19,16.3,15.7,27.2,0
2015-04-20,16.4,14.2,20.7,0
2015-04-21,15.8,16.5,24.9,0
2015-04-22,14.1,28.7,23.6,2
2015-04-23,12.7,46.7,24.8,5
2015-04-24,12.0,44.8,32.9,5
2015-04-25,8.8,40.6,48.9,5
2015-04-26,10.6,34.7,42.8,0
2015-04-27,14.4,23.2,26.6,0
2015-04-28,16.5,17.3,25.7,0
2015-04-29,18.1,17.0,16.5,0
2015-04-30,19.7,21.2,25.4,0
2015-05-01,19.1,24.6,32.5,0
2015-05-02,18.9,18.9,32.6,0
2015-05-03,18.4,22.3,25.8,0
2015-05-04,17.4,28.9,41.9,2
2015-05-05,17.0,31.3,33.5,2
2015-05-06,15.4,33.0,31.9,5
2015-05-07,10.5,45.2,37.8,5
2015-05-08,5.6,79.3,16.3,5
2015-05-09,13.1,49.2,30.2,5
2015-05-10,14.9,30.6,19.0,0
2015-05-11,16.6,26.9,34.6,0
2015-05-12,16.6,23.9,39.7,0
2015-05-13,15.0,20.7,37.7,0
2015-05-14,10.8,43.0,28.1,5
2015-05-15,7.9,67.4,25.8,5
2015-05-16,13.6,44.1,26.8,2
2015-05-17,14.6,40.4,34.4,2
2015-05-18,11.3,59.7,21.8,5
2015-05-19,13.3,53.3,23.0,2
2015-05-20,14.5,46.4,32.2,2
2015-05-21,14.0,43.0,33.0,2
2015-05-22,12.1,61.9,22.4,5
2015-05-23,13.7,57.4,41.1,5
2015-05-24,15.7,54.3,24.0,5
2015-05-25,17.6,43.5,25.4,2
2015-05-26,18.9,40.9,20.9,2
2015-05-27,20.5,32.5,24.1,0
2015-05-28,21.5,25.4,17.8,0
2015-05-29,23.2,22.0,23.5,0
2015-05-30,23.8,18.6,30.1,0
2015-05-31,23.9,18.3,37.6,0
2015-06-01,22.9,16.2,28.8,0
2015-06-02,21.2,17.3,20.8,0
2015-06-03,21.3,17.3,27.7,0
2015-06-04,17.7,36.5,31.4,5
2015-06-05,18.2,34.6,39.8,2
2015-06-06,16.2,45.6,31.1,5
2015-06-07,19.2,41.8,18.3,2
2015-06-08,22.4,27.2,18.9,0
2015-06-09,23.5,22.6,50.6,0
2015-06-10,20.6,45.5,39.2,5
2015-06-11,19.5,57.4,20.6,5
2015-06-12,23.3,43.1,22.9,2
2015-06-13,26.1,21.6,26.3,0
2015-06-14,27.4,19.5,23.0,0
2015-06-15,27.0,13.7,29.5,0
2015-06-16,26.0,9.9,19.7,0
2015-06-17,25.4,11.8,18.4,0
2015-06-18,26.6,12.4,23.0,0
2015-06-19,27.7,10.0,26.9,0
2015-06-20,28.1,9.3,28.8,0
2015-06-21,28.0,8.1,34.0,0
2015-06-22,25.9,9.5,20.6,0
2015-06-23,25.5,10.0,33.5,0
2015-06-24,25.9,9.7,27.1,0
2015-06-25,27.1,10.7,29.5,0
2015-06-26,27.5,12.9,33.6,0
2015-06-27,30.2,14.7,23.1,0
2015-06-28,28.6,19.0,32.8,0
2015-06-29,28.6,24.7,21.4,0
2015-06-30,27.9,29.5,29.9,3
2015-07-01,26.8,36.4,28.8,3
2015-07-02,27.0,39.3,24.6,5
2015-07-03,27.6,35.1,24.1,3
2015-07-04,24.4,36.7,31.9,5
2015-07-05,24.3,37.1,31.9,3
2015-07-06,24.5,29.5,33.6,0
2015-07-07,23.8,34.9,33.1,5
2015-07-08,22.7,34.5,40.3,5
2015-07-09,18.8,42.5,33.6,5
2015-07-10,19.0,39.1,25.6,5
2015-07-11,21.2,34.7,29.5,0
2015-07-12,22.6,27.2,28.9,0
2015-07-13,24.0,21.6,23.5,0
2015-07-14,24.7,19.4,32.0,0
2015-07-15,24.7,18.5,27.2,0
2015-07-16,24.9,17.5,24.8,0
2015-07-17,25.5,16.0,31.2,0
2015-07-18,23.7,26.6,46.5,0
2015-07-19,22.0,43.3,23.3,5
2015-07-20,21.4,50.1,34.6,5
2015-07-21,22.7,43.3,40.0,0
2015-07-22,22.7,41.2,33.1,5
2015-07-23,23.6,37.5,26.1,2
2015-07-24,23.9,25.4,15.3,0
2015-07-25,24.6,21.8,21.8,0
2015-07-26,25.0,18.6,31.4,0
2015-07-27,24.3,14.2,37.7,0
2015-07-28,24.1,15.1,19.6,0
2015-07-29,26.1,13.0,20.2,0
2015-07-30,25.4,22.1,30.5,0
2015-07-31,26.3,25.7,18.8,5
2015-08-01,23.7,39.0,31.9,5
2015-08-02,23.2,46.8,15.9,2
2015-08-03,25.6,26.9,23.5,0
2015-08-04,24.5,20.7,32.0,0
2015-08-05,25.4,18.9,16.4,0
2015-08-06,24.5,18.9,40.0,0
2015-08-07,21.1,39.5,63.1,3
2015-08-08,20.7,36.5,16.5,0
2015-08-09,23.4,22.1,27.5,0
2015-08-10,23.7,16.1,34.8,0
2015-08-11,24.0,15.4,44.6,0
2015-08-12,25.6,23.3,42.1,0
2015-08-13,26.0,26.5,37.2,0
2015-08-14,28.2,24.8,38.7,0
2015-08-15,26.9,19.2,24.1,0
2015-08-16,27.8,14.0,15.7,0
2015-08-17,28.1,13.9,19.9,0
2015-08-18,27.6,9.7,24.2,0
2015-08-19,27.1,11.9,21.8,0
2015-08-20,27.1,11.7,21.8,0
2015-08-21,25.5,14.7,31.7,0
2015-08-22,25.5,15.3,27.7,0
2015-08-23,24.9,16.2,24.6,3
2015-08-24,24.9,15.1,26.4,0
2015-08-25,25.1,15.2,25.3,0
2015-08-26,25.3,25.6,20.0,2
2015-08-27,25.2,27.2,15.8,0
2015-08-28,25.7,26.9,26.8,0
2015-08-29,25.8,22.8,37.4,0
2015-08-30,24.3,22.8,18.4,0
2015-08-31,23.9,17.8,27.6,3
2015-09-01,22.6,18.8,35.9,0
2015-09-02,22.3,17.2,34.8,0
2015-09-03,21.6,17.7,33.7,0
2015-09-04,19.5,20.9,30.1,0
2015-09-05,17.9,19.2,20.7,0
2015-09-06,18.9,16.4,24.8,0
2015-09-07,19.7,18.9,16.4,0
2015-09-08,21.9,15.0,20.6,0
2015-09-09,23.4,18.1,20.4,0
2015-09-10,25.0,17.6,20.6,0
2015-09-11,25.2,15.8,19.6,0
2015-09-12,24.8,16.5,24.1,0
2015-09-13,22.3,36.5,28.0,5
2015-09-14,18.7,55.0,38.4,5
2015-09-15,17.4,54.7,33.7,2
2015-09-16,18.4,39.1,23.5,2
2015-09-17,16.8,29.6,19.4,0
2015-09-18,17.9,24.8,21.7,0
2015-09-19,19.0,21.0,18.7,0
2015-09-20,20.4,16.2,16.6,0
2015-09-21,20.9,15.2,17.8,0
2015-09-22,21.3,20.1,18.4,0
2015-09-23,21.6,29.6,14.7,0
2015-09-24,22.1,23.3,25.4,0
2015-09-25,23.2,24.1,36.6,0
2015-09-26,23.0,28.9,31.0,0
2015-09-27,21.8,27.7,28.4,0
2015-09-28,19.9,21.1,14.6,0
2015-09-29,21.0,21.7,16.2,0
2015-09-30,20.5,23.8,14.6,0
2015-10-01,17.3,34.5,44.7,0
2015-10-02,15.6,48.1,43.5,2
2015-10-03,16.0,38.9,22.8,0
2015-10-04,11.4,72.7,27.0,5
2015-10-05,11.5,77.9,19.9,5
2015-10-06,13.9,65.6,17.8,5
2015-10-07,16.1,55.4,19.9,0
2015-10-08,18.2,44.4,19.6,0
2015-10-09,19.3,41.0,19.5,0
2015-10-10,18.8,41.0,29.2,0
2015-10-11,18.7,43.3,19.8,0
2015-10-12,19.3,36.6,24.1,0
2015-10-13,19.6,37.8,17.1,0
2015-10-14,19.5,40.9,18.2,0
2015-10-15,16.5,61.4,30.6,5
2015-10-16,14.5,75.7,18.8,5
2015-10-17,15.2,74.7,25.1,2
2015-10-18,13.0,75.5,32.4,5
2015-10-19,11.5,61.5,24.8,5
2015-10-20,11.5,58.7,37.1,2
2015-10-21,11.8,55.5,23.7,0
2015-10-22,11.6,55.9,19.6,0
2015-10-23,12.7,46.9,21.7,0
2015-10-24,13.0,45.8,13.9,0
2015-10-25,11.4,51.4,13.9,0
2015-10-26,10.6,48.8,18.4,0
2015-10-27,10.3,44.4,17.1,0
2015-10-28,12.1,52.0,27.0,5
2015-10-29,10.5,53.3,38.2,2
2015-10-30,11.1,40.4,29.8,0
2015-10-31,12.4,44.6,17.8,0
2015-11-01,12.7,42.5,22.3,0
2015-11-02,8.9,54.5,47.0,5
2015-11-03,4.8,63.1,34.8,5
2015-11-04,2.6,54.7,33.6,2
2015-11-05,1.4,52.8,13.7,0
2015-11-06,4.7,49.2,22.4,0
2015-11-07,4.0,54.1,17.1,0
2015-11-08,4.9,50.2,27.1,0
2015-11-09,5.2,51.1,28.8,10
2015-11-10,2.3,60.0,41.9,2
2015-11-11,1.6,45.6,21.7,0
2015-11-12,2.9,41.4,14.6,0
2015-11-13,4.5,42.5,15.9,0
2015-11-14,4.7,44.4,22.3,0
2015-11-15,3.9,44.5,43.9,2
2015-11-16,0.9,43.5,50.2,2
2015-11-17,5.9,35.0,35.9,0
2015-11-18,8.6,36.3,37.8,0
2015-11-19,7.7,39.4,25.4,0
2015-11-20,8.2,51.8,25.8,0
2015-11-21,5.9,42.6,19.4,0
2015-11-22,5.1,38.3,18.3,0
2015-11-23,3.9,39.5,17.6,0
2015-11-24,5.1,40.2,31.8,0
2015-11-25,1.1,43.6,33.6,2
2015-11-26,-1.3,51.5,28.4,2
2015-11-27,-1.3,49.3,32.3,2
2015-11-28,-3.6,50.1,19.6,0
2015-11-29,-2.9,46.2,18.5,0
2015-11-30,-2.9,42.7,17.6,0
2015-12-01,0.8,39.9,17.1,0
2015-12-02,1.5,44.7,16.4,0
2015-12-03,2.9,39.2,28.8,0
2015-12-04,3.0,36.6,21.2,0
2015-12-05,0.1,43.7,17.8,0
2015-12-06,1.2,42.2,16.5,0
2015-12-07,2.6,40.9,15.7,8
2015-12-08,4.9,54.4,20.7,0
2015-12-09,5.3,56.5,15.7,0
2015-12-10,6.0,47.8,42.1,0
2015-12-11,1.7,55.1,30.5,5
2015-12-12,1.8,49.4,25.3,0
2015-12-13,0.9,60.5,36.5,10
2015-12-14,-1.4,58.4,52.6,2
2015-12-15,-3.0,54.3,40.6,0
2015-12-16,-3.5,48.8,21.9,0
2015-12-17,-1.9,52.6,11.7,2
2015-12-18,-0.5,49.5,24.1,0
2015-12-19,-0.3,48.7,13.1,2
2015-12-20,-0.2,62.7,18.3,2
2015-12-21,-1.1,72.9,19.9,2
2015-12-22,5.5,58.4,35.0,10
2015-12-23,3.1,38.8,34.3,0
2015-12-24,-2.1,52.7,38.7,2
2015-12-25,-3.2,51.8,36.5,0
2015-12-26,-4.4,42.9,33.5,0
2015-12-27,-5.8,35.3,18.3,0
2015-12-28,-3.4,52.5,33.0,2
2015-12-29,-2.8,55.5,24.6,0
2015-12-30,-4.8,60.2,20.1,0
2015-12-31,-4.9,52.7,22.5,0
2016-01-01,-6.8,49.6,19.6,0
2016-01-02,-3.4,47.9,15.0,2
2016-01-03,0.0,50.6,19.4,2
2016-01-04,1.7,66.9,24.8,2
2016-01-05,2.7,88.8,32.9,9
2016-01-06,1.2,89.4,31.6,10
2016-01-07,0.2,77.4,41.2,10
2016-01-08,-1.8,63.3,29.0,0
2016-01-09,-3.4,66.6,17.6,2
2016-01-10,-1.1,66.2,20.6,2
2016-01-11,-3.9,62.1,21.7,0
2016-01-12,-3.6,56.5,17.1,0
2016-01-13,-0.6,51.3,15.7,0
2016-01-14,-0.2,54.5,17.2,2
2016-01-15,2.1,58.9,45.2,10
2016-01-16,0.9,63.2,12.5,2
2016-01-17,0.1,65.1,18.3,0
2016-01-18,2.7,71.3,19.8,2
2016-01-19,0.1,80.5,14.6,5
2016-01-20,0.7,82.6,19.4,2
2016-01-21,1.1,65.1,15.7,0
2016-01-22,2.3,62.6,22.0,0
2016-01-23,2.7,68.7,19.7,2
2016-01-24,2.4,58.1,19.6,2
2016-01-25,2.5,59.9,22.0,0
2016-01-26,2.4,55.2,21.4,0
2016-01-27,2.2,57.1,15.7,0
2016-01-28,3.6,53.9,16.4,0
2016-01-29,6.7,57.3,12.1,0
2016-01-30,4.8,70.1,23.8,5
2016-01-31,-0.1,85.5,42.9,10
2016-02-01,-4.6,66.6,39.4,2
2016-02-02,-10.2,66.1,24.9,2
2016-02-03,-7.9,68.6,17.1,2
2016-02-04,-4.4,71.7,18.3,0
2016-02-05,-3.2,67.0,19.3,0
2016-02-06,-1.8,66.4,18.4,0
2016-02-07,2.2,59.8,21.9,0
2016-02-08,4.2,59.1,24.3,0
2016-02-09,4.8,57.3,17.7,0
2016-02-10,5.2,56.1,18.8,0
2016-02-11,6.0,54.9,17.1,0
2016-02-12,6.5,54.3,20.1,3
2016-02-13,7.7,45.4,26.9,0
2016-02-14,8.1,47.9,38.2,0
2016-02-15,9.5,53.7,22.4,0
2016-02-16,8.7,49.4,15.3,0
2016-02-17,8.6,54.2,44.6,2
2016-02-18,5.8,60.4,34.3,5
2016-02-19,4.3,57.9,17.2,0
2016-02-20,6.7,51.3,15.1,0
2016-02-21,7.9,42.6,20.6,0
2016-02-22,8.7,30.4,45.3,0
2016-02-23,5.8,33.9,20.0,0
2016-02-24,5.8,44.4,18.9,0
2016-02-25,8.4,42.0,17.8,0
2016-02-26,10.0,37.7,26.4,0
2016-02-27,10.8,32.8,19.4,0
2016-02-28,12.1,33.1,18.1,0
2016-02-29,12.1,27.6,23.5,0
2016-03-01,11.0,36.3,21.1,0
2016-03-02,11.7,27.1,27.7,0
2016-03-03,10.4,32.0,17.8,0
2016-03-04,12.5,31.8,26.1,0
2016-03-05,11.9,42.9,39.0,2
2016-03-06,6.9,56.7,39.2,5
2016-03-07,2.4,70.6,30.0,10
2016-03-08,5.4,60.1,22.9,2
2016-03-09,8.4,49.6,19.1,0
2016-03-10,10.2,45.5,33.0,0
2016-03-11,9.2,43.2,63.8,5
2016-03-12,7.5,44.1,24.8,0
2016-03-13,7.4,54.9,31.0,0
2016-03-14,9.1,37.7,40.0,0
2016-03-15,8.9,29.8,27.8,0
2016-03-16,9.9,33.3,20.5,0
2016-03-17,10.9,32.5,23.0,0
2016-03-18,12.1,29.8,20.6,0
2016-03-19,12.5,30.9,21.8,0
2016-03-20,12.3,29.6,31.4,0
2016-03-21,11.8,29.6,37.1,0
2016-03-22,6.7,31.5,47.5,0
2016-03-23,6.8,33.0,24.6,0
2016-03-24,9.3,28.0,28.9,0
2016-03-25,12.1,22.3,38.1,0
2016-03-26,9.3,22.0,28.9,0
2016-03-27,10.5,24.8,29.6,0
2016-03-28,7.2,41.8,42.5,5
2016-03-29,3.2,50.3,42.5,2
2016-03-30,4.5,56.6,27.5,5
2016-03-31,8.4,47.0,32.4,0
2016-04-01,11.5,39.9,17.1,0
2016-04-02,12.9,36.2,19.7,0
2016-04-03,13.4,33.1,21.8,0
2016-04-04,13.7,30.4,18.5,0
2016-04-05,14.8,21.7,25.9,0
2016-04-06,15.5,24.4,24.9,0
2016-04-07,16.2,25.0,25.4,0
2016-04-08,12.8,48.2,31.0,5
2016-04-09,10.0,81.6,21.3,5
2016-04-10,10.8,65.2,16.5,5
2016-04-11,11.9,62.7,17.6,2
2016-04-12,13.0,55.8,22.3,0
2016-04-13,13.9,50.5,23.2,2
2016-04-14,12.8,22.6,42.4,0
2016-04-15,7.9,33.0,51.5,0
2016-04-16,11.4,26.5,34.0,0
2016-04-17,13.7,23.0,25.9,0
2016-04-18,15.0,24.0,25.1,0
2016-04-19,15.2,22.2,18.5,0
2016-04-20,16.1,23.5,21.7,0
2016-04-21,16.3,21.7,36.6,0
2016-04-22,14.3,28.4,48.4,5
2016-04-23,10.0,37.4,40.6,0
2016-04-24,9.5,42.5,30.7,5
2016-04-25,7.3,49.6,62.0,5
2016-04-26,11.0,36.9,29.4,2
2016-04-27,10.8,46.3,34.0,5
2016-04-28,9.7,51.2,50.5,2
2016-04-29,11.4,46.2,31.1,5
2016-04-30,11.2,47.5,40.7,1
2016-05-01,11.9,45.3,27.2,2
2016-05-02,12.7,45.2,27.7,2
2016-05-03,15.1,36.4,23.7,0
2016-05-04,17.2,27.3,41.6,0
2016-05-05,16.0,27.2,41.6,2
2016-05-06,10.3,61.6,33.4,5
2016-05-07,10.1,66.9,23.7,5
2016-05-08,12.1,68.2,21.2,5
2016-05-09,16.0,52.7,27.3,0
2016-05-10,16.5,27.2,35.3,0
2016-05-11,15.5,23.0,21.1,0
2016-05-12,18.5,22.4,19.3,0
2016-05-13,19.8,19.6,35.4,0
2016-05-14,18.6,23.0,33.0,0
2016-05-15,17.2,24.6,37.1,0
2016-05-16,15.7,33.6,33.0,2
2016-05-17,15.7,38.1,34.0,2
2016-05-18,19.3,30.9,20.1,5
2016-05-19,19.1,28.4,31.6,3
2016-05-20,15.9,18.3,42.2,2
2016-05-21,11.0,25.5,34.9,2
2016-05-22,12.3,36.2,35.3,5
2016-05-23,13.6,29.4,33.4,5
2016-05-24,12.3,50.6,51.8,5
2016-05-25,12.0,58.4,28.2,5
2016-05-26,14.8,45.8,25.9,2
2016-05-27,17.3,32.3,28.3,0
2016-05-28,18.0,34.9,28.9,5
2016-05-29,19.5,33.3,21.7,0
2016-05-30,22.0,24.8,28.3,0
2016-05-31,22.7,19.9,19.9,0
2016-06-01,23.7,17.7,21.1,3
2016-06-02,25.4,17.4,20.0,0
2016-06-03,25.3,13.9,20.1,3
2016-06-04,26.0,13.0,33.6,0
2016-06-05,25.4,15.6,30.9,0
2016-06-06,26.3,19.7,25.5,0
2016-06-07,27.5,22.0,23.5,0
2016-06-08,27.9,18.6,29.3,0
2016-06-09,26.7,12.4,33.7,0
2016-06-10,24.0,13.8,39.9,3
2016-06-11,18.9,36.3,29.5,5
2016-06-12,15.4,62.2,27.3,5
2016-06-13,18.9,42.4,21.9,0
2016-06-14,21.1,27.3,29.6,0
2016-06-15,20.0,23.3,43.5,3
2016-06-16,18.4,23.6,28.2,0
2016-06-17,20.5,19.8,35.3,0
2016-06-18,23.0,17.5,26.8,0
2016-06-19,24.1,17.6,28.3,3
2016-06-20,28.2,16.3,26.1,3
2016-06-21,29.2,17.5,20.9,0
2016-06-22,29.2,12.8,30.6,0
2016-06-23,27.6,9.7,31.7,0
2016-06-24,26.6,10.8,25.5,0
2016-06-25,26.0,11.3,21.9,0
2016-06-26,27.3,11.6,23.0,0
2016-06-27,28.8,13.4,22.2,0
2016-06-28,28.8,16.9,35.2,0
2016-06-29,27.5,27.9,30.9,2
2016-06-30,25.3,37.7,43.4,5
2016-07-01,23.8,43.3,43.9,3
2016-07-02,23.0,44.2,36.6,3
2016-07-03,24.8,30.5,23.2,0
2016-07-04,25.9,21.7,27.7,0
2016-07-05,26.4,16.0,22.4,0
2016-07-06,26.6,14.1,21.8,0
2016-07-07,25.7,17.2,31.7,0
2016-07-08,25.6,20.4,32.0,0
2016-07-09,25.7,20.4,39.5,0
2016-07-10,25.3,16.2,35.3,0
2016-07-11,22.5,14.0,26.1,0
2016-07-12,24.5,13.5,15.9,0
2016-07-13,26.4,11.5,19.8,0
2016-07-14,27.2,12.6,19.7,0
2016-07-15,28.1,12.4,25.5,0
2016-07-16,27.1,13.0,23.8,0
2016-07-17,26.3,12.5,34.3,0
2016-07-18,24.6,11.3,31.0,0
2016-07-19,24.8,13.0,30.0,0
2016-07-20,25.6,12.8,28.2,0
2016-07-21,26.2,15.7,25.9,0
2016-07-22,28.9,11.5,25.9,0
2016-07-23,28.4,8.8,22.0,0
2016-07-24,28.7,8.5,22.0,0
2016-07-25,28.7,10.6,19.7,0
2016-07-26,28.6,11.6,17.8,0
2016-07-27,29.6,13.6,23.2,0
2016-07-28,30.4,17.6,28.3,0
2016-07-29,29.6,23.4,29.3,0
2016-07-30,28.4,26.3,30.6,0
2016-07-31,28.2,27.0,34.9,0
2016-08-01,28.3,25.9,18.0,0
2016-08-02,28.9,22.1,26.9,0
2016-08-03,29.6,14.0,21.2,0
2016-08-04,26.9,19.9,28.4,0
2016-08-05,25.9,28.6,30.3,0
2016-08-06,24.9,14.7,32.5,0
2016-08-07,24.1,13.6,20.1,0
2016-08-08,24.2,10.0,27.8,0
2016-08-09,24.1,11.4,29.4,0
2016-08-10,22.9,13.3,23.5,0
2016-08-11,23.4,13.3,19.4,0
2016-08-12,24.1,10.6,17.6,0
2016-08-13,26.0,12.2,15.9,0
2016-08-14,26.8,13.6,24.1,0
2016-08-15,27.2,13.8,23.0,0
2016-08-16,25.5,13.2,25.7,0
2016-08-17,23.5,9.2,21.6,0
2016-08-18,23.5,9.2,18.2,0
2016-08-19,24.7,14.6,22.5,0
2016-08-20,26.5,16.8,25.7,0
2016-08-21,25.0,18.6,30.8,0
2016-08-22,23.1,26.6,29.4,2
2016-08-23,22.9,29.4,31.1,0
2016-08-24,24.8,17.3,22.9,0
2016-08-25,23.9,12.6,24.8,0
2016-08-26,22.9,14.9,29.3,0
2016-08-27,23.4,17.8,21.4,0
2016-08-28,23.3,17.9,14.4,0
2016-08-29,24.1,16.2,15.3,3
2016-08-30,24.9,15.6,26.4,0
2016-08-31,24.6,19.2,39.7,0
2016-09-01,24.0,17.5,38.9,0
2016-09-02,21.9,15.9,28.9,0
2016-09-03,20.7,16.0,25.3,0
2016-09-04,20.5,20.4,28.0,0
2016-09-05,18.3,20.4,21.4,0
2016-09-06,20.0,15.9,18.4,0
2016-09-07,20.8,15.3,23.8,0
2016-09-08,21.9,17.3,18.8,0
2016-09-09,23.5,17.4,21.4,0
2016-09-10,23.6,16.2,27.7,0
2016-09-11,22.9,20.6,23.0,0
2016-09-12,21.1,23.4,34.3,5
2016-09-13,15.6,38.8,39.9,5
2016-09-14,14.0,41.7,18.3,0
2016-09-15,16.9,22.9,19.9,0
2016-09-16,18.4,19.5,20.1,0
2016-09-17,19.4,18.5,22.0,0
2016-09-18,20.7,14.1,21.3,0
2016-09-19,21.4,14.1,17.1,0
2016-09-20,21.2,28.1,28.2,0
2016-09-21,19.0,54.5,35.3,5
2016-09-22,13.8,39.2,45.9,0
2016-09-23,12.6,39.8,45.8,3
2016-09-24,17.0,29.4,27.7,0
2016-09-25,19.2,22.6,20.1,0
2016-09-26,19.2,25.8,20.1,0
2016-09-27,19.3,24.7,16.1,0
2016-09-28,18.7,32.4,30.9,0
2016-09-29,18.6,42.3,22.4,0
2016-09-30,18.5,37.3,26.4,0
2016-10-01,17.6,30.4,27.6,0
2016-10-02,13.6,25.2,42.4,0
2016-10-03,10.5,28.8,31.9,0
2016-10-04,11.5,38.4,18.4,0
2016-10-05,10.8,25.9,39.6,0
2016-10-06,10.1,27.9,18.4,0
2016-10-07,11.9,23.7,18.3,0
2016-10-08,14.5,19.9,17.8,0
2016-10-09,15.0,19.6,23.4,0
2016-10-10,15.9,22.3,23.2,0
2016-10-11,15.3,22.1,17.1,0
2016-10-12,15.4,19.7,19.8,0
2016-10-13,14.7,26.3,25.3,0
2016-10-14,17.1,24.4,39.8,0
2016-10-15,17.0,32.9,32.0,0
2016-10-16,16.5,40.7,46.3,0
2016-10-17,13.9,33.3,23.7,0
2016-10-18,10.6,29.7,24.9,3
2016-10-19,10.4,32.3,21.8,0
2016-10-20,11.4,20.4,19.6,3
2016-10-21,12.6,18.8,20.2,0
2016-10-22,13.4,19.5,23.8,3
2016-10-23,14.0,25.0,41.3,0
2016-10-24,15.4,52.0,41.2,2
2016-10-25,12.9,50.2,19.1,2
2016-10-26,13.4,46.3,33.2,0
2016-10-27,14.6,50.5,30.2,5
2016-10-28,13.6,62.6,32.4,5
2016-10-29,11.3,65.4,26.5,0
2016-10-30,15.4,56.8,50.2,5
2016-10-31,10.1,55.0,19.7,0
2016-11-01,8.8,47.8,24.9,0
2016-11-02,7.8,41.9,18.9,0
2016-11-03,9.3,30.3,17.1,0
2016-11-04,11.2,32.6,20.2,3
2016-11-05,10.5,40.9,17.8,3
2016-11-06,9.6,43.9,15.1,0
2016-11-07,11.0,39.3,16.4,3
2016-11-08,11.9,35.8,17.1,0
2016-11-09,11.7,37.4,17.1,0
2016-11-10,11.1,37.4,18.4,0
2016-11-11,10.4,38.1,23.1,0
2016-11-12,10.2,36.4,15.1,0
2016-11-13,8.7,37.6,17.8,3
2016-11-14,9.0,31.9,17.1,0
2016-11-15,8.9,32.0,19.4,0
2016-11-16,6.5,32.2,52.6,0
2016-11-17,1.0,36.4,21.7,0
2016-11-18,2.2,25.5,24.1,0
2016-11-19,5.1,18.0,29.1,6
2016-11-20,8.2,31.0,35.8,5
2016-11-21,6.9,63.5,40.7,5
2016-11-22,2.8,58.0,15.7,0
2016-11-23,2.6,50.3,40.0,0
2016-11-24,0.1,42.4,17.8,0
2016-11-25,1.0,35.6,17.0,0
2016-11-26,3.0,28.2,50.4,0
2016-11-27,1.4,57.8,47.1,10
2016-11-28,1.5,62.1,42.5,10
2016-11-29,0.2,54.5,24.2,0
2016-11-30,-2.1,58.9,16.4,0
2016-12-01,0.9,55.3,26.6,2
2016-12-02,-0.8,44.3,34.8,0
2016-12-03,2.5,38.0,31.0,0
2016-12-04,2.7,44.7,15.9,0
2016-12-05,5.3,31.5,24.6,0
2016-12-06,3.2,31.2,36.4,0
2016-12-07,-1.2,45.1,22.0,0
2016-12-08,0.5,41.6,15.7,2
2016-12-09,0.7,59.4,13.3,0
2016-12-10,4.3,64.5,16.4,2
2016-12-11,6.9,50.9,16.9,2
2016-12-12,6.3,38.7,21.1,2
2016-12-13,4.6,41.5,15.8,2
2016-12-14,3.3,66.9,21.7,0
2016-12-15,8.1,58.5,32.3,5
2016-12-16,5.4,57.3,41.9,5
2016-12-17,-2.4,42.6,38.5,0
2016-12-18,-3.9,43.7,22.0,0
2016-12-19,-3.6,46.3,17.7,0
2016-12-20,-0.4,40.7,15.3,0
2016-12-21,2.4,50.6,19.3,2
2016-12-22,2.0,64.2,19.4,0
2016-12-23,0.2,81.8,25.3,5
2016-12-24,-0.3,67.4,43.9,10
2016-12-25,-5.7,58.7,34.8,0
2016-12-26,-9.1,63.6,17.6,0
2016-12-27,-5.7,63.5,14.4,0
2016-12-28,-2.7,70.0,15.3,0
2016-12-29,-0.9,67.6,15.7,0
2016-12-30,-1.0,70.6,15.7,0
2016-12-31,-1.7,77.0,17.6,2
2017-01-01,-0.5,72.2,24.2,0
2017-01-02,2.1,40.0,21.8,0
2017-01-03,1.4,57.5,20.1,2
2017-01-04,2.1,90.7,16.5,9
2017-01-05,1.2,79.5,49.9,7
2017-01-06,-4.3,56.2,19.1,0
2017-01-07,-1.6,67.6,20.4,10
2017-01-08,2.6,78.7,35.3,10
2017-01-09,5.3,68.7,25.8,5
2017-01-10,3.7,63.4,28.3,5
2017-01-11,3.8,74.0,29.6,10
2017-01-12,2.1,81.3,25.5,5
2017-01-13,1.5,79.1,23.5,10
2017-01-14,0.3,71.6,19.4,0
2017-01-15,-0.2,67.0,21.9,0
2017-01-16,0.0,53.6,40.1,0
2017-01-17,-0.9,56.2,17.1,0
2017-01-18,0.6,59.0,21.2,2
2017-01-19,1.9,83.0,15.7,10
2017-01-20,0.2,89.1,37.7,10
2017-01-21,0.9,75.3,18.4,2
2017-01-22,0.6,89.5,40.8,10
2017-01-23,-1.1,83.3,27.7,10
2017-01-24,-6.4,70.5,23.2,0
2017-01-25,-7.7,68.9,17.8,2
2017-01-26,-5.8,71.5,18.8,2
2017-01-27,-5.0,63.3,25.5,0
2017-01-28,-3.8,61.1,15.9,0
2017-01-29,-1.7,62.3,19.1,0
2017-01-30,-0.6,66.5,15.9,0
2017-01-31,0.5,66.0,15.1,0
2017-02-01,2.1,68.7,14.4,0
2017-02-02,3.9,65.2,14.8,0
2017-02-03,4.2,76.9,23.0,5
2017-02-04,3.5,78.8,13.7,2
2017-02-05,3.4,77.3,18.4,0
2017-02-06,5.7,73.9,24.0,5
2017-02-07,6.9,78.5,22.1,5
2017-02-08,6.8,82.3,15.9,2
2017-02-09,10.0,69.8,35.4,2
2017-02-10,8.8,68.5,18.1,5
2017-02-11,5.6,68.7,25.5,5
2017-02-12,4.8,51.9,27.7,0
2017-02-13,5.7,46.8,26.0,0
2017-02-14,6.4,45.0,20.7,0
2017-02-15,6.1,50.3,16.4,0
2017-02-16,6.8,49.0,22.9,0
2017-02-17,4.6,82.9,50.0,5
2017-02-18,4.3,86.2,32.9,5
2017-02-19,5.0,80.6,24.8,2
2017-02-20,6.1,85.0,39.2,5
2017-02-21,7.8,64.7,40.8,0
2017-02-22,2.8,48.2,49.3,2
2017-02-23,-0.7,43.4,34.5,0
2017-02-24,-1.7,52.0,15.1,0
2017-02-25,-0.1,52.7,15.8,0
2017-02-26,1.5,53.9,28.3,0
2017-02-27,2.0,55.9,23.6,5
2017-02-28,1.2,43.8,26.5,0
2017-03-01,2.4,43.0,17.8,0
2017-03-02,4.5,41.0,17.8,0
2017-03-03,5.7,35.6,19.1,0
2017-03-04,7.0,33.1,36.1,0
2017-03-05,3.2,39.5,39.6,10
2017-03-06,-1.0,42.4,24.1,0
2017-03-07,3.4,46.4,17.1,0
2017-03-08,8.1,46.7,19.6,0
2017-03-09,10.1,41.4,15.3,0
2017-03-10,11.5,39.1,18.9,0
2017-03-11,11.1,40.1,20.6,0
2017-03-12,12.6,32.8,16.5,0
2017-03-13,12.7,30.9,21.6,0
2017-03-14,13.0,31.5,21.4,0
2017-03-15,13.5,31.0,27.3,0
2017-03-16,12.5,34.1,15.1,0
2017-03-17,14.0,37.3,28.0,0
2017-03-18,15.5,32.7,35.3,0
2017-03-19,13.6,33.4,31.1,0
2017-03-20,15.5,23.9,38.7,0
2017-03-21,12.0,44.7,33.1,5
2017-03-22,8.4,56.0,37.2,5
2017-03-23,7.9,42.7,42.0,0
2017-03-24,8.7,46.6,38.4,2
2017-03-25,9.9,46.6,26.4,5
2017-03-26,8.6,48.9,22.2,2
2017-03-27,8.3,38.7,46.4,0
2017-03-28,8.9,35.1,33.5,0
2017-03-29,12.4,34.5,24.6,0
2017-03-30,6.6,49.7,67.4,2
2017-03-31,5.7,49.9,55.8,2
2017-04-01,11.4,42.0,29.0,0
2017-04-02,12.7,40.6,36.3,0
2017-04-03,10.0,34.8,46.1,0
2017-04-04,10.1,23.8,23.8,2
2017-04-05,13.4,26.5,34.3,0
2017-04-06,15.7,25.0,39.2,0
2017-04-07,12.2,49.4,30.3,5
2017-04-08,6.7,55.4,42.5,5
2017-04-09,4.8,45.7,16.4,0
2017-04-10,8.2,41.9,17.8,0
2017-04-11,10.5,35.7,19.4,2
2017-04-12,12.6,39.0,41.3,0
2017-04-13,12.7,28.6,40.6,0
2017-04-14,8.7,29.4,23.6,0
2017-04-15,11.1,30.9,19.5,0
2017-04-16,14.0,35.3,33.5,0
2017-04-17,14.6,43.9,28.9,2
2017-04-18,12.2,56.6,41.8,5
2017-04-19,10.4,42.9,15.8,0
2017-04-20,13.2,23.4,34.2,0
2017-04-21,13.1,30.8,25.9,0
2017-04-22,14.9,33.3,29.2,0
2017-04-23,14.8,28.5,37.8,0
2017-04-24,13.6,31.2,40.6,2
2017-04-25,12.4,28.5,44.7,0
2017-04-26,15.1,38.2,44.8,2
2017-04-27,13.3,27.8,52.1,0
2017-04-28,8.7,27.9,41.3,2
2017-04-29,10.1,29.5,27.7,0
2017-04-30,13.7,31.3,28.3,0
2017-05-01,17.5,28.0,36.9,0
2017-05-02,17.8,30.9,30.7,0
2017-05-03,19.3,29.2,24.6,0
2017-05-04,20.6,27.3,21.7,0
2017-05-05,20.3,25.4,34.2,0
2017-05-06,16.6,30.3,41.8,2
2017-05-07,9.2,69.7,21.4,5
2017-05-08,11.4,73.6,25.4,5
2017-05-09,15.7,47.6,32.4,0
2017-05-10,17.3,36.6,24.9,0
2017-05-11,18.7,42.1,36.6,0
2017-05-12,16.7,30.6,45.7,0
2017-05-13,11.6,20.8,39.2,0
2017-05-14,13.0,26.6,32.0,0
2017-05-15,9.8,48.8,26.3,5
2017-05-16,10.9,56.1,28.8,2
2017-05-17,11.8,34.8,49.9,2
2017-05-18,12.2,32.0,38.7,0
2017-05-19,14.8,32.1,23.5,0
2017-05-20,17.7,29.1,15.9,0
2017-05-21,20.3,26.0,20.7,0
2017-05-22,20.8,26.1,21.1,0
2017-05-23,22.5,25.9,19.4,0
2017-05-24,22.2,22.1,40.6,0
2017-05-25,21.3,16.0,28.3,0
2017-05-26,19.3,19.6,28.2,0
2017-05-27,18.4,23.4,19.1,0
2017-05-28,19.9,18.8,19.6,0
2017-05-29,21.4,19.0,20.9,0
2017-05-30,22.0,19.2,33.0,0
2017-05-31,18.9,26.3,34.8,0
2017-06-01,19.0,30.5,16.6,0
2017-06-02,22.5,23.8,18.4,0
2017-06-03,23.3,20.5,28.8,0
2017-06-04,23.4,22.9,33.0,0
2017-06-05,23.8,19.7,26.7,0
2017-06-06,23.5,18.7,33.7,0
2017-06-07,23.4,16.9,36.4,0
2017-06-08,22.5,19.9,31.7,0
2017-06-09,21.4,29.2,35.3,0
2017-06-10,20.4,27.2,26.9,0
2017-06-11,14.9,26.0,48.1,2
2017-06-12,11.4,36.2,38.5,2
2017-06-13,16.3,33.4,27.5,0
2017-06-14,21.0,24.5,16.6,0
2017-06-15,23.4,21.8,17.1,0
2017-06-16,26.3,19.9,21.2,0
2017-06-17,28.5,23.9,21.1,0
2017-06-18,29.1,25.8,23.7,0
2017-06-19,30.0,21.8,25.9,0
2017-06-20,29.8,19.9,30.9,0
2017-06-21,28.5,16.0,29.1,0
2017-06-22,29.5,18.9,24.3,0
2017-06-23,29.0,16.4,25.9,0
2017-06-24,28.8,16.4,30.6,0
2017-06-25,29.4,15.5,22.4,0
2017-06-26,27.6,17.7,34.7,0
2017-06-27,26.0,12.2,23.7,0
2017-06-28,25.4,12.3,27.2,0
2017-06-29,25.6,16.5,20.6,0
2017-06-30,26.7,14.1,18.1,0
2017-07-01,26.7,14.6,37.6,0
2017-07-02,25.9,17.2,29.5,0
2017-07-03,26.1,16.0,24.9,0
2017-07-04,26.2,12.4,19.8,0
2017-07-05,27.2,14.5,24.8,0
2017-07-06,28.9,19.3,26.7,0
2017-07-07,29.1,21.2,37.0,3
2017-07-08,29.6,20.9,33.7,0
2017-07-09,27.6,28.4,34.0,3
2017-07-10,26.2,37.7,32.3,0
2017-07-11,25.9,32.9,29.6,0
2017-07-12,26.7,24.7,33.6,0
2017-07-13,27.4,27.3,28.9,0
2017-07-14,27.8,26.3,20.5,0
2017-07-15,29.0,20.4,29.6,0
2017-07-16,29.8,17.3,31.1,0
2017-07-17,30.1,14.9,33.5,0
2017-07-18,28.2,15.8,25.8,0
2017-07-19,27.3,18.3,27.1,0
2017-07-20,27.0,24.8,24.3,0
2017-07-21,26.9,16.0,23.8,0
2017-07-22,27.9,20.0,31.2,0
2017-07-23,28.7,25.2,45.7,3
2017-07-24,25.2,43.6,35.9,5
2017-07-25,22.6,57.7,30.7,5
2017-07-26,23.4,52.6,30.7,3
2017-07-27,27.3,33.7,26.0,3
2017-07-28,28.3,26.5,24.1,0
2017-07-29,28.5,22.7,27.7,0
2017-07-30,29.2,22.2,35.3,0
2017-07-31,28.2,24.9,26.5,0
2017-08-01,29.8,20.6,19.9,0
2017-08-02,27.7,29.0,31.4,0
2017-08-03,25.6,41.7,31.9,3
2017-08-04,23.5,56.8,34.8,3
2017-08-05,23.7,50.3,32.6,3
2017-08-06,23.8,48.0,23.6,5
2017-08-07,24.5,39.8,27.0,3
2017-08-08,25.1,33.5,24.4,0
2017-08-09,24.9,27.1,26.4,0
2017-08-10,25.5,24.4,26.1,0
2017-08-11,25.0,21.6,29.5,0
2017-08-12,25.5,22.3,19.9,0
2017-08-13,25.0,20.1,23.5,0
2017-08-14,23.6,21.9,23.7,0
2017-08-15,24.3,25.0,18.8,0
2017-08-16,24.0,28.9,29.1,2
2017-08-17,24.9,29.4,19.4,0
2017-08-18,25.8,24.0,29.6,0
2017-08-19,25.8,24.5,24.1,0
2017-08-20,24.7,26.2,27.1,0
2017-08-21,22.2,32.2,19.1,0
2017-08-22,23.1,36.7,25.9,0
2017-08-23,23.6,30.3,20.5,0
2017-08-24,24.0,29.6,26.3,0
2017-08-25,24.9,29.6,19.8,0
2017-08-26,25.6,27.7,18.4,0
2017-08-27,26.6,26.7,23.0,0
2017-08-28,27.5,25.4,17.8,0
2017-08-29,27.8,24.0,27.2,0
2017-08-30,23.2,45.5,27.8,5
2017-08-31,22.3,46.5,29.5,3
2017-09-01,23.1,39.0,20.1,0
2017-09-02,25.8,26.8,21.1,0
2017-09-03,24.8,34.6,31.7,0
2017-09-04,25.2,40.1,24.5,0
2017-09-05,26.0,32.4,39.0,0
2017-09-06,23.3,35.0,28.2,3
2017-09-07,22.8,35.8,39.2,0
2017-09-08,21.2,33.9,35.8,2
2017-09-09,19.9,43.9,23.5,0
2017-09-10,21.5,44.7,19.1,0
2017-09-11,22.2,43.6,30.8,5
2017-09-12,22.7,43.8,26.8,0
2017-09-13,21.6,42.7,32.3,5
2017-09-14,19.8,43.3,23.6,2
2017-09-15,18.2,36.1,31.2,0
2017-09-16,16.7,31.6,25.8,0
2017-09-17,18.7,32.0,18.8,0
2017-09-18,18.8,37.3,30.9,0
2017-09-19,19.1,27.6,23.0,0
2017-09-20,18.6,31.6,36.1,0
2017-09-21,10.9,50.5,37.4,2
2017-09-22,8.6,53.1,29.2,2
2017-09-23,10.1,51.0,29.5,2
2017-09-24,10.1,48.5,18.9,0
2017-09-25,12.4,48.9,23.5,0
2017-09-26,14.1,47.4,24.1,0
2017-09-27,14.5,43.7,19.4,0
2017-09-28,15.1,39.4,20.7,0
2017-09-29,16.2,38.3,21.8,0
2017-09-30,17.4,38.2,26.4,0
2017-10-01,15.6,37.1,37.0,0
2017-10-02,10.5,38.0,28.2,0
2017-10-03,10.3,43.4,42.5,2
2017-10-04,10.9,53.0,23.0,0
2017-10-05,12.1,41.9,20.0,0
2017-10-06,13.6,38.9,22.0,0
2017-10-07,14.5,37.3,19.7,0
2017-10-08,13.1,37.4,49.1,0
2017-10-09,8.7,39.7,28.3,0
2017-10-10,9.2,33.8,22.3,0
2017-10-11,11.5,29.1,20.7,0
2017-10-12,11.1,20.9,27.6,0
2017-10-13,9.4,16.2,20.1,0
2017-10-14,11.3,22.6,32.3,0
2017-10-15,9.6,19.3,21.2,0
2017-10-16,11.1,14.9,24.1,0
2017-10-17,12.6,15.2,18.4,0
2017-10-18,14.3,22.2,17.1,0
2017-10-19,13.7,27.6,19.6,0
2017-10-20,11.5,25.5,46.6,0
2017-10-21,8.7,35.2,18.7,0
2017-10-22,12.2,34.0,19.3,0
2017-10-23,16.4,26.5,23.2,0
2017-10-24,16.2,35.2,24.9,0
2017-10-25,13.9,27.2,17.1,0
2017-10-26,15.1,23.7,21.7,0
2017-10-27,15.5,26.8,18.3,0
2017-10-28,14.6,23.9,18.4,0
2017-10-29,13.8,29.5,16.4,0
2017-10-30,13.8,29.8,15.8,0
2017-10-31,12.0,35.0,21.9,0
2017-11-01,10.0,41.5,18.2,0
2017-11-02,9.1,56.1,37.1,0
2017-11-03,7.4,64.7,23.2,2
2017-11-04,6.9,56.8,25.9,0
2017-11-05,6.4,49.2,14.4,0
2017-11-06,5.2,41.0,17.8,0
2017-11-07,4.4,33.3,18.3,0
2017-11-08,5.5,38.1,24.6,0
2017-11-09,8.0,50.6,19.8,0
2017-11-10,5.7,49.8,16.4,0
2017-11-11,5.6,40.1,21.7,0
2017-11-12,5.4,44.0,17.1,0
2017-11-13,5.8,43.5,16.4,0
2017-11-14,7.7,36.5,18.4,0
2017-11-15,8.9,35.4,22.8,0
2017-11-16,10.3,53.0,36.5,0
2017-11-17,6.9,56.3,45.1,3
2017-11-18,1.3,43.6,20.9,0
2017-11-19,2.4,31.2,18.3,0
2017-11-20,8.0,29.1,13.9,2
2017-11-21,10.4,51.6,15.1,0
2017-11-22,10.7,52.7,15.7,0
2017-11-23,10.3,50.8,16.4,0
2017-11-24,10.2,39.2,23.1,0
2017-11-25,10.1,31.5,16.5,0
2017-11-26,12.0,37.3,30.1,0
2017-11-27,8.4,47.1,40.0,5
2017-11-28,3.0,56.0,17.1,0
2017-11-29,4.8,49.4,16.4,0
2017-11-30,3.5,51.9,14.6,0
2017-12-01,3.1,47.6,17.1,0
2017-12-02,2.6,48.3,17.1,0
2017-12-03,2.6,39.7,52.4,0
2017-12-04,-1.2,45.7,29.4,0
2017-12-05,-0.8,40.1,27.0,0
2017-12-06,2.6,32.9,27.7,0
2017-12-07,2.9,30.4,25.9,0
2017-12-08,4.4,27.3,21.6,0
2017-12-09,2.9,26.5,20.1,0
2017-12-10,2.2,20.3,18.9,0
2017-12-11,1.5,17.5,20.2,0
2017-12-12,1.6,16.6,19.6,0
2017-12-13,4.0,16.2,23.2,0
2017-12-14,6.9,24.1,28.9,0
2017-12-15,2.7,30.9,15.3,0
2017-12-16,3.2,42.7,40.2,2
2017-12-17,-0.1,39.9,31.1,0
2017-12-18,0.6,42.9,15.1,0
2017-12-19,1.8,49.1,14.6,0
2017-12-20,-0.6,47.6,49.4,0
2017-12-21,-2.7,47.1,39.5,0
2017-12-22,-2.8,31.2,20.2,0
2017-12-23,3.1,23.7,17.0,0
2017-12-24,4.2,25.2,13.5,2
2017-12-25,5.2,36.6,16.4,0
2017-12-26,5.3,37.0,20.3,0
2017-12-27,2.9,29.5,19.1,0
2017-12-28,2.8,26.5,18.4,0
2017-12-29,3.2,26.5,17.1,0
2017-12-30,2.5,27.1,17.6,0
2017-12-31,2.9,27.9,17.8,0
2018-01-01,4.3,30.3,17.3,0
2018-01-02,3.8,43.9,18.3,0
2018-01-03,4.5,40.2,16.4,0
2018-01-04,4.8,33.5,15.7,0
2018-01-05,5.4,51.3,16.5,0
2018-01-06,7.0,60.7,26.4,2
2018-01-07,3.5,59.2,17.6,0
2018-01-08,5.0,76.2,27.5,5
2018-01-09,5.9,93.2,30.6,4
2018-01-10,5.2,78.1,30.0,2
2018-01-11,3.8,70.9,13.5,0
2018-01-12,4.9,60.2,24.9,0
2018-01-13,5.4,51.5,20.6,0
2018-01-14,5.4,59.5,17.8,0
2018-01-15,6.5,58.7,17.8,0
2018-01-16,7.0,56.0,14.8,0
2018-01-17,5.3,60.9,14.6,0
2018-01-18,5.8,61.2,18.1,0
2018-01-19,5.3,55.8,31.0,10
2018-01-20,0.5,52.1,37.1,2
2018-01-21,-1.1,48.5,22.0,0
2018-01-22,-0.7,51.0,15.8,0
2018-01-23,0.6,55.8,13.5,0
2018-01-24,1.8,50.3,27.1,0
2018-01-25,1.2,42.4,33.0,2
2018-01-26,-1.4,42.2,17.1,0
2018-01-27,2.6,42.0,17.0,0
2018-01-28,5.5,49.9,20.7,0
2018-01-29,5.7,42.3,25.9,0
2018-01-30,6.8,35.5,18.9,0
2018-01-31,7.3,33.6,22.9,0
2018-02-01,8.7,31.7,24.2,0
2018-02-02,9.6,40.2,18.9,0
2018-02-03,10.8,37.1,28.9,0
2018-02-04,9.0,41.7,23.5,0
2018-02-05,9.1,36.4,24.2,0
2018-02-06,9.2,28.0,34.9,0
2018-02-07,6.1,29.7,15.9,0
2018-02-08,8.0,30.9,17.8,0
2018-02-09,9.8,29.0,29.5,0
2018-02-10,6.1,27.4,54.3,0
2018-02-11,1.1,25.0,28.9,0
2018-02-12,1.6,56.0,24.0,10
2018-02-13,1.4,55.5,18.3,2
2018-02-14,1.9,50.4,15.1,0
2018-02-15,3.0,38.2,33.0,0
2018-02-16,2.4,31.2,29.0,0
2018-02-17,4.9,34.1,25.7,0
2018-02-18,5.1,29.7,45.4,0
2018-02-19,-3.0,39.4,48.2,2
2018-02-20,-4.3,36.4,17.7,2
2018-02-21,-2.0,27.6,13.9,2
2018-02-22,-3.1,44.9,35.8,2
2018-02-23,-3.3,54.5,38.6,2
2018-02-24,-3.3,43.3,43.0,0
2018-02-25,0.3,42.1,30.3,0
2018-02-26,0.4,43.3,26.1,2
2018-02-27,-0.1,62.8,36.6,10
2018-02-28,0.7,49.8,21.9,0
2018-03-01,4.1,52.9,46.1,2
2018-03-02,7.1,50.9,44.0,2
2018-03-03,1.5,55.2,34.1,2
2018-03-04,-1.8,46.5,29.5,0
2018-03-05,-0.1,36.6,20.2,0
2018-03-06,2.8,32.2,18.3,0
2018-03-07,4.3,29.8,19.4,0
2018-03-08,6.0,31.4,17.8,0
2018-03-09,8.5,29.1,19.0,0
2018-03-10,9.3,42.8,24.6,2
2018-03-11,9.4,66.8,18.7,2
2018-03-12,9.2,58.6,18.4,2
2018-03-13,11.6,52.6,38.2,2
2018-03-14,7.0,62.9,29.0,5
2018-03-15,2.9,47.9,25.4,2
2018-03-16,3.6,49.1,36.5,10
2018-03-17,2.1,42.5,24.9,2
2018-03-18,2.9,37.7,21.7,0
2018-03-19,6.2,32.5,22.3,2
2018-03-20,7.5,30.6,27.1,2
2018-03-21,8.4,68.1,26.5,2
2018-03-22,9.8,81.3,41.9,4
2018-03-23,7.7,63.6,29.6,5
2018-03-24,7.2,34.5,26.4,0
2018-03-25,4.4,31.1,32.0,0
2018-03-26,3.7,32.2,28.9,0
2018-03-27,7.7,33.6,39.9,0
2018-03-28,12.2,36.1,29.6,0
2018-03-29,13.1,29.9,30.6,0
2018-03-30,12.4,29.1,19.4,0
2018-03-31,13.9,24.9,18.9,0
2018-04-01,15.1,22.7,18.8,0
2018-04-02,13.7,23.6,45.7,0
2018-04-03,11.2,19.2,27.7,0
2018-04-04,13.6,22.4,15.3,0
2018-04-05,17.0,26.9,29.0,2
2018-04-06,16.5,43.3,30.0,2
2018-04-07,15.4,46.5,44.7,5
2018-04-08,11.9,20.6,26.5,0
2018-04-09,13.7,21.3,21.4,0
2018-04-10,16.5,20.5,30.9,0
2018-04-11,17.7,19.3,44.1,0
2018-04-12,7.6,23.8,48.1,0
2018-04-13,8.4,27.7,32.8,0
2018-04-14,11.4,23.1,24.1,0
2018-04-15,13.8,19.4,40.2,0
2018-04-16,9.5,27.9,41.2,2
2018-04-17,5.6,36.7,33.0,0
2018-04-18,8.8,24.0,38.2,0
2018-04-19,7.0,48.0,50.2,2
2018-04-20,12.3,38.5,41.3,0
2018-04-21,14.4,25.4,16.5,0
2018-04-22,17.3,24.2,19.1,0
2018-04-23,18.2,22.8,21.1,0
2018-04-24,17.9,19.5,22.4,0
2018-04-25,19.2,19.4,18.8,0
2018-04-26,19.8,19.8,26.9,0
2018-04-27,18.6,18.7,44.8,0
2018-04-28,15.7,14.7,37.8,0
2018-04-29,13.1,25.8,36.9,0
2018-04-30,9.4,42.7,38.2,5
2018-05-01,9.2,54.0,35.1,5
2018-05-02,11.6,36.5,28.3,2
2018-05-03,14.3,27.0,18.9,0
2018-05-04,17.1,23.2,17.8,0
2018-05-05,18.6,20.3,30.9,0
2018-05-06,20.1,17.1,39.5,0
2018-05-07,22.1,14.9,19.1,0
2018-05-08,22.9,13.9,22.5,0
2018-05-09,23.1,16.9,33.7,0
2018-05-10,21.2,17.9,31.9,0
2018-05-11,15.7,26.9,53.1,2
2018-05-12,10.4,42.5,42.1,2
2018-05-13,12.1,56.3,34.7,5
2018-05-14,14.3,49.4,23.3,2
2018-05-15,16.0,41.9,20.9,2
2018-05-16,15.8,31.6,36.6,0
2018-05-17,15.9,34.6,33.8,0
2018-05-18,18.3,36.9,27.2,2
2018-05-19,15.9,52.4,22.4,5
2018-05-20,16.0,49.2,32.4,5
2018-05-21,12.8,70.3,22.9,5
2018-05-22,15.3,58.1,17.6,5
2018-05-23,18.8,44.1,29.3,2
2018-05-24,19.7,33.3,41.6,0
2018-05-25,18.1,28.4,36.9,3
2018-05-26,15.1,46.8,40.5,5
2018-05-27,15.5,47.7,32.4,5
2018-05-28,19.3,38.9,26.2,2
2018-05-29,21.4,31.2,19.8,0
2018-05-30,23.2,25.3,33.7,2
2018-05-31,19.6,26.5,37.4,0
2018-06-01,19.0,19.2,27.3,0
2018-06-02,21.9,19.1,22.9,0
2018-06-03,24.2,16.2,21.9,0
2018-06-04,25.6,15.4,28.2,0
2018-06-05,24.1,15.5,26.5,0
2018-06-06,22.7,17.4,32.8,0
2018-06-07,21.5,18.6,21.8,0
2018-06-08,23.8,16.4,22.2,0
2018-06-09,22.6,15.8,39.8,0
2018-06-10,19.4,13.6,37.9,0
2018-06-11,22.7,16.4,18.1,0
2018-06-12,25.6,14.0,23.1,0
2018-06-13,26.2,15.3,31.4,0
2018-06-14,25.3,16.1,23.2,0
2018-06-15,24.6,18.6,34.8,0
2018-06-16,22.8,18.3,34.2,0
2018-06-17,19.4,26.4,35.0,0
2018-06-18,19.3,30.9,25.4,0
2018-06-19,22.4,25.0,21.9,0
2018-06-20,26.2,19.6,27.1,0
2018-06-21,26.9,11.6,28.9,0
2018-06-22,26.3,10.6,19.6,0
2018-06-23,27.1,11.2,26.3,0
2018-06-24,26.7,12.8,24.8,0
2018-06-25,27.9,14.4,25.1,0
2018-06-26,28.4,13.7,31.0,0
2018-06-27,27.5,14.8,30.2,0
2018-06-28,26.5,10.5,28.2,0
2018-06-29,24.9,18.3,24.1,0
2018-06-30,25.8,16.1,29.5,0
2018-07-01,26.8,14.6,25.4,0
2018-07-02,27.1,16.0,32.4,0
2018-07-03,26.4,20.8,30.7,0
2018-07-04,25.2,18.8,40.0,0
2018-07-05,24.7,12.9,30.1,0
2018-07-06,27.1,9.8,20.6,0
2018-07-07,29.1,15.0,22.5,0
2018-07-08,28.7,22.6,28.0,3
2018-07-09,28.0,29.0,32.7,3
2018-07-10,26.8,34.8,39.2,3
2018-07-11,25.3,50.5,29.7,3
2018-07-12,23.2,63.7,34.3,5
2018-07-13,23.5,62.6,17.6,5
2018-07-14,26.5,48.2,40.8,0
2018-07-15,27.7,42.8,32.9,3
2018-07-16,28.1,41.5,20.1,3
2018-07-17,30.0,28.1,19.8,0
2018-07-18,29.7,25.8,28.3,0
2018-07-19,27.4,37.8,25.5,3
2018-07-20,25.6,45.8,38.2,0
2018-07-21,26.3,40.6,31.9,0
2018-07-22,25.7,41.3,28.8,0
2018-07-23,26.9,33.9,18.9,0
2018-07-24,28.4,30.8,26.0,0
2018-07-25,29.1,28.4,35.3,0
2018-07-26,28.8,24.5,19.4,0
2018-07-27,29.2,21.3,31.3,0
2018-07-28,29.8,18.3,18.9,0
2018-07-29,29.1,16.1,20.5,0
2018-07-30,28.1,22.3,36.5,0
2018-07-31,27.3,32.9,36.6,3
2018-08-01,25.1,47.3,35.8,3
2018-08-02,24.5,49.0,27.6,5
2018-08-03,26.2,34.6,21.9,2
2018-08-04,27.0,14.8,34.0,2
2018-08-05,25.5,13.2,19.7,0
2018-08-06,25.7,13.1,22.2,0
2018-08-07,26.9,12.5,22.3,0
2018-08-08,27.3,14.2,22.5,0
2018-08-09,28.0,14.6,20.6,0
2018-08-10,28.7,16.8,28.2,0
2018-08-11,28.1,19.3,19.4,0
2018-08-12,27.0,27.9,33.0,0
2018-08-13,24.7,35.4,32.5,5
2018-08-14,25.0,37.2,30.1,0
2018-08-15,25.0,32.9,33.8,3
2018-08-16,24.8,37.9,30.1,5
2018-08-17,25.3,41.8,25.4,3
2018-08-18,26.8,28.0,17.6,0
2018-08-19,27.5,17.1,22.5,0
2018-08-20,26.9,20.3,24.6,0
2018-08-21,25.4,16.9,23.6,0
2018-08-22,24.0,20.1,21.7,0
2018-08-23,24.0,19.0,24.9,0
2018-08-24,23.6,19.8,23.7,0
2018-08-25,22.8,15.7,26.9,0
2018-08-26,23.0,14.1,28.3,0
2018-08-27,23.8,13.4,20.5,0
2018-08-28,23.2,22.2,19.9,0
2018-08-29,22.4,20.8,24.8,0
2018-08-30,21.9,21.1,17.1,0
2018-08-31,21.8,15.4,30.2,0
2018-09-01,22.2,17.3,18.3,0
2018-09-02,23.2,17.5,19.4,0
2018-09-03,22.6,21.7,21.7,0
2018-09-04,21.4,36.5,27.1,3
2018-09-05,21.2,39.4,21.1,0
2018-09-06,23.0,32.5,15.7,0
2018-09-07,24.2,26.4,23.6,0
2018-09-08,24.6,21.8,22.3,0
2018-09-09,23.9,15.7,18.3,0
2018-09-10,24.3,18.8,22.3,0
2018-09-11,23.3,19.5,31.7,0
2018-09-12,22.6,19.9,27.7,0
2018-09-13,19.1,23.6,30.6,0
2018-09-14,19.5,28.3,31.2,0
2018-09-15,23.9,19.8,40.1,0
2018-09-16,18.5,30.6,26.9,0
2018-09-17,18.3,27.3,26.6,0
2018-09-18,18.0,24.1,21.1,0
2018-09-19,18.3,24.1,24.1,0
2018-09-20,18.9,23.0,22.3,0
2018-09-21,18.8,23.8,21.8,0
2018-09-22,19.4,23.0,26.2,0
2018-09-23,18.6,25.1,16.4,0
2018-09-24,19.3,25.4,20.7,0
2018-09-25,19.0,20.5,24.2,0
2018-09-26,19.3,17.6,18.3,0
2018-09-27,19.7,12.9,21.7,0
2018-09-28,19.8,16.2,25.9,0
2018-09-29,19.9,22.3,41.2,0
2018-09-30,18.3,19.0,18.5,0
2018-10-01,19.5,34.7,32.0,0
2018-10-02,16.9,72.7,23.4,5
2018-10-03,15.1,69.3,31.1,5
2018-10-04,14.0,62.0,21.8,5
2018-10-05,13.4,51.9,21.4,2
2018-10-06,13.1,50.2,46.9,5
2018-10-07,11.4,46.1,37.7,2
2018-10-08,14.5,32.7,24.1,0
2018-10-09,14.3,34.7,25.9,0
2018-10-10,14.0,35.1,18.4,2
2018-10-11,12.2,50.2,21.2,5
2018-10-12,12.1,41.7,22.5,0
2018-10-13,13.0,34.5,31.7,0
2018-10-14,9.9,22.8,33.6,0
2018-10-15,7.9,20.3,26.7,0
2018-10-16,11.2,21.3,24.8,0
2018-10-17,10.5,29.8,19.4,0
2018-10-18,10.3,31.6,15.9,0
2018-10-19,12.0,28.9,22.9,0
2018-10-20,12.1,28.4,22.3,0
2018-10-21,12.0,41.1,26.8,2
2018-10-22,11.7,46.6,17.1,0
2018-10-23,11.7,42.0,15.7,0
2018-10-24,12.5,33.9,17.8,0
2018-10-25,13.2,31.4,23.0,0
2018-10-26,12.5,31.7,18.4,0
2018-10-27,12.9,30.2,17.1,0
2018-10-28,12.4,31.0,16.5,0
2018-10-29,11.4,31.4,37.4,0
2018-10-30,8.8,30.7,34.0,0
2018-10-31,8.0,30.8,28.3,0
2018-11-01,11.3,40.9,28.3,0
2018-11-02,12.1,38.5,24.2,0
2018-11-03,13.9,28.1,37.7,0
2018-11-04,12.1,32.5,19.4,0
2018-11-05,12.1,28.7,25.5,0
2018-11-06,10.4,15.5,33.5,0
2018-11-07,8.3,16.1,34.1,0
2018-11-08,5.0,22.7,31.7,0
2018-11-09,2.7,20.4,26.0,0
2018-11-10,3.8,18.4,32.5,0
2018-11-11,4.1,24.2,34.2,0
2018-11-12,3.4,16.9,21.2,0
2018-11-13,3.1,18.5,15.3,0
2018-11-14,5.5,21.6,15.8,0
2018-11-15,5.7,24.3,20.1,0
2018-11-16,5.6,25.7,14.1,0
2018-11-17,5.6,27.3,22.0,0
2018-11-18,4.7,35.9,21.2,0
2018-11-19,2.3,28.9,19.3,0
2018-11-20,2.8,18.7,16.4,0
2018-11-21,5.1,22.9,34.0,0
2018-11-22,6.0,41.4,18.4,8
2018-11-23,6.0,45.3,13.1,2
2018-11-24,5.9,50.0,37.0,0
2018-11-25,3.8,41.2,20.1,0
2018-11-26,4.1,35.2,21.2,0
2018-11-27,5.3,30.4,13.9,0
2018-11-28,3.1,65.0,16.5,5
2018-11-29,4.8,77.9,27.7,5
2018-11-30,3.1,65.6,33.4,2
2018-12-01,-0.5,65.1,22.2,10
2018-12-02,-0.3,54.6,25.5,0
2018-12-03,-1.6,56.0,17.8,2
2018-12-04,-0.3,67.7,14.2,2
2018-12-05,1.6,61.3,15.7,2
2018-12-06,2.0,79.0,13.2,9
2018-12-07,3.0,80.0,11.8,2
2018-12-08,1.2,74.3,15.8,0
2018-12-09,0.8,65.8,16.5,0
2018-12-10,1.5,61.2,16.4,0
2018-12-11,1.8,56.1,22.4,0
2018-12-12,2.1,50.0,52.3,0
2018-12-13,0.8,42.5,16.5,0
2018-12-14,0.9,43.2,22.4,0
2018-12-15,0.6,39.9,18.9,0
2018-12-16,2.3,39.8,17.0,0
2018-12-17,4.9,47.0,15.1,2
2018-12-18,2.6,58.6,16.5,0
2018-12-19,2.8,53.9,16.4,0
2018-12-20,2.2,52.8,20.2,0
2018-12-21,6.6,45.5,18.0,0
2018-12-22,5.0,47.7,22.5,0
2018-12-23,3.3,46.1,18.3,2
2018-12-24,2.8,60.8,18.7,3
2018-12-25,2.3,70.7,47.3,10
2018-12-26,1.7,54.3,30.7,0
2018-12-27,-0.4,54.6,43.6,2
2018-12-28,-3.1,49.4,41.2,0
2018-12-29,-0.1,46.1,32.4,0
2018-12-30,3.7,48.7,40.0,0
2018-12-31,-1.7,44.2,39.8,2
2019-01-01,-4.0,41.7,33.5,0
2019-01-02,0.1,43.3,24.6,0
2019-01-03,-1.0,56.6,15.7,0
2019-01-04,-0.2,50.3,18.4,0
2019-01-05,-0.6,52.9,35.8,2
2019-01-06,2.1,72.6,31.0,10
2019-01-07,3.7,72.0,21.2,2
2019-01-08,4.4,69.6,27.9,0
2019-01-09,4.6,68.4,19.9,2
2019-01-10,3.3,66.4,18.3,0
2019-01-11,1.7,60.6,20.5,0
2019-01-12,1.5,54.2,15.7,0
2019-01-13,-0.1,48.6,18.1,0
2019-01-14,0.1,64.7,33.5,10
2019-01-15,1.7,87.6,25.9,9
2019-01-16,4.2,81.9,34.6,5
2019-01-17,6.8,76.8,36.9,5
2019-01-18,5.4,61.3,22.2,2
2019-01-19,4.1,73.0,13.9,0
2019-01-20,4.3,71.8,24.9,3
2019-01-21,1.6,61.8,53.6,5
2019-01-22,-0.2,46.6,30.6,0
2019-01-23,2.7,52.3,42.9,0
2019-01-24,4.3,56.3,25.4,0
2019-01-25,3.9,48.3,27.1,0
2019-01-26,6.2,42.3,23.7,0
2019-01-27,7.8,50.0,18.8,0
2019-01-28,8.2,45.2,18.3,0
2019-01-29,7.8,52.1,17.8,2
2019-01-30,5.2,60.4,15.7,0
2019-01-31,5.2,59.2,19.3,2
2019-02-01,5.2,58.8,43.4,0
2019-02-02,5.5,81.7,49.6,5
2019-02-03,3.8,74.9,31.8,10
2019-02-04,3.8,69.2,43.4,10
2019-02-05,-1.8,65.8,29.3,7
2019-02-06,-3.9,55.0,36.3,2
2019-02-07,-5.1,54.0,19.8,0
2019-02-08,-3.4,58.8,15.3,0
2019-02-09,-0.2,62.8,24.2,7
2019-02-10,-1.5,59.1,39.5,10
2019-02-11,-5.8,59.0,21.2,0
2019-02-12,-3.0,53.9,29.5,0
2019-02-13,2.1,54.8,26.5,10
2019-02-14,4.1,83.1,32.6,5
2019-02-15,2.3,68.0,31.4,5
2019-02-16,0.2,55.4,34.7,2
2019-02-17,-2.6,57.6,23.8,2
2019-02-18,-2.9,50.4,32.8,2
2019-02-19,-2.2,44.4,27.1,0
2019-02-20,-1.8,58.3,34.2,2
2019-02-21,-2.8,54.4,30.3,2
2019-02-22,-2.6,43.6,30.2,0
2019-02-23,-2.3,46.9,15.0,0
2019-02-24,1.3,49.9,18.3,0
2019-02-25,4.9,44.4,32.5,2
2019-02-26,8.4,34.1,37.2,0
2019-02-27,9.0,37.9,32.3,0
2019-02-28,8.9,43.8,35.4,2
2019-03-01,8.1,42.7,28.9,0
2019-03-02,5.5,76.2,18.5,5
2019-03-03,6.3,71.6,19.7,2
2019-03-04,7.2,56.6,18.9,0
2019-03-05,6.8,69.0,35.8,5
2019-03-06,5.7,82.5,37.5,5
2019-03-07,5.7,68.0,25.5,2
2019-03-08,2.9,59.0,35.1,10
2019-03-09,2.0,54.9,29.2,2
2019-03-10,2.5,62.5,18.4,10
2019-03-11,4.0,62.7,20.1,10
2019-03-12,5.6,52.7,50.5,2
2019-03-13,1.5,43.2,47.3,2
2019-03-14,2.3,37.7,22.8,0
2019-03-15,3.9,40.2,18.9,0
2019-03-16,6.7,37.2,19.3,0
2019-03-17,7.8,36.0,17.8,0
2019-03-18,9.0,36.3,18.3,0
2019-03-19,9.9,36.7,34.1,2
2019-03-20,7.5,65.6,38.1,5
2019-03-21,6.0,74.7,26.3,5
2019-03-22,7.2,55.2,20.8,0
2019-03-23,8.4,57.6,41.7,5
2019-03-24,6.3,44.1,21.6,0
2019-03-25,9.0,40.4,37.9,0
2019-03-26,11.1,29.6,33.5,0
2019-03-27,11.4,30.1,33.5,0
2019-03-28,8.1,38.7,29.9,0
2019-03-29,6.6,32.4,18.9,0
2019-03-30,7.4,34.6,19.9,0
2019-03-31,8.3,35.1,20.1,0
2019-04-01,11.4,34.9,30.5,2
2019-04-02,10.7,44.8,36.9,5
2019-04-03,9.8,48.6,17.7,0
2019-04-04,11.4,46.2,32.8,0
2019-04-05,9.2,51.4,38.2,5
2019-04-06,8.3,51.4,15.8,0
2019-04-07,13.0,40.8,25.1,0
2019-04-08,15.3,34.8,23.0,0
2019-04-09,10.9,33.3,52.9,0
2019-04-10,7.2,36.8,60.9,0
2019-04-11,7.9,41.9,38.4,2
2019-04-12,8.3,40.6,38.2,2
2019-04-13,10.2,35.6,22.0,0
2019-04-14,12.8,34.9,27.7,0
2019-04-15,14.0,39.3,32.4,5
2019-04-16,11.1,38.1,47.8,2
2019-04-17,12.5,34.2,22.5,0
2019-04-18,15.5,32.1,21.7,0
2019-04-19,16.3,30.3,25.5,0
2019-04-20,14.3,36.3,37.2,5
2019-04-21,11.4,42.7,41.9,2
2019-04-22,12.9,38.7,33.2,2
2019-04-23,15.7,32.3,25.5,0
2019-04-24,18.4,33.2,20.9,0
2019-04-25,19.7,32.3,26.9,0
2019-04-26,19.6,29.4,26.8,0
2019-04-27,19.0,24.1,26.8,0
2019-04-28,18.6,20.2,25.9,0
2019-04-29,15.3,33.4,33.7,2
2019-04-30,11.4,49.0,51.1,0
2019-05-01,9.7,27.6,21.8,0
2019-05-02,12.6,23.5,17.1,0
2019-05-03,15.5,24.0,22.4,0
2019-05-04,16.5,25.4,23.5,0
2019-05-05,16.7,25.1,33.6,0
2019-05-06,15.3,28.7,20.5,0
2019-05-07,17.7,31.0,39.2,2
2019-05-08,16.9,27.0,31.9,2
2019-05-09,14.3,40.8,22.9,5
2019-05-10,11.8,53.5,18.1,5
2019-05-11,15.0,38.8,17.1,0
2019-05-12,17.2,27.8,16.5,0
2019-05-13,18.7,30.0,30.6,0
2019-05-14,18.5,30.5,29.5,0
2019-05-15,18.2,23.6,48.4,2
2019-05-16,12.2,39.5,43.4,5
2019-05-17,12.1,40.5,27.7,2
2019-05-18,12.7,38.0,31.0,2
2019-05-19,9.3,47.9,29.8,5
2019-05-20,10.0,40.0,37.1,0
2019-05-21,9.5,37.1,44.9,2
2019-05-22,7.9,57.5,32.3,5
2019-05-23,8.5,77.9,25.9,5
2019-05-24,11.8,61.1,14.9,2
2019-05-25,11.7,59.1,35.5,5
2019-05-26,9.4,58.8,39.8,5
2019-05-27,10.3,58.8,40.6,2
2019-05-28,14.3,51.7,33.0,5
2019-05-29,15.1,50.0,16.4,0
2019-05-30,16.3,49.9,33.8,5
2019-05-31,14.1,59.7,28.7,5
2019-06-01,15.1,52.7,31.7,5
2019-06-02,15.8,52.1,26.4,2
2019-06-03,18.2,46.6,21.2,3
2019-06-04,20.8,40.9,21.2,0
2019-06-05,22.8,36.6,25.4,0
2019-06-06,22.6,35.3,30.3,5
2019-06-07,18.7,32.0,35.3,0
2019-06-08,16.2,21.6,29.6,0
2019-06-09,17.7,21.5,22.4,0
2019-06-10,20.8,24.1,19.3,0
2019-06-11,23.3,22.7,17.0,0
2019-06-12,24.8,23.7,20.1,0
2019-06-13,24.1,28.1,35.3,0
2019-06-14,23.7,29.6,25.4,0
2019-06-15,23.5,29.1,39.6,3
2019-06-16,22.4,35.3,35.3,5
2019-06-17,20.4,43.9,38.5,3
2019-06-18,23.0,34.4,21.1,0
2019-06-19,25.3,22.9,23.2,0
2019-06-20,25.4,21.8,34.8,0
2019-06-21,19.7,18.2,39.2,0
2019-06-22,18.1,18.8,27.1,0
2019-06-23,20.4,18.7,19.1,0
2019-06-24,22.7,22.7,21.6,0
2019-06-25,23.3,21.2,34.3,0
2019-06-26,21.8,24.0,34.0,0
2019-06-27,21.5,17.1,26.9,0
2019-06-28,21.1,19.0,35.9,0
2019-06-29,22.0,19.3,27.6,0
2019-06-30,22.7,18.5,23.5,0
2019-07-01,23.5,19.7,20.0,0
2019-07-02,24.6,17.1,29.1,0
2019-07-03,23.4,20.2,29.5,0
2019-07-04,23.0,19.3,23.5,0
2019-07-05,23.7,18.0,21.7,0
2019-07-06,23.8,17.3,30.9,0
2019-07-07,22.8,20.4,24.8,0
2019-07-08,24.2,21.1,25.9,0
2019-07-09,23.5,22.6,32.3,0
2019-07-10,24.9,20.9,29.2,0
2019-07-11,26.2,18.2,17.1,0
2019-07-12,26.9,19.6,28.2,0
2019-07-13,27.4,19.6,24.9,0
2019-07-14,26.5,16.0,23.0,0
2019-07-15,26.7,15.2,27.2,0
2019-07-16,25.8,16.6,22.3,0
2019-07-17,25.7,19.8,25.7,0
2019-07-18,25.9,22.4,26.4,0
2019-07-19,25.6,19.1,26.9,0
2019-07-20,25.7,21.9,23.8,0
2019-07-21,26.7,20.9,26.5,0
2019-07-22,27.4,20.1,32.8,0
2019-07-23,24.8,33.4,29.3,2
2019-07-24,24.8,42.7,26.0,5
2019-07-25,23.8,46.8,30.8,2
2019-07-26,24.0,49.4,27.8,5
2019-07-27,26.2,38.4,14.6,0
2019-07-28,27.7,28.4,27.7,0
2019-07-29,27.0,22.0,17.2,0
2019-07-30,26.4,19.4,25.8,0
2019-07-31,26.4,20.5,23.9,0
2019-08-01,25.7,23.2,31.7,0
2019-08-02,25.1,16.7,25.9,0
2019-08-03,25.1,15.3,30.2,0
2019-08-04,26.4,17.1,25.3,0
2019-08-05,27.3,19.5,23.9,0
2019-08-06,26.4,22.6,30.4,0
2019-08-07,24.8,30.1,45.0,0
2019-08-08,22.6,38.9,36.3,5
2019-08-09,22.1,34.7,29.4,0
2019-08-10,21.2,22.1,27.6,0
2019-08-11,22.2,24.0,22.9,0
2019-08-12,23.1,18.8,18.9,0
2019-08-13,24.3,17.6,21.8,0
2019-08-14,25.0,16.3,19.7,0
2019-08-15,25.5,15.3,16.4,0
2019-08-16,26.4,17.4,20.9,0
2019-08-17,26.8,19.1,21.9,0
2019-08-18,24.5,16.0,30.0,0
2019-08-19,23.1,17.0,22.3,0
2019-08-20,23.6,17.4,16.4,0
2019-08-21,24.4,16.1,18.4,0
2019-08-22,26.6,17.1,23.0,0
2019-08-23,25.7,25.4,25.9,0
2019-08-24,24.9,18.9,24.9,0
2019-08-25,25.7,21.0,18.0,0
2019-08-26,27.2,19.7,22.5,0
2019-08-27,27.3,18.0,19.6,0
2019-08-28,27.1,22.1,34.8,0
2019-08-29,26.4,27.6,26.3,0
2019-08-30,25.4,22.0,18.4,0
2019-08-31,25.2,16.2,20.5,0
2019-09-01,25.0,14.7,18.4,0
2019-09-02,23.2,29.6,22.5,2
2019-09-03,24.0,34.0,20.8,0
2019-09-04,25.0,32.1,27.0,0
2019-09-05,22.7,43.1,28.9,5
2019-09-06,23.7,39.6,19.1,0
2019-09-07,24.6,29.0,25.8,0
2019-09-08,20.7,24.7,33.7,0
2019-09-09,18.9,22.8,27.7,0
2019-09-10,17.6,25.9,27.8,0
2019-09-11,17.4,27.9,29.0,0
2019-09-12,18.1,23.6,16.5,0
2019-09-13,19.7,18.6,15.1,0
2019-09-14,21.1,17.0,19.8,0
2019-09-15,20.4,17.7,31.4,0
2019-09-16,18.2,21.9,39.2,0
2019-09-17,15.2,24.0,26.3,0
2019-09-18,16.0,24.1,29.4,0
2019-09-19,15.3,33.3,32.9,0
2019-09-20,13.7,38.3,34.7,0
2019-09-21,14.6,31.6,18.4,0
2019-09-22,16.0,27.4,30.9,0
2019-09-23,17.4,24.2,31.7,0
2019-09-24,19.7,28.0,29.0,0
2019-09-25,21.9,30.7,19.7,0
2019-09-26,21.4,30.7,23.8,0
2019-09-27,19.6,39.8,28.0,0
2019-09-28,15.2,38.0,35.1,3
2019-09-29,9.6,31.7,27.8,2
2019-09-30,8.6,32.5,22.2,0
2019-10-01,8.8,34.4,23.2,0
2019-10-02,9.5,31.5,20.1,0
2019-10-03,11.4,24.7,23.0,0
2019-10-04,12.4,19.9,25.5,0
2019-10-05,13.2,21.0,20.7,0
2019-10-06,15.0,21.4,23.2,0
2019-10-07,14.3,22.9,15.7,0
2019-10-08,15.8,23.2,17.5,0
2019-10-09,12.4,21.5,48.7,0
2019-10-10,6.6,16.7,35.5,0
2019-10-11,6.5,13.5,19.8,0
2019-10-12,7.9,11.5,16.4,0
2019-10-13,9.3,16.9,24.1,0
2019-10-14,11.8,21.4,14.8,0
2019-10-15,11.8,20.9,18.4,0
2019-10-16,12.7,23.7,29.5,0
2019-10-17,14.0,27.2,41.4,0
2019-10-18,9.8,25.0,26.9,0
2019-10-19,10.0,29.0,41.9,0
2019-10-20,11.9,30.2,31.4,0
2019-10-21,14.3,32.4,36.3,0
2019-10-22,13.2,27.4,21.1,0
2019-10-23,13.4,27.0,24.6,0
2019-10-24,12.1,17.9,22.4,0
2019-10-25,11.8,19.1,18.4,0
2019-10-26,11.9,23.2,24.8,0
2019-10-27,4.1,30.3,45.5,0
2019-10-28,2.1,24.9,26.9,0
2019-10-29,3.2,21.9,56.3,0
2019-10-30,-1.9,20.5,20.1,0
2019-10-31,0.8,14.3,18.3,0
2019-11-01,6.1,11.4,16.6,0
2019-11-02,7.3,18.3,17.1,0
2019-11-03,8.2,19.4,20.6,0
2019-11-04,10.4,21.1,21.4,0
2019-11-05,9.6,29.0,17.1,0
2019-11-06,9.0,26.0,17.6,0
2019-11-07,8.7,22.3,22.4,0
2019-11-08,8.7,21.0,19.1,0
2019-11-09,8.5,20.2,17.7,0
2019-11-10,9.7,20.2,22.2,0
2019-11-11,11.0,26.6,20.2,0
2019-11-12,9.3,34.3,17.1,0
2019-11-13,9.0,33.8,18.8,0
2019-11-14,11.1,25.9,15.8,0
2019-11-15,10.2,30.9,18.3,0
2019-11-16,9.8,31.1,20.7,0
2019-11-17,10.1,27.7,22.5,0
2019-11-18,8.8,31.8,16.4,0
2019-11-19,7.6,33.7,25.9,0
2019-11-20,5.1,70.8,32.0,10
2019-11-21,3.1,84.3,13.5,10
2019-11-22,5.3,75.6,15.1,2
2019-11-23,3.9,65.4,18.9,0
2019-11-24,3.3,59.0,19.1,0
2019-11-25,0.6,54.7,60.9,0
2019-11-26,-0.6,44.7,34.9,0
2019-11-27,-1.2,83.0,35.2,10
2019-11-28,-3.6,88.1,18.5,10
2019-11-29,-4.8,86.1,13.3,7
2019-11-30,-7.4,81.6,17.8,2
2019-12-01,-1.2,80.3,13.7,10
2019-12-02,-0.9,79.6,17.1,0
2019-12-03,0.2,83.5,12.3,0
2019-12-04,1.5,93.0,12.1,10
2019-12-05,0.1,91.5,11.7,10
2019-12-06,1.7,85.8,17.0,2
2019-12-07,5.3,86.2,19.6,5
2019-12-08,5.1,76.7,18.7,5
2019-12-09,3.3,66.0,16.6,0
2019-12-10,0.3,70.5,16.4,0
2019-12-11,2.8,69.6,15.7,2
2019-12-12,4.8,71.2,13.0,0
2019-12-13,5.8,71.9,11.7,2
2019-12-14,6.8,49.9,26.4,0
2019-12-15,4.3,41.9,48.8,0
2019-12-16,0.2,40.4,18.8,0
2019-12-17,1.3,31.3,19.3,0
2019-12-18,2.3,29.4,16.4,0
2019-12-19,2.9,37.5,13.9,0
2019-12-20,2.0,53.9,14.1,0
2019-12-21,5.6,41.6,31.2,0
2019-12-22,9.7,23.2,46.5,2
2019-12-23,3.7,79.3,27.7,4
2019-12-24,2.0,84.5,9.4,10
2019-12-25,1.6,69.9,27.7,2
2019-12-26,1.8,80.2,24.1,2
2019-12-27,1.9,50.1,42.5,0
2019-12-28,6.6,27.6,42.5,0
2019-12-29,3.2,53.9,22.3,2
2019-12-30,2.9,64.5,18.3,1
2019-12-31,2.4,58.8,28.0,0
