datetime,LAC_2_temp,LAC_2_humidity,LAC_2_windspeed,LAC_2_conditions
2015-01-01,23.5,71.5,55.1,5
2015-01-02,16.1,70.3,23.5,4
2015-01-03,18.8,67.1,18.1,2
2015-01-04,21.0,66.3,14.6,2
2015-01-05,23.2,66.5,18.3,2
2015-01-06,24.0,69.8,21.9,2
2015-01-07,22.2,76.3,29.5,5
2015-01-08,22.6,75.1,24.1,5
2015-01-09,25.2,66.1,20.3,2
2015-01-10,25.8,67.4,20.5,2
2015-01-11,22.4,75.9,27.8,5
2015-01-12,22.3,74.1,22.2,5
2015-01-13,23.9,67.0,22.0,2
2015-01-14,22.2,76.8,44.0,5
2015-01-15,22.1,73.0,17.5,5
2015-01-16,23.4,76.9,9.4,2
2015-01-17,21.5,83.3,24.1,5
2015-01-18,21.9,84.1,17.6,5
2015-01-19,24.1,78.2,32.4,5
2015-01-20,19.6,84.2,35.3,5
2015-01-21,20.4,79.9,19.4,5
2015-01-22,21.8,77.8,23.3,5
2015-01-23,21.6,80.0,23.4,5
2015-01-24,22.5,79.7,16.6,2
2015-01-25,24.3,65.5,22.3,2
2015-01-26,24.3,66.6,22.3,5
2015-01-27,25.2,66.3,25.9,5
2015-01-28,23.1,70.3,27.8,5
2015-01-29,19.0,78.9,19.4,5
2015-01-30,19.2,87.8,16.9,5
2015-01-31,21.9,80.2,14.8,5
2015-02-01,24.5,75.9,16.6,2
2015-02-02,25.1,72.7,18.4,2
2015-02-03,26.5,66.2,22.3,2
2015-02-04,25.8,66.1,16.9,5
2015-02-05,24.0,77.5,39.9,5
2015-02-06,22.8,76.3,21.9,5
2015-02-07,22.0,81.8,31.5,5
2015-02-08,22.6,71.2,18.7,5
2015-02-09,23.3,73.1,21.9,5
2015-02-10,20.3,82.6,37.3,5
2015-02-11,20.3,75.2,18.2,5
2015-02-12,21.9,70.2,20.2,5
2015-02-13,20.4,84.1,15.1,4
2015-02-14,22.1,80.3,23.8,2
2015-02-15,21.8,79.6,15.8,5
2015-02-16,21.2,85.0,14.8,5
2015-02-17,20.6,78.7,25.6,5
2015-02-18,21.4,78.4,19.4,5
2015-02-19,18.1,76.5,33.5,5
2015-02-20,14.0,83.3,29.5,5
2015-02-21,16.8,88.1,7.3,5
2015-02-22,18.5,87.5,11.0,4
2015-02-23,20.1,88.1,27.8,5
2015-02-24,21.2,87.2,30.2,5
2015-02-25,23.5,79.2,16.4,5
2015-02-26,17.4,91.3,25.2,5
2015-02-27,17.7,89.5,25.2,5
2015-02-28,19.8,86.6,26.3,5
2015-03-01,20.8,86.9,11.2,5
2015-03-02,21.7,82.5,21.2,5
2015-03-03,22.0,81.6,20.4,5
2015-03-04,21.3,85.1,17.6,5
2015-03-05,20.1,88.5,21.2,5
2015-03-06,22.5,82.7,14.5,5
2015-03-07,20.3,84.4,19.1,5
2015-03-08,22.8,78.6,86.3,5
2015-03-09,22.7,79.3,25.6,2
2015-03-10,23.0,79.2,30.9,2
2015-03-11,23.3,75.6,16.4,2
2015-03-12,23.0,78.5,14.6,2
2015-03-13,23.2,76.9,16.5,2
2015-03-14,22.2,80.7,23.7,5
2015-03-15,21.3,84.0,14.6,5
2015-03-16,20.7,89.0,14.6,4
2015-03-17,20.8,90.8,14.5,4
2015-03-18,21.8,85.2,13.1,5
2015-03-19,21.1,84.5,14.6,2
2015-03-20,22.0,78.2,14.6,5
2015-03-21,19.1,83.2,23.8,5
2015-03-22,14.1,91.5,20.5,5
2015-03-23,13.4,90.4,24.5,4
2015-03-24,12.9,92.3,24.8,4
2015-03-25,13.3,91.4,29.9,5
2015-03-26,11.7,90.9,27.7,5
2015-03-27,11.6,86.6,26.6,5
2015-03-28,13.2,79.5,24.5,2
2015-03-29,14.8,70.9,21.2,0
2015-03-30,16.0,65.5,20.2,5
2015-03-31,15.1,79.3,22.6,5
2015-04-01,15.3,84.8,22.3,2
2015-04-02,16.9,78.7,22.0,2
2015-04-03,17.4,72.5,21.6,2
2015-04-04,19.2,75.3,22.3,2
2015-04-05,19.1,78.0,18.1,2
2015-04-06,15.2,84.3,25.9,2
2015-04-07,14.6,81.3,25.2,2
2015-04-08,17.1,68.5,21.6,2
2015-04-09,19.1,81.2,14.4,2
2015-04-10,18.9,81.8,16.3,2
2015-04-11,19.8,81.6,16.6,5
2015-04-12,19.7,80.2,16.6,2
2015-04-13,19.9,81.7,16.5,2
2015-04-14,20.7,76.6,23.6,2
2015-04-15,21.5,77.8,22.3,5
2015-04-16,20.4,84.9,16.2,5
2015-04-17,19.2,78.9,25.5,2
2015-04-18,17.7,80.4,14.5,2
2015-04-19,19.2,77.0,16.3,2
2015-04-20,17.6,78.5,22.7,2
2015-04-21,16.2,86.7,12.7,4
2015-04-22,15.8,88.2,16.2,4
2015-04-23,15.6,90.9,14.7,5
2015-04-24,17.2,84.0,11.2,2
2015-04-25,17.8,81.1,11.1,5
2015-04-26,18.8,80.8,14.7,5
2015-04-27,20.2,80.5,18.1,5
2015-04-28,18.3,93.0,12.8,4
2015-04-29,18.8,87.1,12.9,4
2015-04-30,19.4,84.4,22.0,5
2015-05-01,18.2,83.2,19.1,5
2015-05-02,17.1,62.5,21.8,0
2015-05-03,14.8,77.2,20.6,2
2015-05-04,11.2,84.9,12.7,2
2015-05-05,14.0,79.1,21.8,2
2015-05-06,12.9,86.8,13.0,1
2015-05-07,12.4,84.6,16.3,1
2015-05-08,13.2,81.6,20.2,2
2015-05-09,15.7,68.6,12.8,2
2015-05-10,14.5,75.6,12.5,2
2015-05-11,14.3,77.9,14.8,5
2015-05-12,13.9,87.8,18.3,4
2015-05-13,14.5,80.6,15.1,2
2015-05-14,13.5,82.7,11.0,2
2015-05-15,14.5,79.7,89.5,2
2015-05-16,15.6,76.5,20.1,2
2015-05-17,16.6,76.8,16.4,2
2015-05-18,16.3,80.1,16.3,2
2015-05-19,16.8,79.9,17.9,2
2015-05-20,17.2,82.4,16.8,2
2015-05-21,18.2,77.4,18.4,2
2015-05-22,17.6,72.8,14.3,0
2015-05-23,17.0,74.7,17.9,2
2015-05-24,17.7,82.3,16.6,5
2015-05-25,14.4,88.7,19.8,1
2015-05-26,13.9,89.6,17.6,5
2015-05-27,13.6,84.9,11.2,2
2015-05-28,13.3,83.5,20.2,2
2015-05-29,13.0,82.3,16.1,2
2015-05-30,10.9,79.7,14.6,2
2015-05-31,10.5,79.2,14.5,2
2015-06-01,11.1,77.4,14.4,0
2015-06-02,10.9,75.6,16.3,0
2015-06-03,12.9,72.9,17.9,0
2015-06-04,14.2,73.6,13.0,0
2015-06-05,14.7,70.6,16.3,0
2015-06-06,16.1,66.5,14.4,0
2015-06-07,15.6,70.8,20.1,0
2015-06-08,18.1,79.5,14.6,2
2015-06-09,17.3,79.4,20.4,2
2015-06-10,17.3,79.0,25.2,2
2015-06-11,13.9,82.8,22.3,1
2015-06-12,11.4,84.2,11.1,2
2015-06-13,12.5,80.2,16.5,2
2015-06-14,11.1,75.9,21.8,2
2015-06-15,11.3,70.3,16.7,2
2015-06-16,11.7,75.4,12.5,2
2015-06-17,10.5,70.1,20.3,2
2015-06-18,10.1,58.9,18.0,2
2015-06-19,8.3,69.3,23.7,2
2015-06-20,9.1,69.1,13.0,0
2015-06-21,11.3,68.5,23.5,0
2015-06-22,11.4,71.9,20.3,2
2015-06-23,9.2,78.7,16.4,1
2015-06-24,9.6,77.3,18.0,2
2015-06-25,11.1,78.7,12.7,2
2015-06-26,13.9,71.8,20.3,2
2015-06-27,13.9,83.1,18.0,2
2015-06-28,14.6,82.5,10.8,2
2015-06-29,15.2,78.5,20.3,2
2015-06-30,12.2,69.1,21.9,2
2015-07-01,11.8,76.9,22.1,2
2015-07-02,10.6,82.5,16.3,2
2015-07-03,11.0,81.8,24.2,4
2015-07-04,7.5,91.7,14.5,5
2015-07-05,7.8,83.9,18.1,2
2015-07-06,9.7,72.2,27.1,2
2015-07-07,10.4,70.3,15.8,2
2015-07-08,9.0,69.7,14.6,0
2015-07-09,11.0,64.8,18.1,0
2015-07-10,12.5,67.5,23.6,2
2015-07-11,13.0,74.9,21.9,2
2015-07-12,14.4,60.3,18.4,0
2015-07-13,19.1,29.6,39.6,2
2015-07-14,8.0,82.7,14.8,5
2015-07-15,7.8,82.0,20.5,2
2015-07-16,8.7,71.1,18.2,2
2015-07-17,8.8,73.3,12.7,0
2015-07-18,11.0,66.6,12.8,0
2015-07-19,12.8,64.8,17.9,2
2015-07-20,9.2,81.9,24.3,5
2015-07-21,6.8,76.8,13.0,2
2015-07-22,9.3,57.9,13.0,2
2015-07-23,9.0,72.1,14.4,0
2015-07-24,10.2,69.0,16.4,0
2015-07-25,10.4,67.7,17.9,0
2015-07-26,11.2,69.8,20.1,0
2015-07-27,13.5,69.5,18.4,0
2015-07-28,16.3,59.4,18.1,0
2015-07-29,16.6,65.4,20.1,2
2015-07-30,18.2,66.4,16.6,2
2015-07-31,16.7,62.1,25.9,0
2015-08-01,16.0,60.3,16.4,0
2015-08-02,16.7,62.1,16.6,0
2015-08-03,18.1,62.7,21.6,2
2015-08-04,19.0,70.9,23.4,2
2015-08-05,17.4,75.7,20.2,2
2015-08-06,20.4,60.6,25.6,2
2015-08-07,25.9,33.7,27.6,0
2015-08-08,18.8,74.5,22.0,2
2015-08-09,15.1,88.4,18.2,5
2015-08-10,11.3,78.0,29.2,2
2015-08-11,11.8,84.0,11.1,4
2015-08-12,11.1,87.2,12.9,4
2015-08-13,9.9,82.4,18.1,4
2015-08-14,9.1,83.9,14.4,4
2015-08-15,9.9,69.2,13.0,5
2015-08-16,8.4,80.5,12.7,5
2015-08-17,9.9,77.4,14.5,2
2015-08-18,11.1,58.2,22.3,0
2015-08-19,12.4,52.6,22.1,2
2015-08-20,13.2,61.4,18.2,2
2015-08-21,14.0,67.0,16.4,2
2015-08-22,18.0,57.8,26.0,2
2015-08-23,13.7,51.0,17.1,2
2015-08-24,14.3,37.9,20.3,0
2015-08-25,13.6,57.2,18.2,0
2015-08-26,16.2,49.5,23.5,0
2015-08-27,15.8,48.8,29.5,0
2015-08-28,18.5,52.9,25.3,0
2015-08-29,19.5,48.9,23.9,0
2015-08-30,20.8,44.1,21.2,0
2015-08-31,22.1,40.2,25.2,0
2015-09-01,18.8,69.8,19.8,2
2015-09-02,18.1,67.1,23.6,2
2015-09-03,15.6,58.6,20.0,2
2015-09-04,13.8,70.0,9.2,2
2015-09-05,15.2,61.7,23.7,2
2015-09-06,14.2,65.2,27.6,2
2015-09-07,18.5,47.0,24.3,0
2015-09-08,18.0,29.2,27.7,0
2015-09-09,17.0,49.4,29.2,0
2015-09-10,15.0,60.8,24.1,0
2015-09-11,10.2,48.3,18.6,2
2015-09-12,10.6,51.2,18.0,0
2015-09-13,12.9,43.7,16.6,0
2015-09-14,14.4,46.1,22.2,0
2015-09-15,19.5,38.1,27.3,0
2015-09-16,20.3,35.9,24.1,0
2015-09-17,17.2,47.4,23.9,2
2015-09-18,16.6,54.9,35.3,0
2015-09-19,18.2,56.8,20.4,2
2015-09-20,19.5,62.2,20.2,0
2015-09-21,22.0,61.2,25.6,0
2015-09-22,20.9,71.7,24.1,5
2015-09-23,18.1,77.7,28.9,5
2015-09-24,15.8,66.4,23.8,5
2015-09-25,14.2,71.9,32.4,5
2015-09-26,14.4,67.0,32.7,2
2015-09-27,16.6,57.9,25.6,2
2015-09-28,17.9,55.9,23.8,0
2015-09-29,19.9,54.9,21.8,2
2015-09-30,17.5,69.7,20.3,2
2015-10-01,18.9,64.4,21.9,0
2015-10-02,17.4,66.5,33.5,2
2015-10-03,12.5,79.0,16.4,2
2015-10-04,14.1,71.2,23.7,2
2015-10-05,17.5,59.4,31.2,0
2015-10-06,20.8,50.2,29.0,0
2015-10-07,21.2,56.0,23.7,2
2015-10-08,13.3,82.7,20.6,4
2015-10-09,10.9,83.5,11.6,4
2015-10-10,8.5,81.5,15.0,4
2015-10-11,7.9,77.2,12.6,2
2015-10-12,10.2,66.9,14.8,1
2015-10-13,14.0,56.9,19.1,0
2015-10-14,20.3,39.8,42.5,0
2015-10-15,22.6,16.0,29.3,0
2015-10-16,15.5,49.9,16.3,2
2015-10-17,15.3,49.7,13.0,2
2015-10-18,16.9,47.8,18.1,2
2015-10-19,17.7,52.1,20.1,2
2015-10-20,20.7,40.5,33.1,0
2015-10-21,20.3,52.6,23.8,0
2015-10-22,21.3,50.2,32.8,2
2015-10-23,20.3,45.3,16.6,2
2015-10-24,20.5,56.0,16.4,2
2015-10-25,22.8,55.0,31.0,2
2015-10-26,21.0,66.7,31.1,2
2015-10-27,21.1,66.9,21.9,5
2015-10-28,20.3,78.2,27.6,5
2015-10-29,23.8,56.0,23.8,5
2015-10-30,18.0,77.9,20.5,5
2015-10-31,16.7,84.3,21.2,4
2015-11-01,16.8,85.8,21.9,4
2015-11-02,15.2,90.1,12.8,4
2015-11-03,15.9,89.7,34.3,4
2015-11-04,14.5,89.0,26.6,4
2015-11-05,15.2,78.7,18.1,4
2015-11-06,15.0,83.8,22.3,4
2015-11-07,17.4,75.5,22.3,2
2015-11-08,19.3,68.2,22.1,2
2015-11-09,21.7,62.4,18.2,0
2015-11-10,21.0,70.4,29.5,5
2015-11-11,18.3,83.5,33.1,4
2015-11-12,22.0,63.8,23.6,2
2015-11-13,21.5,59.5,20.5,2
2015-11-14,20.9,55.6,18.4,2
2015-11-15,21.2,59.6,18.1,2
2015-11-16,23.9,58.0,22.7,2
2015-11-17,24.6,59.3,22.0,2
2015-11-18,22.5,68.9,22.2,2
2015-11-19,22.2,64.2,43.6,5
2015-11-20,13.2,71.0,18.9,1
2015-11-21,16.5,60.3,21.9,0
2015-11-22,20.1,55.2,25.4,0
2015-11-23,21.7,57.7,20.3,2
2015-11-24,22.5,62.0,18.2,2
2015-11-25,23.7,65.0,18.2,2
2015-11-26,26.0,59.7,34.2,2
2015-11-27,23.0,71.0,42.0,5
2015-11-28,15.3,85.8,14.8,4
2015-11-29,16.2,75.4,22.1,4
2015-11-30,15.9,75.0,20.2,2
2015-12-01,19.4,64.7,21.3,2
2015-12-02,20.6,66.3,16.3,2
2015-12-03,23.1,60.3,27.7,2
2015-12-04,23.9,65.6,29.0,5
2015-12-05,17.7,91.9,26.3,4
2015-12-06,19.7,70.3,23.8,5
2015-12-07,17.9,76.7,22.1,2
2015-12-08,20.8,70.9,17.9,2
2015-12-09,20.9,73.2,28.3,2
2015-12-10,20.8,72.1,31.7,2
2015-12-11,22.2,61.0,32.8,0
2015-12-12,24.7,54.1,21.9,0
2015-12-13,23.9,67.8,30.2,5
2015-12-14,25.4,65.3,31.1,2
2015-12-15,23.3,61.5,27.0,5
2015-12-16,23.1,64.9,25.5,2
2015-12-17,26.2,61.1,23.9,5
2015-12-18,21.6,76.8,35.2,5
2015-12-19,14.8,83.6,14.8,4
2015-12-20,18.9,70.9,25.8,2
2015-12-21,21.2,69.0,22.1,2
2015-12-22,23.7,64.2,25.4,2
2015-12-23,24.3,65.7,18.0,5
2015-12-24,20.5,80.1,16.3,5
2015-12-25,21.5,74.6,11.2,2
2015-12-26,22.5,71.6,28.1,2
2015-12-27,25.1,65.5,27.7,5
2015-12-28,21.2,82.8,16.4,5
2015-12-29,23.7,71.3,28.9,5
2015-12-30,25.6,64.1,18.2,5
2015-12-31,22.6,72.6,27.7,5
2016-01-01,21.2,81.1,14.8,4
2016-01-02,23.1,74.7,16.6,5
2016-01-03,23.4,69.5,18.1,5
2016-01-04,24.1,67.5,23.6,2
2016-01-05,22.7,80.9,32.9,5
2016-01-06,20.9,82.8,20.2,4
2016-01-07,21.8,83.2,16.4,5
2016-01-08,22.8,81.6,31.0,5
2016-01-09,23.1,73.3,20.5,5
2016-01-10,22.6,75.6,16.4,5
2016-01-11,23.1,82.1,21.9,5
2016-01-12,24.8,71.3,16.6,5
2016-01-13,20.2,86.9,24.1,5
2016-01-14,20.0,75.6,21.2,5
2016-01-15,22.5,72.3,23.7,5
2016-01-16,22.6,81.2,21.8,5
2016-01-17,23.7,76.7,25.7,5
2016-01-18,23.0,78.5,23.4,5
2016-01-19,23.2,71.6,22.0,2
2016-01-20,23.4,67.2,22.7,0
2016-01-21,23.0,66.1,33.5,0
2016-01-22,23.1,65.9,14.9,0
2016-01-23,24.1,64.5,20.5,2
2016-01-24,24.3,63.5,22.2,0
2016-01-25,22.6,68.9,25.9,5
2016-01-26,18.4,89.5,18.6,4
2016-01-27,18.8,78.7,22.0,2
2016-01-28,21.5,76.9,18.0,2
2016-01-29,23.6,74.1,17.9,5
2016-01-30,20.7,82.8,25.9,5
2016-01-31,18.8,83.8,14.8,4
2016-02-01,17.6,87.0,13.0,4
2016-02-02,18.1,89.3,13.0,4
2016-02-03,20.5,78.2,23.0,2
2016-02-04,21.9,75.0,23.6,2
2016-02-05,22.3,76.0,16.6,5
2016-02-06,22.5,78.3,18.4,5
2016-02-07,22.6,85.1,23.0,5
2016-02-08,24.8,78.8,14.8,5
2016-02-09,21.2,84.8,15.5,5
2016-02-10,23.5,79.8,16.6,2
2016-02-11,24.6,77.0,12.8,2
2016-02-12,24.9,73.7,22.3,2
2016-02-13,25.1,73.9,28.7,5
2016-02-14,23.1,82.7,18.4,4
2016-02-15,24.5,79.1,22.3,2
2016-02-16,24.1,76.5,28.1,2
2016-02-17,26.3,76.1,23.1,5
2016-02-18,25.7,77.2,27.7,5
2016-02-19,25.0,78.6,28.0,5
2016-02-20,20.7,88.5,22.3,4
2016-02-21,21.9,84.1,16.2,2
2016-02-22,23.3,81.1,23.4,2
2016-02-23,23.4,82.3,23.6,5
2016-02-24,22.6,80.3,18.7,5
2016-02-25,23.8,73.6,18.4,2
2016-02-26,24.7,76.5,14.8,5
2016-02-27,20.8,85.3,29.5,5
2016-02-28,21.4,83.5,16.6,4
2016-02-29,19.1,86.1,24.8,5
2016-03-01,19.6,79.5,22.3,5
2016-03-02,17.8,87.1,24.8,5
2016-03-03,18.0,85.5,23.8,5
2016-03-04,19.2,85.4,23.4,5
2016-03-05,16.4,87.9,24.8,5
2016-03-06,15.7,87.6,24.8,5
2016-03-07,17.3,87.6,18.1,5
2016-03-08,18.7,88.0,23.7,5
2016-03-09,18.8,71.8,14.6,5
2016-03-10,18.3,76.6,16.3,5
2016-03-11,17.2,85.3,18.4,2
2016-03-12,18.7,80.4,23.6,2
2016-03-13,17.8,84.7,21.7,2
2016-03-14,18.4,80.9,23.8,2
2016-03-15,18.7,81.4,9.5,2
2016-03-16,21.5,77.8,33.0,2
2016-03-17,22.6,77.8,13.0,2
2016-03-18,21.7,82.7,129.6,5
2016-03-19,16.0,87.7,16.6,4
2016-03-20,15.5,89.3,14.4,4
2016-03-21,17.6,82.8,14.5,2
2016-03-22,19.4,78.8,18.0,1
2016-03-23,18.5,83.6,22.3,5
2016-03-24,17.0,81.8,32.9,5
2016-03-25,15.3,90.8,14.9,4
2016-03-26,14.8,86.4,14.4,4
2016-03-27,16.1,85.2,16.5,2
2016-03-28,16.6,81.3,11.4,2
2016-03-29,17.2,81.2,13.1,2
2016-03-30,18.4,82.9,160.5,2
2016-03-31,20.4,80.5,12.9,2
2016-04-01,21.6,79.1,162.8,2
2016-04-02,22.4,77.0,25.2,5
2016-04-03,22.6,84.3,21.9,5
2016-04-04,23.0,83.2,18.4,5
2016-04-05,20.5,97.5,11.0,4
2016-04-06,20.9,90.1,20.1,5
2016-04-07,20.8,86.2,16.5,2
2016-04-08,20.7,84.2,19.1,2
2016-04-09,20.4,85.3,16.1,5
2016-04-10,17.6,90.0,14.6,4
2016-04-11,15.8,87.9,16.3,4
2016-04-12,16.0,85.6,12.7,4
2016-04-13,17.4,84.4,16.6,2
2016-04-14,18.9,75.5,20.1,2
2016-04-15,19.9,80.9,18.2,2
2016-04-16,20.1,74.1,18.1,2
2016-04-17,21.6,83.0,11.2,2
2016-04-18,19.1,88.8,18.0,5
2016-04-19,15.3,89.4,14.9,1
2016-04-20,15.6,80.4,16.2,2
2016-04-21,16.1,71.8,12.8,2
2016-04-22,17.1,77.6,12.7,2
2016-04-23,18.0,74.9,16.3,2
2016-04-24,16.9,83.2,14.4,2
2016-04-25,11.0,90.5,18.5,5
2016-04-26,8.6,73.9,16.5,5
2016-04-27,8.8,71.7,16.3,2
2016-04-28,8.1,79.8,12.9,2
2016-04-29,9.7,74.5,12.8,2
2016-04-30,10.2,78.2,14.7,1
2016-05-01,9.7,82.9,11.3,2
2016-05-02,11.7,82.5,10.8,2
2016-05-03,13.0,80.1,14.6,1
2016-05-04,12.8,76.9,16.2,2
2016-05-05,14.0,79.9,12.2,2
2016-05-06,14.7,80.4,12.7,1
2016-05-07,13.9,84.0,16.2,2
2016-05-08,13.8,83.8,9.0,1
2016-05-09,13.7,84.6,12.6,2
2016-05-10,14.8,83.2,14.6,4
2016-05-11,14.1,89.6,14.5,4
2016-05-12,14.4,90.4,11.0,4
2016-05-13,14.9,88.4,16.4,4
2016-05-14,15.4,84.2,12.5,2
2016-05-15,15.3,78.3,20.4,2
2016-05-16,10.8,86.1,24.5,2
2016-05-17,10.9,83.0,18.4,4
2016-05-18,10.3,85.3,14.3,4
2016-05-19,9.8,86.6,12.8,1
2016-05-20,9.9,80.9,12.2,2
2016-05-21,9.7,81.7,14.4,2
2016-05-22,9.5,76.1,22.3,2
2016-05-23,9.0,78.9,18.1,2
2016-05-24,10.1,68.9,15.0,2
2016-05-25,12.1,73.1,14.4,2
2016-05-26,12.5,79.1,11.5,2
2016-05-27,9.9,89.0,16.4,4
2016-05-28,9.6,84.3,16.6,1
2016-05-29,8.9,86.4,9.4,1
2016-05-30,10.6,77.2,16.9,2
2016-05-31,8.9,81.0,12.8,2
2016-06-01,9.1,86.1,12.7,2
2016-06-02,10.7,82.4,16.1,5
2016-06-03,11.0,84.6,14.4,4
2016-06-04,10.6,83.6,17.8,2
2016-06-05,8.9,87.8,11.1,4
2016-06-06,7.7,86.4,9.5,5
2016-06-07,7.2,74.2,12.8,0
2016-06-08,7.7,77.7,12.9,2
2016-06-09,7.3,83.2,7.6,2
2016-06-10,8.7,85.1,11.0,2
2016-06-11,7.6,88.3,12.8,1
2016-06-12,7.2,84.2,9.4,1
2016-06-13,9.0,78.9,11.0,2
2016-06-14,9.3,78.7,16.3,2
2016-06-15,8.7,84.5,11.2,2
2016-06-16,10.8,78.7,12.5,1
2016-06-17,9.6,85.4,14.8,1
2016-06-18,9.4,82.0,9.3,2
2016-06-19,9.7,81.5,11.0,1
2016-06-20,9.8,68.5,11.0,1
2016-06-21,6.6,74.6,11.0,2
2016-06-22,7.6,65.4,16.3,0
2016-06-23,8.4,73.6,14.6,0
2016-06-24,9.2,79.3,9.4,5
2016-06-25,7.7,95.4,23.0,9
2016-06-26,7.8,81.7,16.6,5
2016-06-27,6.9,87.0,11.0,1
2016-06-28,7.0,81.0,18.0,2
2016-06-29,8.0,82.0,12.9,2
2016-06-30,9.9,75.0,17.9,0
2016-07-01,13.5,76.8,16.3,1
2016-07-02,14.3,78.8,21.9,2
2016-07-03,12.8,87.9,12.7,4
2016-07-04,9.5,89.2,14.6,4
2016-07-05,8.7,77.3,11.1,2
2016-07-06,7.7,67.6,11.1,0
2016-07-07,8.4,63.1,18.4,0
2016-07-08,9.5,68.2,11.1,2
2016-07-09,11.5,64.0,20.0,0
2016-07-10,12.2,67.9,22.0,0
2016-07-11,14.5,68.6,14.5,0
2016-07-12,13.3,77.6,21.8,2
2016-07-13,14.2,72.9,12.8,2
2016-07-14,13.8,63.4,21.8,0
2016-07-15,11.2,79.1,18.3,2
2016-07-16,9.1,71.0,16.4,2
2016-07-17,8.3,77.6,14.8,1
2016-07-18,8.0,74.2,10.8,1
2016-07-19,8.3,70.7,20.1,1
2016-07-20,8.1,72.9,13.0,0
2016-07-21,8.6,72.4,12.8,0
2016-07-22,10.0,73.2,16.4,0
2016-07-23,10.9,71.2,11.0,2
2016-07-24,12.5,63.0,13.0,0
2016-07-25,14.0,67.1,23.6,0
2016-07-26,14.1,69.2,20.3,2
2016-07-27,8.1,77.3,22.1,1
2016-07-28,8.3,71.8,9.3,2
2016-07-29,9.9,65.6,14.4,2
2016-07-30,10.3,70.0,13.0,0
2016-07-31,13.5,68.0,23.6,0
2016-08-01,12.5,69.2,16.2,2
2016-08-02,13.9,59.8,20.0,0
2016-08-03,14.1,64.7,23.6,0
2016-08-04,13.1,69.1,9.5,0
2016-08-05,16.9,61.7,18.1,0
2016-08-06,17.2,71.2,27.5,2
2016-08-07,13.4,89.7,14.6,4
2016-08-08,15.6,71.8,22.1,5
2016-08-09,15.5,71.3,18.2,5
2016-08-10,14.5,69.8,16.6,2
2016-08-11,13.1,69.8,18.1,0
2016-08-12,14.1,63.9,23.9,0
2016-08-13,16.1,57.7,17.8,0
2016-08-14,17.7,53.3,14.6,0
2016-08-15,18.4,51.3,18.1,0
2016-08-16,18.9,49.5,18.2,0
2016-08-17,15.8,49.9,16.6,0
2016-08-18,13.1,52.4,18.1,0
2016-08-19,13.7,48.7,20.4,0
2016-08-20,7.7,63.4,19.4,2
2016-08-21,9.5,56.4,14.6,2
2016-08-22,10.2,56.6,21.9,0
2016-08-23,11.8,51.9,16.4,0
2016-08-24,13.0,52.3,18.3,0
2016-08-25,16.8,44.2,22.1,0
2016-08-26,17.8,48.0,16.5,0
2016-08-27,17.2,52.7,22.3,2
2016-08-28,10.9,62.9,14.8,5
2016-08-29,7.7,82.6,13.0,10
2016-08-30,10.8,61.7,20.2,0
2016-08-31,13.6,52.0,18.3,0
2016-09-01,12.9,54.1,25.8,0
2016-09-02,6.6,80.9,16.6,5
2016-09-03,4.3,79.8,18.2,5
2016-09-04,4.7,63.7,14.8,1
2016-09-05,4.7,59.1,12.7,2
2016-09-06,7.5,56.2,21.9,0
2016-09-07,10.5,50.7,21.9,0
2016-09-08,12.8,46.3,18.4,0
2016-09-09,15.0,45.9,18.1,0
2016-09-10,16.4,49.8,18.4,0
2016-09-11,19.0,41.4,30.6,0
2016-09-12,22.3,47.8,18.2,2
2016-09-13,16.6,47.8,27.9,2
2016-09-14,13.2,55.3,28.4,2
2016-09-15,13.7,53.2,22.1,0
2016-09-16,15.8,51.1,16.6,0
2016-09-17,19.1,47.4,17.0,0
2016-09-18,19.2,47.2,34.7,2
2016-09-19,15.4,60.2,18.7,2
2016-09-20,14.9,65.9,16.4,2
2016-09-21,17.2,58.2,20.3,0
2016-09-22,20.2,51.0,18.2,3
2016-09-23,16.3,70.1,18.1,4
2016-09-24,12.4,68.6,14.4,1
2016-09-25,14.0,68.1,18.3,0
2016-09-26,16.2,64.7,27.4,0
2016-09-27,19.4,58.9,20.5,0
2016-09-28,22.2,53.8,20.4,2
2016-09-29,22.9,50.1,25.4,2
2016-09-30,21.2,54.0,38.1,2
2016-10-01,19.8,59.4,17.9,1
2016-10-02,20.1,71.9,18.2,5
2016-10-03,19.8,65.6,29.5,5
2016-10-04,18.8,73.3,23.9,5
2016-10-05,16.6,60.1,26.3,5
2016-10-06,15.7,55.4,25.5,0
2016-10-07,17.1,52.2,27.1,2
2016-10-08,15.3,68.3,22.4,1
2016-10-09,14.7,70.9,31.7,2
2016-10-10,18.0,64.9,32.4,2
2016-10-11,20.2,52.5,19.1,2
2016-10-12,23.2,50.3,23.8,2
2016-10-13,22.2,57.8,39.8,2
2016-10-14,21.1,69.2,25.5,2
2016-10-15,22.3,53.2,25.7,2
2016-10-16,24.2,54.7,33.5,2
2016-10-17,21.3,71.8,32.4,2
2016-10-18,18.1,79.1,32.5,2
2016-10-19,17.1,71.9,26.8,2
2016-10-20,13.9,77.2,14.8,4
2016-10-21,12.7,83.5,18.2,4
2016-10-22,15.7,73.9,31.0,2
2016-10-23,19.7,55.2,33.1,2
2016-10-24,22.8,56.4,29.5,3
2016-10-25,17.5,77.0,29.5,5
2016-10-26,17.4,60.2,23.6,5
2016-10-27,17.3,51.4,21.8,2
2016-10-28,17.8,49.4,18.2,2
2016-10-29,17.4,51.8,16.6,0
2016-10-30,19.3,45.2,29.1,0
2016-10-31,21.7,42.2,27.1,0
2016-11-01,22.9,44.9,34.3,2
2016-11-02,12.9,49.7,23.6,2
2016-11-03,15.3,46.0,21.9,0
2016-11-04,19.1,39.2,20.3,0
2016-11-05,19.0,32.5,29.5,0
2016-11-06,21.3,35.4,29.5,2
2016-11-07,22.2,42.1,24.1,5
2016-11-08,19.9,58.2,20.3,5
2016-11-09,22.6,53.4,18.1,2
2016-11-10,24.2,64.2,20.1,5
2016-11-11,19.4,85.6,29.7,5
2016-11-12,17.8,72.6,36.0,5
2016-11-13,20.8,70.4,21.9,5
2016-11-14,20.9,71.1,25.6,5
2016-11-15,20.6,70.4,36.1,5
2016-11-16,20.2,68.2,36.3,5
2016-11-17,13.4,91.5,17.3,4
2016-11-18,13.5,75.1,27.4,2
2016-11-19,15.0,74.3,16.2,2
2016-11-20,20.0,58.8,22.0,2
2016-11-21,16.2,80.1,14.4,5
2016-11-22,14.5,88.3,18.0,4
2016-11-23,16.8,79.8,23.8,2
2016-11-24,19.5,70.5,18.4,2
2016-11-25,20.6,68.9,20.3,2
2016-11-26,23.9,67.4,23.9,5
2016-11-27,18.8,82.2,29.5,5
2016-11-28,18.5,82.9,22.7,4
2016-11-29,15.4,94.8,11.2,4
2016-11-30,16.5,92.3,10.9,4
2016-12-01,19.5,81.6,17.9,1
2016-12-02,22.7,69.7,23.0,5
2016-12-03,23.4,69.8,23.6,5
2016-12-04,23.6,68.8,20.3,2
2016-12-05,24.1,69.2,35.4,5
2016-12-06,20.2,85.6,29.2,5
2016-12-07,21.2,83.2,21.9,5
2016-12-08,19.4,87.3,29.5,4
2016-12-09,17.0,82.3,12.7,5
2016-12-10,19.0,70.9,21.9,5
2016-12-11,20.4,59.3,16.3,2
2016-12-12,22.0,60.3,20.3,0
2016-12-13,21.4,64.3,29.0,5
2016-12-14,17.6,62.0,16.0,5
2016-12-15,19.4,71.4,18.2,2
2016-12-16,22.0,58.8,25.2,2
2016-12-17,22.3,60.9,16.4,0
2016-12-18,24.2,56.6,25.5,5
2016-12-19,20.7,77.3,14.8,5
2016-12-20,21.5,71.1,16.3,2
2016-12-21,22.7,72.4,16.6,2
2016-12-22,24.5,63.6,18.0,2
2016-12-23,25.0,61.7,18.4,2
2016-12-24,24.5,65.2,22.3,2
2016-12-25,25.0,62.7,29.2,2
2016-12-26,23.9,73.2,36.5,5
2016-12-27,16.8,94.0,31.7,4
2016-12-28,16.9,86.6,13.7,4
2016-12-29,21.1,76.0,14.6,2
2016-12-30,23.4,71.9,19.8,2
2016-12-31,25.4,68.1,11.2,2
2017-01-01,26.1,64.7,16.6,5
2017-01-02,22.2,74.6,18.4,5
2017-01-03,23.7,69.4,20.5,0
2017-01-04,24.5,74.1,18.4,5
2017-01-05,20.8,84.1,23.9,5
2017-01-06,20.9,84.0,17.6,5
2017-01-07,23.3,77.6,18.4,2
2017-01-08,24.6,70.6,16.4,2
2017-01-09,26.1,68.3,26.3,5
2017-01-10,20.4,82.4,24.5,5
2017-01-11,20.9,82.6,13.0,5
2017-01-12,22.5,73.3,14.8,2
2017-01-13,24.4,69.4,17.6,2
2017-01-14,24.1,72.5,34.8,2
2017-01-15,23.7,75.9,29.3,5
2017-01-16,22.8,76.5,11.2,5
2017-01-17,24.8,64.2,24.1,2
2017-01-18,24.2,64.5,21.8,5
2017-01-19,24.9,66.3,21.9,5
2017-01-20,24.0,65.1,14.5,2
2017-01-21,24.4,62.0,21.9,0
2017-01-22,23.2,66.4,27.3,5
2017-01-23,20.2,81.6,16.4,5
2017-01-24,21.2,76.1,20.1,5
2017-01-25,23.3,68.1,20.1,5
2017-01-26,20.3,74.3,16.3,5
2017-01-27,19.5,71.3,16.9,2
2017-01-28,22.3,66.8,16.6,0
2017-01-29,21.8,62.4,14.8,0
2017-01-30,20.1,58.8,22.7,0
2017-01-31,20.3,57.3,22.0,5
2017-02-01,21.6,65.4,25.2,5
2017-02-02,22.2,70.4,18.1,2
2017-02-03,23.3,71.0,22.1,5
2017-02-04,22.9,72.7,31.5,5
2017-02-05,18.5,81.8,17.8,5
2017-02-06,16.4,85.4,29.9,5
2017-02-07,18.6,77.9,14.6,2
2017-02-08,20.0,78.0,14.6,2
2017-02-09,21.3,71.4,27.4,5
2017-02-10,20.8,79.1,36.6,5
2017-02-11,20.1,79.2,29.3,2
2017-02-12,20.5,73.0,18.1,5
2017-02-13,20.0,78.6,21.9,5
2017-02-14,19.7,69.2,18.1,2
2017-02-15,22.2,64.5,22.2,5
2017-02-16,23.6,64.0,20.3,2
2017-02-17,23.5,69.2,28.1,5
2017-02-18,22.5,72.6,25.9,5
2017-02-19,19.9,78.9,20.2,5
2017-02-20,21.7,78.5,22.3,5
2017-02-21,22.1,80.2,24.8,5
2017-02-22,21.2,78.5,21.8,5
2017-02-23,22.8,73.1,16.4,5
2017-02-24,23.7,70.2,23.7,5
2017-02-25,23.4,71.4,22.1,5
2017-02-26,21.3,83.6,14.6,5
2017-02-27,21.6,84.6,12.8,5
2017-02-28,21.5,75.8,20.2,5
2017-03-01,23.3,72.2,23.8,2
2017-03-02,23.3,72.4,14.8,2
2017-03-03,20.6,85.6,18.8,5
2017-03-04,19.7,78.0,21.2,5
2017-03-05,19.6,83.9,23.9,5
2017-03-06,20.9,86.3,11.2,5
2017-03-07,22.0,82.6,21.9,5
2017-03-08,22.2,85.7,28.8,5
2017-03-09,24.8,76.7,32.7,5
2017-03-10,18.0,94.4,24.4,5
2017-03-11,19.1,79.3,22.3,2
2017-03-12,19.0,83.0,22.6,2
2017-03-13,18.4,77.2,12.8,2
2017-03-14,17.6,84.2,11.0,2
2017-03-15,20.5,80.1,37.6,5
2017-03-16,15.9,91.1,11.3,5
2017-03-17,16.2,79.7,21.2,5
2017-03-18,17.6,73.0,14.4,2
2017-03-19,17.4,71.3,13.0,2
2017-03-20,17.3,79.1,9.0,2
2017-03-21,16.8,85.8,16.1,2
2017-03-22,18.2,86.1,14.7,2
2017-03-23,20.0,75.3,16.3,2
2017-03-24,19.6,81.8,18.3,5
2017-03-25,21.1,83.4,17.6,5
2017-03-26,21.1,81.0,22.1,5
2017-03-27,21.0,83.8,13.0,5
2017-03-28,19.9,91.2,15.8,5
2017-03-29,20.1,92.0,20.4,5
2017-03-30,21.0,90.0,9.5,5
2017-03-31,20.6,94.2,13.0,5
2017-04-01,21.6,84.4,25.5,5
2017-04-02,20.9,84.9,16.9,2
2017-04-03,19.2,83.2,18.4,5
2017-04-04,19.1,87.1,12.8,2
2017-04-05,19.3,82.9,12.9,5
2017-04-06,18.3,85.9,18.4,5
2017-04-07,19.0,83.9,18.0,2
2017-04-08,20.2,75.5,18.1,2
2017-04-09,14.5,87.6,18.0,5
2017-04-10,13.2,79.2,16.3,2
2017-04-11,13.1,68.5,16.3,0
2017-04-12,13.7,73.7,18.1,0
2017-04-13,15.6,76.8,14.6,2
2017-04-14,15.7,81.7,11.1,2
2017-04-15,16.8,82.0,14.5,2
2017-04-16,15.1,86.0,11.4,5
2017-04-17,13.2,92.0,12.8,5
2017-04-18,13.6,90.5,11.2,5
2017-04-19,14.2,80.7,11.5,5
2017-04-20,14.9,76.0,11.0,0
2017-04-21,14.2,87.1,11.0,5
2017-04-22,15.7,86.2,23.8,2
2017-04-23,15.9,88.0,14.8,2
2017-04-24,17.4,79.5,13.0,2
2017-04-25,17.2,82.1,29.0,2
2017-04-26,12.2,78.4,18.0,2
2017-04-27,10.8,75.4,18.2,2
2017-04-28,11.4,74.3,12.9,0
2017-04-29,12.9,73.3,16.4,3
2017-04-30,14.3,74.9,16.2,5
2017-05-01,15.5,79.0,18.1,2
2017-05-02,16.8,79.0,12.8,2
2017-05-03,16.5,76.4,24.1,2
2017-05-04,16.0,81.3,14.6,2
2017-05-05,16.3,76.0,25.4,2
2017-05-06,16.7,77.8,20.1,2
2017-05-07,17.3,74.3,20.1,2
2017-05-08,16.8,80.3,27.1,5
2017-05-09,13.9,82.7,14.9,5
2017-05-10,12.4,91.0,9.4,5
2017-05-11,13.6,87.3,7.6,2
2017-05-12,15.6,81.4,16.3,2
2017-05-13,14.6,83.0,31.2,2
2017-05-14,12.9,66.4,20.2,2
2017-05-15,14.9,77.4,18.0,2
2017-05-16,13.0,82.2,17.8,2
2017-05-17,13.2,82.2,20.4,2
2017-05-18,14.3,80.3,21.8,2
2017-05-19,11.2,79.6,16.7,2
2017-05-20,11.2,68.5,18.4,0
2017-05-21,10.2,75.0,11.2,0
2017-05-22,11.7,81.5,16.3,2
2017-05-23,12.5,83.4,12.6,2
2017-05-24,12.7,85.9,11.0,2
2017-05-25,13.9,84.7,11.1,2
2017-05-26,11.8,91.7,16.6,5
2017-05-27,8.8,86.7,14.5,5
2017-05-28,8.2,74.7,16.9,2
2017-05-29,8.3,81.6,9.2,2
2017-05-30,6.9,83.6,21.2,5
2017-05-31,7.5,65.1,11.1,0
2017-06-01,9.3,70.5,12.8,0
2017-06-02,9.3,79.2,9.4,2
2017-06-03,12.5,70.2,11.2,2
2017-06-04,13.3,73.9,16.9,2
2017-06-05,12.5,80.5,12.7,5
2017-06-06,10.8,85.7,13.0,5
2017-06-07,11.6,75.6,21.9,5
2017-06-08,14.1,36.8,27.6,0
2017-06-09,9.8,70.4,13.1,2
2017-06-10,9.7,66.1,18.0,0
2017-06-11,10.9,65.0,15.0,0
2017-06-12,10.2,70.7,16.5,0
2017-06-13,10.4,69.4,14.8,0
2017-06-14,10.7,81.2,10.8,2
2017-06-15,12.4,76.6,14.6,2
2017-06-16,14.7,79.1,23.6,2
2017-06-17,16.2,61.4,26.3,2
2017-06-18,8.7,76.3,20.8,2
2017-06-19,7.1,70.3,16.2,2
2017-06-20,6.3,61.5,19.4,0
2017-06-21,9.0,47.4,16.6,0
2017-06-22,10.8,59.0,26.3,0
2017-06-23,13.0,69.8,12.9,0
2017-06-24,14.0,75.1,20.3,0
2017-06-25,14.6,76.3,16.5,2
2017-06-26,15.6,84.5,13.0,2
2017-06-27,13.6,83.2,20.3,2
2017-06-28,11.5,76.5,16.1,2
2017-06-29,12.0,77.1,11.0,2
2017-06-30,10.2,68.8,14.6,2
2017-07-01,10.1,75.4,20.2,0
2017-07-02,13.1,79.0,18.0,2
2017-07-03,13.7,81.7,11.1,5
2017-07-04,14.0,81.5,20.1,2
2017-07-05,13.8,74.4,14.4,2
2017-07-06,16.2,72.5,16.4,2
2017-07-07,14.4,81.5,18.1,2
2017-07-08,13.3,82.7,13.0,2
2017-07-09,14.0,75.2,14.5,0
2017-07-10,13.2,83.0,12.8,2
2017-07-11,14.3,79.3,20.1,2
2017-07-12,14.3,77.0,18.0,2
2017-07-13,16.2,71.7,14.6,0
2017-07-14,15.1,78.7,23.7,2
2017-07-15,17.7,71.9,20.2,2
2017-07-16,6.6,52.0,24.1,2
2017-07-17,5.3,54.9,13.2,2
2017-07-18,5.5,56.9,18.2,0
2017-07-19,7.2,57.3,16.3,0
2017-07-20,8.8,55.9,14.5,0
2017-07-21,11.3,51.4,18.1,2
2017-07-22,10.7,56.0,14.5,0
2017-07-23,14.1,54.4,20.3,0
2017-07-24,14.6,63.0,20.3,0
2017-07-25,15.8,62.6,16.2,2
2017-07-26,15.6,68.5,16.5,0
2017-07-27,17.2,71.2,20.3,2
2017-07-28,17.4,70.2,24.1,0
2017-07-29,18.3,65.7,22.1,0
2017-07-30,17.5,64.6,21.9,2
2017-07-31,11.6,73.9,14.4,2
2017-08-01,10.1,80.1,21.8,2
2017-08-02,11.2,64.4,21.9,2
2017-08-03,10.3,55.4,18.4,0
2017-08-04,10.7,59.8,23.7,0
2017-08-05,11.9,63.9,18.1,0
2017-08-06,13.5,62.7,16.5,0
2017-08-07,16.7,58.3,23.7,0
2017-08-08,16.6,64.7,27.3,0
2017-08-09,17.3,70.4,16.3,2
2017-08-10,17.2,66.9,16.5,0
2017-08-11,17.0,71.0,29.3,0
2017-08-12,11.8,79.5,24.2,2
2017-08-13,11.7,62.8,20.3,2
2017-08-14,11.2,65.0,16.4,0
2017-08-15,14.0,57.9,23.8,0
2017-08-16,13.9,63.6,20.1,2
2017-08-17,13.8,61.3,23.7,0
2017-08-18,13.7,61.5,20.2,0
2017-08-19,15.7,57.8,36.7,0
2017-08-20,12.3,56.5,22.3,2
2017-08-21,9.0,59.1,18.4,0
2017-08-22,11.0,51.3,20.4,0
2017-08-23,14.6,45.6,23.9,0
2017-08-24,15.3,48.0,18.2,0
2017-08-25,18.8,47.7,68.7,0
2017-08-26,16.8,66.5,18.1,2
2017-08-27,17.8,66.7,18.1,0
2017-08-28,19.8,63.6,18.2,0
2017-08-29,20.2,67.2,35.1,5
2017-08-30,9.8,75.9,16.7,5
2017-08-31,13.0,52.8,16.4,2
2017-09-01,15.4,61.2,23.9,0
2017-09-02,20.8,50.7,22.0,0
2017-09-03,21.8,53.0,22.3,0
2017-09-04,14.8,53.4,15.8,2
2017-09-05,13.9,49.8,27.2,2
2017-09-06,13.9,56.7,20.3,0
2017-09-07,15.9,60.7,20.2,2
2017-09-08,16.1,70.2,20.4,2
2017-09-09,18.3,66.4,20.3,5
2017-09-10,15.9,73.9,26.0,2
2017-09-11,11.9,58.4,16.0,2
2017-09-12,13.8,53.6,14.6,2
2017-09-13,12.7,54.6,22.2,0
2017-09-14,15.0,46.8,14.7,0
2017-09-15,10.9,62.6,21.9,5
2017-09-16,10.7,79.7,12.9,2
2017-09-17,12.5,64.5,16.5,2
2017-09-18,15.0,55.9,18.2,0
2017-09-19,17.8,51.7,22.3,0
2017-09-20,22.1,46.4,27.4,0
2017-09-21,16.5,48.7,175.7,2
2017-09-22,14.8,59.1,18.1,2
2017-09-23,16.5,59.0,17.9,0
2017-09-24,17.6,58.4,20.4,0
2017-09-25,20.8,55.8,21.5,2
2017-09-26,21.8,56.9,20.3,2
2017-09-27,19.5,64.2,20.8,5
2017-09-28,13.3,87.1,17.9,5
2017-09-29,16.6,75.0,14.6,2
2017-09-30,19.5,55.3,31.3,0
2017-10-01,16.8,47.5,35.1,2
2017-10-02,16.3,35.1,31.0,2
2017-10-03,16.8,39.6,18.4,0
2017-10-04,19.4,40.0,24.1,0
2017-10-05,21.3,39.8,25.2,2
2017-10-06,21.5,45.6,27.2,2
2017-10-07,19.4,54.4,15.1,2
2017-10-08,21.6,55.2,32.6,2
2017-10-09,18.0,82.3,24.1,5
2017-10-10,19.0,77.9,29.0,2
2017-10-11,17.7,73.5,23.7,5
2017-10-12,13.5,80.1,23.6,5
2017-10-13,9.8,83.4,16.2,5
2017-10-14,13.3,62.9,12.9,2
2017-10-15,15.7,52.7,24.0,2
2017-10-16,19.2,51.0,22.2,2
2017-10-17,23.6,47.9,18.0,2
2017-10-18,26.1,45.7,25.4,3
2017-10-19,17.4,72.5,23.4,5
2017-10-20,18.9,64.6,18.2,0
2017-10-21,18.8,69.9,37.1,5
2017-10-22,12.9,70.9,15.0,5
2017-10-23,15.5,60.8,16.5,2
2017-10-24,19.5,56.8,18.2,0
2017-10-25,22.4,56.5,23.4,2
2017-10-26,21.7,61.9,29.4,2
2017-10-27,20.6,65.0,26.0,2
2017-10-28,20.6,64.8,25.8,2
2017-10-29,23.5,49.7,20.4,3
2017-10-30,21.0,56.7,36.3,5
2017-10-31,21.6,52.7,29.0,2
2017-11-01,21.0,55.8,23.9,2
2017-11-02,24.0,53.2,20.3,2
2017-11-03,23.4,57.9,31.0,2
2017-11-04,17.6,80.4,16.6,5
2017-11-05,17.0,81.7,18.3,5
2017-11-06,19.0,75.5,12.8,2
2017-11-07,22.1,65.4,14.8,2
2017-11-08,21.3,69.4,25.6,5
2017-11-09,18.2,88.5,21.9,5
2017-11-10,18.6,83.2,23.5,5
2017-11-11,19.4,66.2,20.1,2
2017-11-12,20.7,57.3,20.5,2
2017-11-13,21.9,54.1,22.1,0
2017-11-14,23.2,51.6,23.9,2
2017-11-15,26.0,47.9,23.9,0
2017-11-16,20.4,44.0,26.4,2
2017-11-17,20.1,47.8,20.2,0
2017-11-18,15.5,66.1,33.5,2
2017-11-19,17.3,57.5,18.2,0
2017-11-20,21.7,49.8,22.2,0
2017-11-21,18.8,63.4,29.5,5
2017-11-22,17.5,73.5,14.5,2
2017-11-23,20.1,57.7,23.9,0
2017-11-24,23.5,50.5,27.3,0
2017-11-25,19.7,56.0,25.9,2
2017-11-26,20.6,53.4,20.4,0
2017-11-27,23.0,44.8,27.4,5
2017-11-28,20.7,71.7,23.7,5
2017-11-29,24.5,53.5,16.4,5
2017-11-30,23.6,57.8,25.9,5
2017-12-01,25.1,55.7,23.7,5
2017-12-02,23.1,69.7,25.6,5
2017-12-03,21.0,74.7,27.2,5
2017-12-04,16.7,89.7,13.0,5
2017-12-05,17.2,84.5,14.5,5
2017-12-06,20.7,75.3,14.5,2
2017-12-07,22.9,68.0,20.1,2
2017-12-08,24.6,61.9,16.6,2
2017-12-09,22.8,72.9,34.7,5
2017-12-10,23.2,69.5,14.4,5
2017-12-11,20.7,75.6,12.0,5
2017-12-12,22.8,66.4,14.8,2
2017-12-13,24.4,64.1,20.2,2
2017-12-14,22.9,73.6,24.0,5
2017-12-15,23.1,76.5,16.5,5
2017-12-16,26.6,62.2,25.7,2
2017-12-17,22.2,76.7,40.2,5
2017-12-18,17.1,86.6,16.2,5
2017-12-19,20.4,77.1,13.0,2
2017-12-20,23.9,68.4,25.1,5
2017-12-21,23.7,75.7,24.1,5
2017-12-22,22.9,74.8,18.2,5
2017-12-23,20.5,87.0,27.8,5
2017-12-24,18.6,75.6,14.6,5
2017-12-25,20.5,78.7,12.8,5
2017-12-26,22.1,71.1,14.7,0
2017-12-27,23.6,68.7,21.8,5
2017-12-28,21.3,83.3,13.3,5
2017-12-29,22.9,67.0,16.0,0
2017-12-30,24.0,62.4,18.2,2
2017-12-31,23.1,72.0,21.9,5
2018-01-01,19.3,89.1,25.9,4
2018-01-02,21.4,65.1,20.3,5
2018-01-03,23.2,63.7,29.0,2
2018-01-04,22.7,67.3,13.1,2
2018-01-05,22.5,71.9,41.4,5
2018-01-06,19.3,82.7,29.4,5
2018-01-07,19.5,78.5,10.8,5
2018-01-08,19.8,83.2,14.7,5
2018-01-09,19.8,81.2,16.2,5
2018-01-10,22.2,68.5,18.2,2
2018-01-11,22.6,67.9,16.2,2
2018-01-12,24.0,69.5,12.9,5
2018-01-13,20.4,85.0,25.8,5
2018-01-14,19.1,80.6,14.5,5
2018-01-15,21.0,72.9,16.3,2
2018-01-16,21.9,71.1,20.2,2
2018-01-17,22.5,74.8,18.1,5
2018-01-18,18.6,92.3,14.8,4
2018-01-19,18.9,83.9,14.5,4
2018-01-20,18.4,87.6,21.9,4
2018-01-21,20.9,74.1,17.8,5
2018-01-22,22.7,72.2,20.3,2
2018-01-23,23.8,74.5,21.9,5
2018-01-24,21.5,82.2,16.4,5
2018-01-25,20.6,86.2,14.7,5
2018-01-26,20.3,88.3,14.5,4
2018-01-27,22.5,78.6,18.1,5
2018-01-28,20.4,82.9,18.8,5
2018-01-29,20.0,83.9,11.2,5
2018-01-30,21.4,81.0,11.0,5
2018-01-31,20.9,88.0,16.3,5
2018-02-01,21.3,72.0,16.0,5
2018-02-02,22.3,68.4,11.2,2
2018-02-03,23.4,70.3,17.9,2
2018-02-04,23.4,77.7,16.2,2
2018-02-05,23.5,77.6,23.6,2
2018-02-06,24.0,72.4,18.1,2
2018-02-07,22.8,75.5,16.6,5
2018-02-08,23.3,67.8,13.1,5
2018-02-09,23.8,65.1,25.4,5
2018-02-10,21.0,79.0,20.4,5
2018-02-11,20.0,86.4,14.7,5
2018-02-12,15.8,86.9,13.0,4
2018-02-13,16.9,84.3,14.6,1
2018-02-14,18.7,82.3,11.0,1
2018-02-15,19.5,87.8,12.8,5
2018-02-16,20.7,80.9,17.9,5
2018-02-17,19.1,84.1,25.9,5
2018-02-18,20.7,78.1,14.4,5
2018-02-19,21.4,73.5,25.6,5
2018-02-20,21.4,71.2,14.4,5
2018-02-21,19.7,79.0,18.2,5
2018-02-22,19.0,78.0,13.0,5
2018-02-23,20.5,74.5,15.1,2
2018-02-24,19.6,80.0,12.8,4
2018-02-25,19.2,84.2,12.8,4
2018-02-26,18.5,88.1,12.9,5
2018-02-27,19.7,79.2,20.3,5
2018-02-28,17.5,88.0,11.5,4
2018-03-01,18.0,87.5,14.6,4
2018-03-02,20.7,79.5,20.0,5
2018-03-03,21.7,80.5,11.0,5
2018-03-04,22.4,77.9,14.6,5
2018-03-05,19.2,88.8,29.7,5
2018-03-06,17.3,87.7,13.0,4
2018-03-07,17.6,87.4,23.7,4
2018-03-08,19.9,82.9,16.6,2
2018-03-09,20.9,77.2,16.4,2
2018-03-10,21.5,76.5,16.4,2
2018-03-11,22.7,75.5,18.1,5
2018-03-12,18.7,87.5,12.9,5
2018-03-13,21.3,80.3,23.6,2
2018-03-14,20.9,82.4,16.4,2
2018-03-15,20.8,76.9,29.7,2
2018-03-16,20.8,77.7,16.4,2
2018-03-17,22.3,79.0,13.0,2
2018-03-18,23.5,78.2,27.5,5
2018-03-19,15.4,86.4,18.4,4
2018-03-20,18.2,72.7,16.4,2
2018-03-21,18.5,62.2,17.9,2
2018-03-22,17.3,77.5,14.6,2
2018-03-23,18.5,78.5,16.3,2
2018-03-24,20.1,75.4,27.2,5
2018-03-25,15.4,76.1,14.6,5
2018-03-26,14.1,80.1,14.6,2
2018-03-27,14.0,79.4,17.8,2
2018-03-28,17.6,72.1,14.7,2
2018-03-29,17.7,79.5,16.4,5
2018-03-30,19.6,71.9,18.0,5
2018-03-31,20.1,70.8,16.3,2
2018-04-01,19.3,79.4,32.9,5
2018-04-02,17.2,85.0,11.2,5
2018-04-03,18.3,81.0,11.0,2
2018-04-04,18.0,75.1,16.4,0
2018-04-05,18.5,77.7,14.7,5
2018-04-06,18.9,84.2,13.0,5
2018-04-07,20.8,81.6,24.0,5
2018-04-08,21.2,89.3,16.6,5
2018-04-09,20.9,86.2,14.7,5
2018-04-10,22.0,83.0,14.9,2
2018-04-11,22.6,81.5,12.8,2
2018-04-12,20.9,82.0,28.9,5
2018-04-13,12.3,89.6,14.8,4
2018-04-14,12.8,89.3,12.6,4
2018-04-15,15.1,87.2,11.2,2
2018-04-16,16.7,81.2,10.8,2
2018-04-17,18.3,78.4,11.2,2
2018-04-18,17.7,81.5,20.4,2
2018-04-19,19.9,78.9,11.0,2
2018-04-20,20.6,76.5,12.7,2
2018-04-21,20.8,76.9,12.8,2
2018-04-22,20.1,78.3,9.0,2
2018-04-23,20.2,78.4,18.4,5
2018-04-24,20.0,84.7,14.3,5
2018-04-25,20.0,88.0,14.8,5
2018-04-26,18.7,92.5,13.0,4
2018-04-27,21.0,82.8,10.9,2
2018-04-28,21.1,82.2,16.4,2
2018-04-29,19.6,86.5,5.6,2
2018-04-30,21.3,81.5,14.3,2
2018-05-01,21.4,83.8,22.1,5
2018-05-02,21.4,86.6,18.2,5
2018-05-03,21.1,82.7,18.1,2
2018-05-04,20.8,85.2,14.6,5
2018-05-05,19.4,86.2,18.1,5
2018-05-06,17.6,90.1,13.0,4
2018-05-07,18.9,86.3,14.4,5
2018-05-08,19.4,83.2,12.9,2
2018-05-09,19.1,82.9,9.4,2
2018-05-10,17.3,88.4,25.7,5
2018-05-11,16.7,75.4,14.6,2
2018-05-12,15.5,80.8,9.4,2
2018-05-13,16.7,77.5,14.5,2
2018-05-14,17.7,75.4,14.3,2
2018-05-15,16.6,77.4,9.4,5
2018-05-16,15.9,85.1,14.5,5
2018-05-17,14.8,85.6,9.4,2
2018-05-18,14.5,80.6,20.7,2
2018-05-19,13.1,75.4,12.8,2
2018-05-20,10.9,80.6,20.1,2
2018-05-21,12.4,76.4,16.0,2
2018-05-22,12.3,77.5,13.0,1
2018-05-23,11.9,79.5,14.6,2
2018-05-24,12.9,72.2,11.2,2
2018-05-25,11.5,76.7,12.8,2
2018-05-26,12.2,80.5,11.0,2
2018-05-27,13.8,79.9,18.1,0
2018-05-28,15.0,82.0,16.6,2
2018-05-29,16.3,80.2,14.6,2
2018-05-30,15.7,82.2,12.9,2
2018-05-31,13.0,84.8,18.2,4
2018-06-01,6.7,89.8,12.9,4
2018-06-02,5.6,81.9,16.1,1
2018-06-03,5.1,84.7,11.2,1
2018-06-04,4.8,86.7,9.4,1
2018-06-05,5.3,80.2,9.3,1
2018-06-06,6.0,77.4,14.6,2
2018-06-07,7.0,71.8,12.8,0
2018-06-08,8.2,73.6,12.8,0
2018-06-09,11.3,69.0,16.4,0
2018-06-10,15.9,52.5,28.5,2
2018-06-11,18.5,38.0,38.0,0
2018-06-12,10.9,47.3,25.3,2
2018-06-13,6.6,57.7,21.9,2
2018-06-14,5.8,65.8,14.6,1
2018-06-15,4.8,72.6,17.3,2
2018-06-16,3.9,77.5,18.1,2
2018-06-17,6.4,72.1,14.5,0
2018-06-18,8.6,68.5,14.6,0
2018-06-19,9.9,71.8,10.8,0
2018-06-20,11.5,68.5,14.8,0
2018-06-21,12.4,69.1,15.4,0
2018-06-22,12.4,73.6,11.8,0
2018-06-23,12.1,77.0,36.7,5
2018-06-24,8.5,69.9,13.8,5
2018-06-25,7.5,70.5,14.6,0
2018-06-26,8.9,65.8,16.3,0
2018-06-27,11.1,61.8,14.6,0
2018-06-28,11.9,62.1,16.3,0
2018-06-29,12.6,69.2,20.0,0
2018-06-30,12.9,76.1,14.5,2
2018-07-01,11.5,80.2,16.0,2
2018-07-02,12.8,75.2,22.3,5
2018-07-03,9.3,89.7,13.0,4
2018-07-04,9.1,84.5,21.9,2
2018-07-05,8.0,89.1,16.0,2
2018-07-06,7.9,88.9,9.0,2
2018-07-07,8.5,83.2,10.8,1
2018-07-08,8.1,73.9,23.3,1
2018-07-09,6.9,71.2,16.2,2
2018-07-10,4.9,81.5,11.1,2
2018-07-11,5.9,79.7,7.5,2
2018-07-12,7.8,75.7,12.5,2
2018-07-13,11.0,59.0,16.3,0
2018-07-14,12.9,49.2,10.8,0
2018-07-15,14.0,55.9,20.4,0
2018-07-16,12.7,73.6,14.4,2
2018-07-17,12.3,76.6,18.1,2
2018-07-18,13.6,77.9,16.3,2
2018-07-19,10.3,85.2,14.8,4
2018-07-20,5.5,81.7,16.6,5
2018-07-21,6.3,67.8,14.7,0
2018-07-22,10.4,60.7,24.1,0
2018-07-23,6.5,50.1,13.3,2
2018-07-24,7.0,39.7,14.6,2
2018-07-25,4.7,56.9,10.9,0
2018-07-26,6.4,61.3,18.1,0
2018-07-27,7.9,58.7,20.2,0
2018-07-28,9.0,54.3,20.1,0
2018-07-29,8.2,60.8,24.1,0
2018-07-30,9.1,61.6,23.5,0
2018-07-31,9.4,68.1,16.5,2
2018-08-01,8.6,74.0,16.3,2
2018-08-02,10.4,67.0,18.0,2
2018-08-03,9.5,69.0,20.1,0
2018-08-04,10.1,67.9,22.1,0
2018-08-05,10.8,66.0,18.1,0
2018-08-06,11.8,64.7,20.4,0
2018-08-07,14.7,61.3,14.8,0
2018-08-08,12.2,55.6,16.9,2
2018-08-09,8.8,58.1,16.3,0
2018-08-10,10.0,56.6,21.9,0
2018-08-11,11.3,56.7,16.4,0
2018-08-12,13.7,57.6,13.1,0
2018-08-13,17.3,56.7,19.8,0
2018-08-14,13.5,53.7,20.6,2
2018-08-15,11.4,58.4,22.0,0
2018-08-16,12.1,61.7,20.3,0
2018-08-17,13.5,61.4,17.9,0
2018-08-18,16.8,57.0,17.9,0
2018-08-19,7.8,70.4,22.6,2
2018-08-20,6.1,60.5,14.3,2
2018-08-21,8.7,54.9,16.3,2
2018-08-22,9.4,54.1,23.6,0
2018-08-23,13.7,47.2,25.4,0
2018-08-24,12.5,45.3,31.1,0
2018-08-25,11.3,38.7,16.4,0
2018-08-26,11.3,49.7,16.5,0
2018-08-27,13.1,46.9,22.0,0
2018-08-28,15.6,47.8,16.6,0
2018-08-29,18.7,42.6,20.3,0
2018-08-30,19.1,42.7,25.4,0
2018-08-31,12.9,63.6,25.7,2
2018-09-01,5.9,88.9,20.1,2
2018-09-02,10.0,60.2,12.8,0
2018-09-03,12.6,48.3,16.4,0
2018-09-04,13.7,49.7,16.5,0
2018-09-05,14.9,51.9,20.5,0
2018-09-06,17.7,47.0,22.2,0
2018-09-07,18.9,36.9,20.4,0
2018-09-08,18.1,38.7,18.4,0
2018-09-09,18.4,40.1,18.2,0
2018-09-10,18.5,45.1,25.4,0
2018-09-11,18.6,53.2,16.8,2
2018-09-12,20.0,51.0,20.1,2
2018-09-13,17.9,64.3,33.6,5
2018-09-14,13.3,76.0,16.3,5
2018-09-15,15.5,70.0,31.2,2
2018-09-16,17.5,63.3,31.6,2
2018-09-17,17.3,57.6,20.3,2
2018-09-18,19.1,55.4,25.4,0
2018-09-19,17.8,53.5,27.5,0
2018-09-20,17.2,51.2,21.9,0
2018-09-21,20.2,55.7,21.9,0
2018-09-22,23.2,52.0,23.6,0
2018-09-23,25.6,47.7,25.4,5
2018-09-24,20.4,72.8,27.7,5
2018-09-25,20.3,65.8,25.5,2
2018-09-26,21.3,66.3,16.0,2
2018-09-27,22.5,63.7,20.4,2
2018-09-28,22.4,66.5,23.9,2
2018-09-29,25.2,54.7,25.9,0
2018-09-30,25.2,44.4,23.7,0
2018-10-01,20.2,64.0,33.5,2
2018-10-02,15.3,67.6,23.7,2
2018-10-03,16.6,53.3,23.6,2
2018-10-04,17.8,54.6,25.5,2
2018-10-05,18.1,44.1,18.2,2
2018-10-06,18.8,46.5,23.7,2
2018-10-07,19.9,50.0,18.2,2
2018-10-08,23.1,42.6,16.3,0
2018-10-09,22.7,44.5,27.4,2
2018-10-10,19.8,52.2,25.7,2
2018-10-11,15.1,82.3,14.8,4
2018-10-12,14.7,77.9,25.5,5
2018-10-13,13.7,73.9,29.0,2
2018-10-14,14.8,73.1,21.9,2
2018-10-15,17.1,57.6,34.5,0
2018-10-16,20.0,51.0,22.0,0
2018-10-17,23.5,45.8,18.2,0
2018-10-18,25.7,42.0,33.7,5
2018-10-19,19.7,83.4,20.8,5
2018-10-20,20.1,77.3,20.3,5
2018-10-21,21.1,77.5,20.1,5
2018-10-22,21.8,79.3,22.2,5
2018-10-23,16.9,89.7,18.4,4
2018-10-24,18.1,78.4,16.5,2
2018-10-25,18.5,83.8,20.0,4
2018-10-26,19.1,81.9,20.9,5
2018-10-27,17.1,83.2,22.0,4
2018-10-28,19.0,78.2,25.5,2
2018-10-29,19.6,78.4,18.2,2
2018-10-30,23.4,66.2,23.6,2
2018-10-31,21.3,76.5,16.8,5
2018-11-01,16.1,82.0,16.3,4
2018-11-02,20.4,69.2,16.3,2
2018-11-03,22.6,67.9,23.6,2
2018-11-04,23.9,65.0,22.0,2
2018-11-05,22.2,71.3,28.8,5
2018-11-06,18.2,86.7,20.4,5
2018-11-07,16.6,89.1,14.6,4
2018-11-08,19.1,78.8,21.8,2
2018-11-09,21.3,74.3,20.3,2
2018-11-10,22.7,71.6,23.9,2
2018-11-11,25.1,66.8,27.5,2
2018-11-12,24.7,73.5,27.2,2
2018-11-13,20.6,75.6,20.4,2
2018-11-14,18.0,60.9,20.1,2
2018-11-15,18.7,61.5,22.1,0
2018-11-16,21.3,65.1,20.4,2
2018-11-17,24.5,64.3,26.8,5
2018-11-18,16.2,78.4,29.7,5
2018-11-19,17.5,71.7,22.2,2
2018-11-20,20.5,70.6,18.1,2
2018-11-21,21.3,76.8,20.4,2
2018-11-22,22.3,72.2,45.2,5
2018-11-23,20.5,64.9,23.7,5
2018-11-24,20.3,65.5,25.4,2
2018-11-25,18.3,82.0,18.2,4
2018-11-26,19.6,79.4,25.5,2
2018-11-27,22.1,72.0,21.9,5
2018-11-28,17.3,92.4,15.1,4
2018-11-29,18.8,87.0,18.0,5
2018-11-30,20.2,80.0,20.1,5
2018-12-01,17.6,82.6,29.1,5
2018-12-02,13.8,89.8,18.4,4
2018-12-03,15.5,79.8,16.3,2
2018-12-04,17.4,70.1,20.2,2
2018-12-05,19.3,67.1,23.7,5
2018-12-06,15.0,88.9,16.6,5
2018-12-07,15.5,80.9,16.4,2
2018-12-08,17.2,77.3,13.0,1
2018-12-09,21.8,68.0,18.2,2
2018-12-10,23.7,65.2,25.5,2
2018-12-11,25.0,64.8,24.0,0
2018-12-12,23.3,78.3,34.4,5
2018-12-13,23.6,73.1,16.7,5
2018-12-14,24.2,75.8,23.6,5
2018-12-15,18.9,91.3,18.3,4
2018-12-16,21.0,85.6,16.4,4
2018-12-17,24.2,72.3,30.7,5
2018-12-18,18.7,92.2,18.6,4
2018-12-19,19.3,82.1,18.1,2
2018-12-20,21.7,76.0,25.4,5
2018-12-21,20.1,79.2,20.6,5
2018-12-22,19.6,79.4,14.8,2
2018-12-23,20.7,79.0,17.0,5
2018-12-24,21.6,76.6,22.0,5
2018-12-25,22.5,74.9,18.4,2
2018-12-26,24.1,72.7,18.2,2
2018-12-27,25.1,66.9,20.0,5
2018-12-28,23.3,77.8,24.0,5
2018-12-29,24.3,72.4,27.1,2
2018-12-30,23.3,73.6,43.5,5
2018-12-31,22.5,77.3,22.3,5
2019-01-01,23.4,77.5,22.1,2
2019-01-02,25.3,73.5,16.4,5
2019-01-03,20.8,91.7,13.1,5
2019-01-04,21.7,79.7,16.0,5
2019-01-05,23.3,78.5,18.2,2
2019-01-06,24.7,75.1,16.4,5
2019-01-07,22.6,73.2,21.9,2
2019-01-08,23.5,72.0,22.0,5
2019-01-09,25.0,70.3,21.9,5
2019-01-10,18.6,90.9,22.5,5
2019-01-11,16.8,85.8,14.6,5
2019-01-12,18.4,84.1,18.4,5
2019-01-13,21.4,76.2,14.6,5
2019-01-14,20.1,89.7,11.1,5
2019-01-15,19.9,90.6,20.3,5
2019-01-16,21.5,82.5,14.8,5
2019-01-17,21.7,83.9,35.3,5
2019-01-18,15.8,89.8,16.4,5
2019-01-19,17.1,82.0,18.4,2
2019-01-20,18.4,83.2,14.4,2
2019-01-21,21.8,74.4,12.9,2
2019-01-22,23.5,73.0,9.5,2
2019-01-23,26.1,70.0,11.2,2
2019-01-24,26.8,65.3,18.5,2
2019-01-25,26.3,65.2,18.4,2
2019-01-26,24.8,70.7,31.7,2
2019-01-27,23.8,78.0,20.2,2
2019-01-28,24.7,72.8,16.4,2
2019-01-29,24.6,69.3,23.9,2
2019-01-30,22.3,81.5,27.1,5
2019-01-31,22.4,82.7,18.2,5
2019-02-01,20.5,86.5,20.3,5
2019-02-02,20.4,85.5,25.7,5
2019-02-03,19.4,76.0,27.3,5
2019-02-04,18.7,73.9,16.3,2
2019-02-05,20.3,74.7,16.3,2
2019-02-06,21.0,74.3,21.9,2
2019-02-07,22.7,75.4,20.3,2
2019-02-08,23.2,70.9,16.5,5
2019-02-09,22.0,79.4,23.6,5
2019-02-10,22.4,77.2,14.4,5
2019-02-11,24.0,76.2,28.9,5
2019-02-12,16.1,88.0,16.9,5
2019-02-13,15.8,84.9,16.4,5
2019-02-14,19.7,76.2,16.0,5
2019-02-15,21.2,61.3,20.2,0
2019-02-16,20.5,71.1,16.3,2
2019-02-17,21.7,70.9,12.8,2
2019-02-18,22.2,73.1,14.6,2
2019-02-19,23.5,71.6,20.1,2
2019-02-20,23.1,73.6,14.6,2
2019-02-21,23.8,70.8,11.1,2
2019-02-22,25.1,69.2,16.4,2
2019-02-23,25.1,66.8,20.6,2
2019-02-24,24.7,69.7,22.2,5
2019-02-25,19.6,88.0,24.2,5
2019-02-26,16.0,89.1,13.0,5
2019-02-27,16.5,86.0,11.1,2
2019-02-28,19.1,77.1,18.2,2
2019-03-01,19.4,80.1,11.2,2
2019-03-02,21.8,74.1,17.0,2
2019-03-03,21.9,74.9,18.6,2
2019-03-04,23.4,76.1,25.2,5
2019-03-05,21.7,84.4,23.7,5
2019-03-06,21.9,83.4,16.5,5
2019-03-07,23.7,76.6,20.4,5
2019-03-08,20.1,86.3,30.4,5
2019-03-09,15.2,94.2,16.6,5
2019-03-10,14.6,84.8,13.0,5
2019-03-11,16.2,86.0,16.4,5
2019-03-12,18.2,80.3,14.6,2
2019-03-13,19.5,72.6,21.9,2
2019-03-14,18.5,79.2,13.0,2
2019-03-15,19.3,84.6,18.1,5
2019-03-16,19.7,86.4,20.3,5
2019-03-17,18.3,90.0,18.2,5
2019-03-18,19.2,81.4,14.6,2
2019-03-19,19.6,83.3,20.1,5
2019-03-20,14.4,92.3,16.8,5
2019-03-21,12.9,85.2,13.0,5
2019-03-22,15.2,81.6,12.8,2
2019-03-23,17.1,79.7,14.7,2
2019-03-24,18.1,75.2,16.0,2
2019-03-25,18.4,83.6,20.2,5
2019-03-26,14.7,92.3,16.8,5
2019-03-27,12.6,92.1,14.6,5
2019-03-28,14.1,87.0,9.4,2
2019-03-29,16.7,85.0,11.1,5
2019-03-30,19.8,81.9,16.5,2
2019-03-31,20.3,84.0,14.7,2
2019-04-01,20.9,90.6,12.8,5
2019-04-02,21.1,81.9,20.1,5
2019-04-03,20.5,79.5,16.3,2
2019-04-04,20.6,82.9,18.4,5
2019-04-05,14.5,79.8,20.0,5
2019-04-06,13.5,73.7,16.4,3
2019-04-07,16.1,72.2,16.4,0
2019-04-08,16.5,74.0,20.1,0
2019-04-09,16.0,81.5,16.3,2
2019-04-10,18.8,76.9,16.3,2
2019-04-11,17.3,80.9,18.2,5
2019-04-12,15.9,85.7,16.3,5
2019-04-13,17.1,78.6,14.6,2
2019-04-14,18.5,75.2,14.6,2
2019-04-15,19.4,75.3,16.0,2
2019-04-16,19.0,81.5,20.3,2
2019-04-17,18.8,83.3,14.8,2
2019-04-18,19.1,81.3,14.9,2
2019-04-19,21.0,79.8,20.1,5
2019-04-20,21.2,80.2,16.9,5
2019-04-21,20.1,81.8,18.3,5
2019-04-22,17.0,90.0,16.2,5
2019-04-23,14.5,89.7,14.5,5
2019-04-24,14.7,88.2,16.3,5
2019-04-25,14.9,82.4,13.1,5
2019-04-26,15.3,85.1,12.6,2
2019-04-27,15.4,77.5,11.0,2
2019-04-28,14.8,78.2,20.2,0
2019-04-29,16.2,81.1,14.6,5
2019-04-30,16.8,82.5,20.4,5
2019-05-01,16.0,82.2,18.1,2
2019-05-02,16.9,80.2,12.8,2
2019-05-03,16.7,79.4,18.1,2
2019-05-04,18.5,78.1,14.6,2
2019-05-05,19.4,76.0,11.2,2
2019-05-06,19.6,76.3,14.5,2
2019-05-07,17.9,86.9,18.1,2
2019-05-08,17.8,87.4,14.7,2
2019-05-09,17.1,86.4,9.4,2
2019-05-10,15.2,88.4,16.8,5
2019-05-11,12.0,77.3,14.6,5
2019-05-12,11.6,73.1,14.8,0
2019-05-13,13.1,71.7,16.3,0
2019-05-14,14.1,76.0,16.3,2
2019-05-15,13.6,79.5,11.2,2
2019-05-16,11.5,84.2,13.0,2
2019-05-17,13.4,79.8,16.4,2
2019-05-18,14.6,73.6,13.3,2
2019-05-19,13.0,78.0,16.4,2
2019-05-20,12.5,81.4,14.3,2
2019-05-21,12.1,87.8,25.7,5
2019-05-22,7.8,92.4,13.0,5
2019-05-23,9.1,75.0,14.6,2
2019-05-24,8.4,71.3,13.0,0
2019-05-25,9.3,73.5,18.1,0
2019-05-26,11.8,72.5,13.0,2
2019-05-27,12.0,76.9,16.3,2
2019-05-28,12.4,84.1,12.8,2
2019-05-29,13.1,86.5,12.8,2
2019-05-30,12.0,85.6,11.0,2
2019-05-31,12.6,83.8,10.9,2
2019-06-01,13.8,81.7,14.6,2
2019-06-02,10.5,81.3,12.8,2
2019-06-03,11.5,76.9,14.6,2
2019-06-04,11.4,79.6,11.2,2
2019-06-05,13.2,79.0,13.0,2
2019-06-06,13.4,77.4,14.4,2
2019-06-07,11.3,86.5,9.7,2
2019-06-08,11.9,77.8,11.0,2
2019-06-09,11.2,79.4,11.2,2
2019-06-10,11.9,76.3,11.2,2
2019-06-11,13.4,77.1,16.3,2
2019-06-12,13.3,78.2,12.7,2
2019-06-13,12.9,82.7,11.2,2
2019-06-14,14.1,88.8,7.7,2
2019-06-15,13.9,90.2,16.6,5
2019-06-16,8.4,86.2,14.8,5
2019-06-17,7.6,79.9,11.0,5
2019-06-18,6.2,72.4,18.5,2
2019-06-19,8.6,62.2,13.0,0
2019-06-20,9.3,65.4,14.6,0
2019-06-21,10.4,71.6,16.2,0
2019-06-22,13.5,76.4,23.7,2
2019-06-23,15.4,74.3,12.8,2
2019-06-24,14.3,67.0,18.2,2
2019-06-25,8.1,87.5,21.2,5
2019-06-26,6.7,75.1,14.6,0
2019-06-27,8.5,71.9,16.5,2
2019-06-28,14.1,58.3,25.2,2
2019-06-29,17.0,68.2,16.2,2
2019-06-30,12.5,76.6,16.4,2
2019-07-01,9.2,77.7,12.5,2
2019-07-02,8.5,81.4,10.9,2
2019-07-03,10.5,66.7,20.2,2
2019-07-04,9.1,81.6,12.8,5
2019-07-05,7.7,84.4,11.1,5
2019-07-06,7.9,78.6,13.0,2
2019-07-07,8.4,73.2,20.4,2
2019-07-08,7.4,81.0,11.2,2
2019-07-09,10.8,72.4,18.1,0
2019-07-10,12.3,72.9,16.3,2
2019-07-11,12.8,75.6,18.0,2
2019-07-12,12.5,84.1,9.5,2
2019-07-13,15.0,79.8,16.3,2
2019-07-14,14.9,73.3,16.3,2
2019-07-15,11.9,81.5,12.7,2
2019-07-16,13.1,81.4,18.4,2
2019-07-17,13.0,74.2,20.3,2
2019-07-18,12.7,71.4,16.5,2
2019-07-19,15.3,66.4,22.1,2
2019-07-20,15.6,69.6,12.9,2
2019-07-21,16.5,57.6,13.0,2
2019-07-22,12.3,63.4,15.1,2
2019-07-23,8.5,41.6,18.2,2
2019-07-24,6.0,56.7,9.7,2
2019-07-25,5.8,70.2,14.6,2
2019-07-26,7.3,59.7,16.5,0
2019-07-27,7.9,65.2,16.6,0
2019-07-28,10.1,68.6,12.8,2
2019-07-29,10.9,65.3,12.8,0
2019-07-30,12.5,57.9,16.4,0
2019-07-31,13.6,61.1,14.8,0
2019-08-01,11.7,57.2,29.7,2
2019-08-02,10.7,46.4,13.1,2
2019-08-03,7.6,52.8,16.6,0
2019-08-04,8.0,55.9,20.3,0
2019-08-05,9.2,56.9,16.3,0
2019-08-06,11.5,55.2,20.2,0
2019-08-07,12.9,53.0,21.9,0
2019-08-08,8.3,62.8,14.7,2
2019-08-09,8.2,51.4,12.9,2
2019-08-10,7.8,49.2,14.9,0
2019-08-11,10.6,45.7,20.2,0
2019-08-12,12.1,53.4,25.7,0
2019-08-13,9.4,51.4,16.9,2
2019-08-14,9.5,54.8,14.6,2
2019-08-15,9.4,61.4,16.3,2
2019-08-16,13.9,54.7,12.9,2
2019-08-17,15.5,54.4,25.4,2
2019-08-18,13.3,54.4,31.0,2
2019-08-19,12.9,45.9,16.6,2
2019-08-20,10.4,59.9,25.5,0
2019-08-21,10.3,60.6,18.3,0
2019-08-22,11.9,57.3,14.4,0
2019-08-23,12.1,56.7,22.3,0
2019-08-24,13.4,60.6,12.9,0
2019-08-25,16.3,55.9,16.6,0
2019-08-26,18.6,56.0,21.9,0
2019-08-27,18.8,61.4,20.4,0
2019-08-28,20.9,61.5,18.5,0
2019-08-29,22.5,53.5,16.4,0
2019-08-30,19.3,50.7,27.3,0
2019-08-31,14.2,30.8,21.8,2
2019-09-01,11.6,43.9,22.3,0
2019-09-02,11.6,51.4,13.0,2
2019-09-03,12.8,45.6,27.3,2
2019-09-04,10.3,61.3,21.9,2
2019-09-05,10.9,68.5,16.3,2
2019-09-06,14.2,56.0,12.9,2
2019-09-07,14.9,58.8,23.9,2
2019-09-08,14.4,64.2,18.2,2
2019-09-09,19.6,37.0,28.9,0
2019-09-10,14.1,65.0,20.1,2
2019-09-11,11.6,74.0,16.3,5
2019-09-12,13.4,62.7,22.1,5
2019-09-13,12.8,56.7,14.9,0
2019-09-14,15.7,56.3,25.5,2
2019-09-15,20.9,44.7,13.0,2
2019-09-16,16.7,58.0,32.0,2
2019-09-17,13.2,68.2,23.6,2
2019-09-18,16.6,41.3,18.2,2
2019-09-19,17.7,48.4,36.3,2
2019-09-20,13.0,32.6,23.2,2
2019-09-21,11.6,44.9,16.2,2
2019-09-22,15.2,50.2,27.3,0
2019-09-23,16.6,48.4,16.4,2
2019-09-24,18.3,45.2,20.3,2
2019-09-25,20.5,40.1,20.4,2
2019-09-26,19.3,43.1,20.4,0
2019-09-27,19.5,43.2,25.5,0
2019-09-28,21.1,44.0,18.2,0
2019-09-29,22.2,44.1,27.6,0
2019-09-30,24.7,43.1,34.4,0
2019-10-01,22.1,49.2,29.5,2
2019-10-02,13.9,45.6,23.1,2
2019-10-03,15.9,45.2,20.1,2
2019-10-04,14.7,62.9,25.6,2
2019-10-05,13.1,73.8,14.6,2
2019-10-06,14.9,62.1,23.6,2
2019-10-07,17.4,51.4,23.6,0
2019-10-08,19.5,43.6,20.4,0
2019-10-09,20.4,49.4,16.6,2
2019-10-10,22.9,52.5,25.5,2
2019-10-11,25.0,47.2,21.9,0
2019-10-12,25.7,43.0,22.0,2
2019-10-13,21.6,64.3,36.5,5
2019-10-14,14.6,84.0,18.4,5
2019-10-15,12.2,77.6,23.7,5
2019-10-16,11.2,76.8,17.9,2
2019-10-17,13.7,72.3,23.7,2
2019-10-18,14.4,70.1,12.8,2
2019-10-19,14.3,79.1,16.3,2
2019-10-20,15.2,77.8,16.3,2
2019-10-21,17.4,56.2,13.0,0
2019-10-22,17.3,50.5,18.0,0
2019-10-23,18.3,55.0,22.4,2
2019-10-24,20.1,53.1,29.1,2
2019-10-25,21.5,51.3,22.0,2
2019-10-26,24.2,50.0,27.3,0
2019-10-27,27.0,42.4,22.1,0
2019-10-28,28.1,32.8,25.7,0
2019-10-29,27.6,48.3,36.6,2
2019-10-30,23.7,67.8,32.7,2
2019-10-31,19.1,68.0,18.2,2
2019-11-01,23.0,62.5,22.1,2
2019-11-02,24.8,62.2,18.2,5
2019-11-03,18.0,91.3,18.2,5
2019-11-04,22.2,66.0,29.1,5
2019-11-05,20.5,59.8,29.1,5
2019-11-06,19.8,76.6,22.1,5
2019-11-07,21.8,76.0,18.4,5
2019-11-08,23.2,70.4,25.6,2
2019-11-09,22.9,72.3,33.9,5
2019-11-10,20.8,72.7,21.9,5
2019-11-11,21.9,67.7,16.4,2
2019-11-12,22.4,68.7,12.9,5
2019-11-13,21.2,71.5,29.7,5
2019-11-14,23.4,56.2,16.5,2
2019-11-15,22.8,57.2,20.6,2
2019-11-16,23.3,58.4,20.4,2
2019-11-17,24.1,51.4,20.1,2
2019-11-18,24.7,50.5,18.2,2
2019-11-19,24.4,52.6,18.4,2
2019-11-20,26.0,48.6,23.7,5
2019-11-21,25.9,53.6,23.7,2
2019-11-22,23.2,69.9,25.5,5
2019-11-23,21.7,70.7,25.5,5
2019-11-24,22.5,71.7,23.9,2
2019-11-25,25.8,62.4,25.5,5
2019-11-26,20.4,79.7,28.0,5
2019-11-27,19.7,68.6,21.9,5
2019-11-28,20.1,67.5,16.5,2
2019-11-29,23.1,62.9,23.9,0
2019-11-30,24.2,66.1,27.1,5
2019-12-01,17.9,92.6,15.1,5
2019-12-02,18.8,85.7,17.9,5
2019-12-03,20.3,78.3,23.7,5
2019-12-04,18.8,86.0,27.1,5
2019-12-05,17.8,74.2,16.4,5
2019-12-06,19.6,67.2,14.8,2
2019-12-07,21.1,67.5,25.6,5
2019-12-08,21.2,70.1,18.2,5
2019-12-09,21.4,64.8,21.9,2
2019-12-10,22.9,63.5,16.5,2
2019-12-11,23.8,60.2,14.8,2
2019-12-12,22.9,65.3,29.0,5
2019-12-13,18.4,84.7,16.6,5
2019-12-14,22.2,76.3,14.6,2
2019-12-15,20.9,76.1,35.2,2
2019-12-16,18.4,77.5,16.2,5
2019-12-17,20.0,64.1,18.2,5
2019-12-18,21.1,61.7,23.9,2
2019-12-19,23.1,61.5,28.9,2
2019-12-20,24.0,63.8,27.4,5
2019-12-21,20.5,64.0,18.1,5
2019-12-22,19.3,71.9,18.4,5
2019-12-23,21.9,66.3,16.6,2
2019-12-24,23.5,64.0,14.9,0
2019-12-25,24.5,65.2,21.9,2
2019-12-26,23.5,69.1,21.8,2
2019-12-27,25.3,65.2,20.8,2
2019-12-28,25.5,61.1,25.6,2
2019-12-29,23.8,70.4,20.1,2
2019-12-30,24.0,73.3,30.9,5
2019-12-31,23.3,71.6,21.8,5
