datetime,SQM_1_temp,SQM_1_humidity,SQM_1_windspeed,SQM_1_conditions
2015-01-01,13.5,19.9,34.2,0
2015-01-02,14.0,19.7,35.3,2
2015-01-03,14.9,19.5,33.8,2
2015-01-04,15.9,18.3,31.7,1
2015-01-05,15.1,22.4,27.0,1
2015-01-06,15.8,24.0,37.1,2
2015-01-07,16.1,25.3,38.9,2
2015-01-08,15.3,25.0,33.5,2
2015-01-09,16.3,26.0,35.6,2
2015-01-10,16.6,26.8,43.6,2
2015-01-11,17.3,25.7,39.2,2
2015-01-12,15.5,27.7,34.2,2
2015-01-13,14.3,30.9,30.6,2
2015-01-14,14.3,26.1,35.6,2
2015-01-15,15.1,22.9,34.9,5
2015-01-16,14.8,23.7,37.4,2
2015-01-17,15.1,23.5,38.9,2
2015-01-18,15.0,27.7,34.2,2
2015-01-19,14.6,31.5,33.5,2
2015-01-20,15.9,30.1,40.3,2
2015-01-21,16.6,32.2,38.2,2
2015-01-22,17.3,29.0,33.5,2
2015-01-23,16.2,33.6,37.8,2
2015-01-24,16.2,29.6,34.9,2
2015-01-25,16.3,30.8,36.7,5
2015-01-26,16.1,38.6,37.1,5
2015-01-27,13.9,41.0,35.3,0
2015-01-28,14.3,35.9,30.2,0
2015-01-29,15.4,39.0,38.5,2
2015-01-30,15.2,42.8,28.8,2
2015-01-31,16.4,45.6,24.1,2
2015-02-01,16.9,41.9,37.8,2
2015-02-02,17.1,36.6,36.7,2
2015-02-03,17.5,40.6,41.0,2
2015-02-04,16.9,44.0,39.2,2
2015-02-05,16.4,41.0,36.7,2
2015-02-06,16.1,41.0,37.8,2
2015-02-07,14.9,53.5,38.2,2
2015-02-08,14.8,59.5,35.6,2
2015-02-09,13.4,61.4,34.6,2
2015-02-10,13.1,58.8,32.0,2
2015-02-11,14.5,51.5,37.4,2
2015-02-12,15.5,47.0,31.7,2
2015-02-13,16.4,44.9,41.0,1
2015-02-14,15.5,44.2,34.9,2
2015-02-15,15.3,36.5,34.2,0
2015-02-16,14.8,30.2,31.7,3
2015-02-17,14.3,26.7,36.4,3
2015-02-18,12.8,39.0,40.3,0
2015-02-19,11.0,53.3,41.4,0
2015-02-20,11.2,49.6,36.0,0
2015-02-21,12.3,46.0,28.8,0
2015-02-22,14.3,32.9,29.5,2
2015-02-23,15.9,22.7,33.1,0
2015-02-24,16.2,18.7,32.8,0
2015-02-25,16.1,18.5,30.6,0
2015-02-26,15.2,25.8,35.3,0
2015-02-27,14.3,39.7,36.0,3
2015-02-28,14.1,49.4,34.2,0
2015-03-01,14.6,38.7,28.8,0
2015-03-02,14.8,30.0,32.0,0
2015-03-03,14.1,27.2,28.1,0
2015-03-04,15.2,25.9,32.0,0
2015-03-05,15.0,23.8,34.2,2
2015-03-06,15.9,24.8,33.8,0
2015-03-07,16.1,28.8,33.8,2
2015-03-08,16.7,32.0,31.0,2
2015-03-09,17.8,31.2,34.6,0
2015-03-10,17.9,32.3,33.5,0
2015-03-11,17.8,30.3,33.1,0
2015-03-12,16.5,36.6,33.5,0
2015-03-13,15.4,38.5,33.1,0
2015-03-14,15.3,39.4,32.8,2
2015-03-15,16.2,39.9,29.9,5
2015-03-16,15.4,49.0,33.5,2
2015-03-17,15.3,46.9,32.0,2
2015-03-18,15.6,51.2,31.0,4
2015-03-19,15.3,57.9,33.5,5
2015-03-20,15.3,55.8,36.4,2
2015-03-21,15.2,54.7,31.0,2
2015-03-22,14.2,57.1,31.0,4
2015-03-23,12.9,58.0,28.4,4
2015-03-24,10.6,73.7,26.3,5
2015-03-25,10.5,80.4,39.6,5
2015-03-26,9.9,72.2,34.9,5
2015-03-27,9.1,59.9,32.8,3
2015-03-28,8.6,50.5,31.0,0
2015-03-29,10.1,29.7,27.7,0
2015-03-30,10.4,28.2,27.0,0
2015-03-31,11.0,26.1,24.1,0
2015-04-01,12.7,25.7,24.8,2
2015-04-02,13.5,28.4,28.1,2
2015-04-03,12.0,33.2,28.8,2
2015-04-04,11.5,30.7,29.9,0
2015-04-05,12.1,21.8,24.8,0
2015-04-06,13.2,20.0,18.0,2
2015-04-07,14.2,21.1,32.0,2
2015-04-08,12.5,20.8,29.5,0
2015-04-09,13.6,19.8,31.7,2
2015-04-10,13.8,22.0,22.0,2
2015-04-11,13.1,31.4,19.8,1
2015-04-12,13.2,45.7,32.8,2
2015-04-13,12.1,35.5,28.4,0
2015-04-14,12.3,25.7,31.7,0
2015-04-15,11.2,32.0,28.1,0
2015-04-16,10.2,30.2,29.2,2
2015-04-17,10.3,25.4,24.8,2
2015-04-18,11.7,25.4,27.0,1
2015-04-19,10.3,33.4,23.0,2
2015-04-20,10.2,31.4,24.5,2
2015-04-21,10.2,27.9,26.3,0
2015-04-22,11.1,19.9,22.3,3
2015-04-23,12.5,15.1,22.7,2
2015-04-24,13.9,17.0,17.3,2
2015-04-25,14.4,30.0,31.3,0
2015-04-26,13.6,34.5,31.7,2
2015-04-27,13.6,25.8,24.8,0
2015-04-28,13.6,21.6,23.4,0
2015-04-29,12.9,20.8,22.7,0
2015-04-30,12.9,16.1,24.5,0
2015-05-01,11.4,20.6,28.8,0
2015-05-02,9.4,31.3,32.0,0
2015-05-03,8.4,36.6,32.4,0
2015-05-04,8.1,28.9,33.1,0
2015-05-05,8.6,20.3,26.6,2
2015-05-06,11.1,15.6,20.9,2
2015-05-07,9.9,27.6,39.6,2
2015-05-08,8.7,36.3,30.2,0
2015-05-09,8.3,40.2,28.4,2
2015-05-10,9.1,23.4,21.2,0
2015-05-11,10.3,11.7,24.1,2
2015-05-12,9.9,13.8,25.6,2
2015-05-13,9.3,17.7,22.0,2
2015-05-14,8.4,20.8,27.0,0
2015-05-15,7.2,24.7,19.8,0
2015-05-16,7.9,20.0,22.3,0
2015-05-17,8.5,21.0,17.6,0
2015-05-18,8.7,26.2,17.3,0
2015-05-19,9.4,15.9,22.7,0
2015-05-20,9.4,10.1,20.5,0
2015-05-21,9.3,12.2,32.4,0
2015-05-22,9.1,26.7,26.3,0
2015-05-23,8.4,32.8,26.3,2
2015-05-24,8.6,33.9,24.8,1
2015-05-25,8.3,30.0,24.5,1
2015-05-26,6.7,57.5,26.6,2
2015-05-27,6.5,50.6,20.2,0
2015-05-28,7.7,27.2,24.5,2
2015-05-29,7.4,21.0,28.4,2
2015-05-30,6.1,25.4,22.3,2
2015-05-31,6.2,17.0,24.1,2
2015-06-01,7.2,11.6,18.0,2
2015-06-02,8.3,6.8,24.8,0
2015-06-03,10.0,6.7,21.6,0
2015-06-04,10.9,9.5,19.1,0
2015-06-05,11.3,6.7,24.1,2
2015-06-06,11.4,5.7,24.1,2
2015-06-07,11.4,6.1,22.7,0
2015-06-08,9.9,7.8,20.2,0
2015-06-09,9.6,11.5,24.1,0
2015-06-10,8.4,15.9,26.3,0
2015-06-11,8.1,19.6,28.1,0
2015-06-12,7.5,23.8,26.6,0
2015-06-13,6.4,21.4,28.1,0
2015-06-14,6.1,21.6,25.2,0
2015-06-15,7.6,11.6,22.0,0
2015-06-16,7.3,9.7,27.4,0
2015-06-17,6.3,23.1,33.8,2
2015-06-18,7.8,22.0,19.4,0
2015-06-19,8.7,10.4,25.9,2
2015-06-20,9.6,12.0,23.4,2
2015-06-21,9.4,12.1,16.2,2
2015-06-22,10.3,9.6,16.6,2
2015-06-23,9.4,13.7,21.2,2
2015-06-24,9.2,20.2,18.4,0
2015-06-25,9.3,14.1,15.8,2
2015-06-26,10.3,12.6,19.1,2
2015-06-27,9.9,12.9,21.2,2
2015-06-28,10.3,12.3,25.9,2
2015-06-29,8.0,17.2,28.1,2
2015-06-30,6.7,19.6,23.4,2
2015-07-01,7.3,14.5,26.6,2
2015-07-02,7.2,23.5,35.6,2
2015-07-03,6.7,34.8,30.6,2
2015-07-04,6.6,35.4,36.7,2
2015-07-05,5.2,43.2,34.9,2
2015-07-06,3.4,57.1,32.4,2
2015-07-07,3.4,49.5,20.2,0
2015-07-08,5.0,26.9,20.2,0
2015-07-09,5.8,16.4,21.2,0
2015-07-10,6.8,9.9,28.1,2
2015-07-11,6.9,9.1,29.2,2
2015-07-12,5.6,14.4,38.5,2
2015-07-13,0.5,42.1,41.8,2
2015-07-14,0.7,57.8,34.6,0
2015-07-15,2.4,35.7,27.0,0
2015-07-16,4.1,18.1,20.2,0
2015-07-17,6.1,9.0,19.8,0
2015-07-18,6.3,9.2,24.5,0
2015-07-19,5.7,19.0,34.2,2
2015-07-20,6.4,21.0,18.4,2
2015-07-21,7.6,12.1,20.2,2
2015-07-22,7.0,21.4,31.3,2
2015-07-23,6.8,27.4,29.5,2
2015-07-24,7.4,24.8,20.9,2
2015-07-25,8.3,13.9,19.4,2
2015-07-26,8.9,8.4,19.1,0
2015-07-27,8.5,7.9,18.0,0
2015-07-28,9.8,6.3,20.5,2
2015-07-29,10.9,6.0,19.4,0
2015-07-30,8.8,13.0,35.6,0
2015-07-31,8.9,14.5,27.4,0
2015-08-01,9.4,7.3,24.5,0
2015-08-02,8.3,8.6,23.4,0
2015-08-03,9.7,7.6,18.7,2
2015-08-04,9.1,7.8,27.4,2
2015-08-05,9.1,13.7,21.2,2
2015-08-06,10.7,22.5,36.0,2
2015-08-07,9.4,26.9,39.2,0
2015-08-08,6.1,40.8,37.1,0
2015-08-09,1.0,68.8,43.9,10
2015-08-10,3.1,31.8,36.7,2
2015-08-11,4.1,27.3,36.0,0
2015-08-12,2.2,53.1,42.8,0
2015-08-13,4.3,34.2,39.6,0
2015-08-14,3.6,43.1,40.0,0
2015-08-15,6.0,25.6,26.3,2
2015-08-16,4.7,27.9,36.7,2
2015-08-17,2.8,39.7,43.6,0
2015-08-18,6.6,23.3,22.7,2
2015-08-19,8.8,25.4,32.0,2
2015-08-20,8.6,38.7,35.3,0
2015-08-21,8.8,28.5,33.8,2
2015-08-22,9.6,28.6,28.8,2
2015-08-23,9.7,27.5,25.6,0
2015-08-24,9.4,23.8,28.8,0
2015-08-25,7.9,21.7,35.3,0
2015-08-26,7.4,19.0,33.5,0
2015-08-27,9.2,13.3,25.2,0
2015-08-28,13.4,14.1,25.6,0
2015-08-29,14.5,13.3,21.6,0
2015-08-30,14.2,13.8,29.9,0
2015-08-31,14.8,12.2,29.9,0
2015-09-01,13.4,13.3,22.7,0
2015-09-02,12.7,16.2,25.6,0
2015-09-03,12.0,18.8,28.1,0
2015-09-04,11.7,18.9,21.6,0
2015-09-05,10.4,19.5,25.6,2
2015-09-06,7.7,35.0,45.0,0
2015-09-07,5.2,49.9,47.2,0
2015-09-08,5.9,43.1,34.9,0
2015-09-09,6.5,30.8,40.7,0
2015-09-10,7.3,24.9,35.3,0
2015-09-11,8.1,18.5,39.2,0
2015-09-12,7.9,12.8,34.9,0
2015-09-13,9.7,11.7,35.3,0
2015-09-14,10.6,10.8,32.0,0
2015-09-15,10.2,12.9,37.8,0
2015-09-16,9.4,19.9,36.7,0
2015-09-17,9.5,24.2,36.4,0
2015-09-18,10.7,20.0,28.8,0
2015-09-19,11.6,17.5,32.4,0
2015-09-20,11.1,22.1,40.0,0
2015-09-21,11.0,29.5,34.6,0
2015-09-22,11.3,23.0,34.6,0
2015-09-23,9.8,31.9,43.2,0
2015-09-24,8.6,31.0,34.6,0
2015-09-25,9.7,11.4,40.3,0
2015-09-26,8.1,21.5,41.4,0
2015-09-27,8.9,21.8,25.2,0
2015-09-28,11.4,14.4,33.1,0
2015-09-29,11.3,21.2,34.9,0
2015-09-30,10.3,26.3,34.6,0
2015-10-01,9.4,26.0,31.7,0
2015-10-02,10.6,15.4,25.2,2
2015-10-03,12.5,14.5,32.4,2
2015-10-04,12.4,14.3,27.4,0
2015-10-05,13.5,10.4,30.2,0
2015-10-06,13.2,10.9,34.2,2
2015-10-07,11.9,17.0,33.8,1
2015-10-08,10.8,25.2,39.6,2
2015-10-09,9.1,32.0,40.3,0
2015-10-10,8.7,34.3,39.6,2
2015-10-11,7.9,30.7,35.3,0
2015-10-12,9.6,19.0,38.5,0
2015-10-13,9.1,21.8,41.8,0
2015-10-14,7.3,29.2,46.4,0
2015-10-15,9.3,19.5,35.3,0
2015-10-16,11.7,12.9,31.7,2
2015-10-17,14.7,15.0,32.8,2
2015-10-18,9.8,59.1,16.2,1
2015-10-19,9.7,60.6,42.5,2
2015-10-20,11.2,51.5,40.0,0
2015-10-21,11.5,48.1,42.8,0
2015-10-22,13.0,30.2,34.6,0
2015-10-23,13.8,20.7,35.6,2
2015-10-24,13.2,25.7,40.7,2
2015-10-25,12.7,29.2,33.8,0
2015-10-26,12.8,25.5,32.0,2
2015-10-27,13.3,21.4,27.7,0
2015-10-28,13.5,17.4,35.6,0
2015-10-29,12.2,19.9,33.5,0
2015-10-30,13.0,20.6,32.4,0
2015-10-31,11.6,26.5,35.6,0
2015-11-01,10.0,27.6,35.6,0
2015-11-02,8.7,31.4,38.2,8
2015-11-03,7.5,38.1,40.7,0
2015-11-04,8.2,32.5,35.6,8
2015-11-05,11.1,13.8,32.4,0
2015-11-06,11.5,13.9,35.3,0
2015-11-07,11.0,14.7,34.9,0
2015-11-08,11.5,11.5,33.8,2
2015-11-09,11.1,17.7,35.6,2
2015-11-10,12.1,16.4,34.6,0
2015-11-11,13.3,14.6,36.0,0
2015-11-12,13.2,13.3,36.0,0
2015-11-13,14.6,9.6,32.4,2
2015-11-14,14.9,14.0,34.2,2
2015-11-15,13.5,20.6,35.3,0
2015-11-16,13.1,24.7,38.5,0
2015-11-17,12.7,23.6,38.2,0
2015-11-18,12.0,23.1,40.0,0
2015-11-19,11.2,26.2,39.2,0
2015-11-20,11.3,23.8,37.4,2
2015-11-21,12.6,17.1,34.6,0
2015-11-22,13.4,13.7,41.4,2
2015-11-23,14.7,12.7,41.4,2
2015-11-24,14.9,15.0,36.0,2
2015-11-25,15.4,17.5,37.1,2
2015-11-26,15.6,21.8,37.1,0
2015-11-27,15.0,22.2,37.8,0
2015-11-28,13.6,21.0,36.7,5
2015-11-29,12.9,22.6,35.6,0
2015-11-30,12.8,19.5,35.6,0
2015-12-01,13.8,18.5,35.3,2
2015-12-02,14.1,18.7,34.2,0
2015-12-03,14.6,16.6,33.5,0
2015-12-04,14.7,16.5,33.1,0
2015-12-05,14.5,20.1,37.4,0
2015-12-06,14.0,22.6,32.0,3
2015-12-07,14.8,20.4,30.6,2
2015-12-08,14.1,25.5,35.6,0
2015-12-09,13.8,27.3,33.1,0
2015-12-10,14.1,23.3,35.6,0
2015-12-11,14.9,19.9,35.3,0
2015-12-12,14.4,21.8,37.8,0
2015-12-13,13.8,23.1,35.6,0
2015-12-14,13.8,22.9,36.4,0
2015-12-15,15.6,16.2,34.9,0
2015-12-16,15.8,16.1,36.4,0
2015-12-17,15.4,17.7,36.0,0
2015-12-18,15.0,17.1,36.4,0
2015-12-19,14.5,17.8,38.2,3
2015-12-20,14.1,18.5,35.6,2
2015-12-21,13.9,19.4,34.9,2
2015-12-22,14.0,17.9,35.3,1
2015-12-23,14.5,21.0,31.3,2
2015-12-24,16.0,16.7,33.1,5
2015-12-25,17.1,17.2,33.8,2
2015-12-26,16.7,18.7,36.7,2
2015-12-27,15.9,13.9,35.6,2
2015-12-28,14.8,16.7,34.9,3
2015-12-29,14.9,18.1,31.7,0
2015-12-30,16.1,15.1,33.8,0
2015-12-31,16.2,16.7,33.5,0
2016-01-01,15.8,19.0,34.9,2
2016-01-02,15.5,22.8,37.4,2
2016-01-03,14.2,25.2,30.6,5
2016-01-04,14.7,23.1,33.1,0
2016-01-05,15.3,22.3,32.8,2
2016-01-06,14.9,26.6,31.7,3
2016-01-07,15.4,31.9,33.8,5
2016-01-08,15.2,30.8,32.4,2
2016-01-09,15.3,28.0,34.9,3
2016-01-10,15.3,28.3,33.5,2
2016-01-11,15.3,27.0,36.7,2
2016-01-12,14.6,30.5,35.3,2
2016-01-13,14.9,30.6,33.8,0
2016-01-14,14.9,29.4,32.8,3
2016-01-15,15.4,29.1,34.2,0
2016-01-16,16.4,26.1,33.5,3
2016-01-17,16.4,29.8,33.8,0
2016-01-18,17.1,33.8,36.0,5
2016-01-19,17.9,33.7,37.8,2
2016-01-20,17.9,28.8,35.3,2
2016-01-21,18.3,29.5,38.2,2
2016-01-22,18.6,31.4,36.0,2
2016-01-23,18.9,30.8,34.2,0
2016-01-24,17.2,34.3,40.0,0
2016-01-25,15.3,34.2,36.7,0
2016-01-26,14.4,33.8,34.6,2
2016-01-27,15.1,28.8,29.9,0
2016-01-28,16.0,29.6,35.3,0
2016-01-29,15.3,35.4,36.0,0
2016-01-30,15.0,36.9,34.6,3
2016-01-31,15.2,37.0,32.8,3
2016-02-01,15.5,32.6,34.2,0
2016-02-02,14.4,34.5,34.2,3
2016-02-03,14.0,30.8,35.6,0
2016-02-04,13.8,31.5,35.3,0
2016-02-05,14.6,23.0,27.4,0
2016-02-06,16.1,18.7,33.5,5
2016-02-07,16.0,25.3,32.8,5
2016-02-08,17.0,24.6,31.3,2
2016-02-09,16.9,21.6,33.1,5
2016-02-10,17.1,21.6,36.0,2
2016-02-11,17.3,28.3,37.8,2
2016-02-12,17.2,29.2,35.6,2
2016-02-13,16.4,31.6,28.4,5
2016-02-14,18.2,30.8,34.6,5
2016-02-15,18.1,23.8,36.0,2
2016-02-16,17.8,25.8,36.4,2
2016-02-17,18.0,25.5,35.6,2
2016-02-18,17.9,35.7,36.7,5
2016-02-19,18.3,33.8,39.2,3
2016-02-20,17.5,31.7,34.9,0
2016-02-21,16.6,33.7,32.0,2
2016-02-22,15.7,49.8,34.2,2
2016-02-23,16.4,56.7,36.0,5
2016-02-24,16.3,57.0,34.9,2
2016-02-25,15.7,56.9,40.7,2
2016-02-26,14.3,56.5,38.2,2
2016-02-27,14.7,47.7,38.9,0
2016-02-28,15.3,36.7,36.4,0
2016-02-29,15.9,31.8,31.7,0
2016-03-01,16.5,22.4,30.6,0
2016-03-02,17.2,19.5,33.1,0
2016-03-03,17.3,21.8,36.7,2
2016-03-04,15.7,30.7,38.5,0
2016-03-05,13.9,32.8,36.4,3
2016-03-06,13.3,37.1,33.5,0
2016-03-07,13.0,38.3,37.4,0
2016-03-08,12.6,37.0,34.2,0
2016-03-09,13.3,29.2,28.8,0
2016-03-10,14.4,27.0,29.2,0
2016-03-11,13.9,28.8,30.2,0
2016-03-12,12.9,37.3,37.4,0
2016-03-13,13.0,39.9,23.0,0
2016-03-14,15.4,22.1,29.9,2
2016-03-15,16.7,19.4,33.8,0
2016-03-16,17.2,16.5,33.8,2
2016-03-17,17.5,18.8,31.7,2
2016-03-18,17.2,24.2,32.8,2
2016-03-19,16.8,26.8,33.5,3
2016-03-20,16.0,26.9,32.0,2
2016-03-21,15.5,27.5,30.2,2
2016-03-22,16.4,22.1,32.8,1
2016-03-23,14.3,30.3,38.2,2
2016-03-24,11.8,39.1,22.3,3
2016-03-25,12.7,23.8,32.8,3
2016-03-26,12.7,21.6,32.4,3
2016-03-27,12.4,25.8,32.0,0
2016-03-28,13.3,30.3,29.9,0
2016-03-29,13.3,33.0,28.1,0
2016-03-30,14.1,27.7,26.3,2
2016-03-31,15.1,22.3,29.5,2
2016-04-01,13.5,27.2,31.7,0
2016-04-02,14.1,23.0,29.2,2
2016-04-03,14.0,27.7,29.2,5
2016-04-04,15.4,30.4,25.9,2
2016-04-05,14.6,39.8,30.6,5
2016-04-06,13.3,45.4,31.0,0
2016-04-07,13.0,35.8,31.7,0
2016-04-08,13.1,24.7,29.2,2
2016-04-09,13.1,23.0,28.1,2
2016-04-10,13.0,23.0,27.0,5
2016-04-11,12.1,25.8,29.5,2
2016-04-12,10.6,32.3,37.4,0
2016-04-13,10.8,36.2,26.6,0
2016-04-14,12.6,24.3,27.4,0
2016-04-15,13.0,21.2,27.7,0
2016-04-16,13.1,23.5,26.6,2
2016-04-17,13.0,25.5,27.7,1
2016-04-18,12.0,31.8,32.8,2
2016-04-19,10.3,60.5,27.7,5
2016-04-20,8.9,55.8,31.3,0
2016-04-21,10.3,20.9,23.4,0
2016-04-22,10.8,16.7,32.0,0
2016-04-23,9.7,17.9,32.4,2
2016-04-24,8.1,27.2,29.5,2
2016-04-25,8.4,34.6,38.9,5
2016-04-26,7.7,38.2,22.7,5
2016-04-27,8.4,33.1,23.4,2
2016-04-28,11.1,27.2,29.5,2
2016-04-29,11.3,28.1,29.2,2
2016-04-30,12.8,26.8,29.9,0
2016-05-01,11.0,30.4,29.9,2
2016-05-02,11.1,24.5,25.6,2
2016-05-03,11.9,21.9,22.3,2
2016-05-04,11.8,21.3,25.2,2
2016-05-05,9.2,29.8,31.3,2
2016-05-06,9.7,33.0,28.4,2
2016-05-07,7.9,47.2,34.9,2
2016-05-08,7.1,36.5,30.6,2
2016-05-09,6.9,37.5,39.6,2
2016-05-10,6.0,43.4,23.8,2
2016-05-11,6.9,55.9,34.6,2
2016-05-12,8.7,36.9,23.0,0
2016-05-13,9.6,24.0,28.4,0
2016-05-14,8.3,25.9,38.9,2
2016-05-15,9.1,26.1,27.4,2
2016-05-16,9.7,23.4,31.7,2
2016-05-17,8.2,25.9,36.4,0
2016-05-18,7.1,29.1,28.8,2
2016-05-19,6.5,31.4,34.9,2
2016-05-20,6.9,31.7,34.9,2
2016-05-21,8.2,25.5,36.0,2
2016-05-22,9.4,18.3,20.2,2
2016-05-23,10.3,15.2,25.6,2
2016-05-24,9.9,16.3,25.2,2
2016-05-25,9.4,20.5,26.3,2
2016-05-26,8.0,27.1,23.0,2
2016-05-27,6.4,35.7,22.3,2
2016-05-28,7.2,37.1,23.4,0
2016-05-29,6.2,43.6,33.1,2
2016-05-30,5.9,58.7,37.4,2
2016-05-31,4.9,61.3,32.8,2
2016-06-01,4.8,48.3,27.0,2
2016-06-02,5.6,29.1,33.1,2
2016-06-03,4.4,37.2,36.0,2
2016-06-04,4.1,42.3,33.8,2
2016-06-05,4.5,40.9,43.2,2
2016-06-06,3.2,51.6,41.8,2
2016-06-07,4.2,42.0,37.8,2
2016-06-08,5.4,30.6,29.5,2
2016-06-09,7.3,20.5,32.4,2
2016-06-10,9.4,18.6,23.8,2
2016-06-11,9.7,27.3,25.2,0
2016-06-12,9.4,32.0,20.2,2
2016-06-13,8.7,47.2,27.0,2
2016-06-14,8.3,44.3,26.3,0
2016-06-15,8.8,30.0,19.4,0
2016-06-16,7.9,20.5,15.5,2
2016-06-17,7.3,20.0,30.6,2
2016-06-18,5.5,21.4,24.1,0
2016-06-19,4.7,19.0,30.6,0
2016-06-20,4.2,21.8,25.6,0
2016-06-21,5.2,23.2,23.8,0
2016-06-22,7.4,15.7,21.2,2
2016-06-23,8.7,14.6,20.5,2
2016-06-24,4.3,30.7,31.7,2
2016-06-25,-0.6,83.5,41.8,7
2016-06-26,1.4,52.1,28.1,0
2016-06-27,4.7,18.4,22.7,2
2016-06-28,6.5,24.7,18.7,2
2016-06-29,7.8,43.8,20.2,0
2016-06-30,8.9,31.7,20.9,2
2016-07-01,8.8,19.9,22.3,2
2016-07-02,7.6,29.4,34.6,2
2016-07-03,7.0,48.2,39.2,2
2016-07-04,2.9,73.1,30.2,2
2016-07-05,0.7,59.0,34.9,0
2016-07-06,5.6,13.7,25.6,2
2016-07-07,7.2,14.0,20.5,1
2016-07-08,6.1,36.3,14.0,5
2016-07-09,7.0,43.8,31.3,2
2016-07-10,6.8,42.7,29.2,2
2016-07-11,5.3,50.0,29.2,0
2016-07-12,5.9,33.6,28.4,2
2016-07-13,4.5,30.6,34.9,0
2016-07-14,4.6,26.0,34.2,0
2016-07-15,3.2,28.1,39.2,2
2016-07-16,6.1,14.4,23.8,0
2016-07-17,6.4,12.7,23.8,0
2016-07-18,6.1,13.8,21.2,0
2016-07-19,6.8,18.4,28.4,0
2016-07-20,7.7,21.1,19.1,0
2016-07-21,8.6,18.5,21.2,2
2016-07-22,8.6,17.4,17.6,2
2016-07-23,8.5,15.3,21.6,2
2016-07-24,7.6,23.1,28.1,2
2016-07-25,5.3,36.2,19.4,0
2016-07-26,8.2,15.9,20.9,0
2016-07-27,9.5,10.8,26.6,0
2016-07-28,9.2,12.3,23.0,0
2016-07-29,8.8,11.7,20.2,0
2016-07-30,9.4,13.2,27.0,2
2016-07-31,8.7,17.2,30.6,0
2016-08-01,8.7,16.3,29.2,0
2016-08-02,8.5,13.0,23.4,0
2016-08-03,8.5,10.0,19.1,0
2016-08-04,9.1,15.2,25.9,0
2016-08-05,9.1,24.1,28.4,2
2016-08-06,7.7,35.9,23.8,2
2016-08-07,6.8,38.3,24.1,0
2016-08-08,6.7,28.4,20.5,0
2016-08-09,7.2,18.8,20.5,8
2016-08-10,7.6,12.5,20.2,0
2016-08-11,7.8,14.2,23.0,0
2016-08-12,8.8,12.9,21.2,0
2016-08-13,8.9,13.2,24.1,0
2016-08-14,9.0,13.9,25.2,0
2016-08-15,10.2,11.9,33.8,0
2016-08-16,10.4,13.3,33.5,0
2016-08-17,9.3,10.8,31.3,0
2016-08-18,9.0,8.9,32.4,0
2016-08-19,7.9,9.0,32.4,0
2016-08-20,7.8,10.6,32.0,0
2016-08-21,11.0,8.8,20.2,0
2016-08-22,11.7,11.1,25.9,0
2016-08-23,12.6,10.2,32.0,2
2016-08-24,10.6,15.4,27.4,0
2016-08-25,10.5,14.4,23.0,0
2016-08-26,11.3,16.9,25.9,2
2016-08-27,8.7,29.4,23.4,2
2016-08-28,3.8,51.9,46.1,0
2016-08-29,2.1,43.2,27.7,0
2016-08-30,7.5,16.7,25.2,0
2016-08-31,9.3,12.5,31.3,0
2016-09-01,9.6,16.0,31.7,2
2016-09-02,8.4,18.2,32.0,0
2016-09-03,6.8,26.6,35.3,0
2016-09-04,5.5,31.9,38.2,0
2016-09-05,6.4,25.7,28.8,0
2016-09-06,9.5,12.9,29.9,2
2016-09-07,8.3,15.7,34.6,0
2016-09-08,9.4,14.6,23.4,0
2016-09-09,10.9,12.1,27.0,0
2016-09-10,11.6,9.8,28.1,0
2016-09-11,11.9,8.2,29.2,0
2016-09-12,12.5,9.1,32.0,2
2016-09-13,13.1,8.9,31.0,2
2016-09-14,11.6,12.5,32.8,2
2016-09-15,11.1,9.8,32.8,0
2016-09-16,11.8,9.2,29.5,0
2016-09-17,12.5,11.4,32.0,0
2016-09-18,13.7,12.9,28.4,0
2016-09-19,13.8,15.6,31.3,0
2016-09-20,13.2,17.3,33.5,0
2016-09-21,13.0,19.1,32.8,0
2016-09-22,12.9,16.6,29.5,0
2016-09-23,13.4,28.1,32.8,0
2016-09-24,12.9,19.5,31.7,0
2016-09-25,12.5,16.9,26.6,0
2016-09-26,12.9,16.7,31.7,0
2016-09-27,13.0,17.7,34.2,0
2016-09-28,12.6,19.2,31.7,0
2016-09-29,12.7,18.9,33.5,0
2016-09-30,11.8,14.7,30.6,2
2016-10-01,12.7,13.1,31.3,2
2016-10-02,12.3,18.6,33.8,2
2016-10-03,11.8,22.3,32.4,0
2016-10-04,11.4,20.5,36.4,0
2016-10-05,12.0,12.7,38.9,0
2016-10-06,11.7,21.3,36.0,0
2016-10-07,11.8,29.0,40.7,0
2016-10-08,11.5,27.0,34.2,0
2016-10-09,11.6,22.0,31.3,0
2016-10-10,10.9,19.8,27.7,0
2016-10-11,11.3,16.0,32.0,2
2016-10-12,10.0,22.8,34.6,0
2016-10-13,10.2,21.2,28.8,0
2016-10-14,10.9,17.1,35.6,2
2016-10-15,10.5,19.0,38.2,0
2016-10-16,11.1,18.6,35.3,0
2016-10-17,10.8,20.3,38.5,2
2016-10-18,9.0,30.6,44.6,0
2016-10-19,11.0,24.1,33.5,0
2016-10-20,12.2,12.4,31.3,0
2016-10-21,12.7,16.0,36.7,2
2016-10-22,11.9,21.5,41.8,0
2016-10-23,11.7,22.3,32.8,0
2016-10-24,11.8,17.5,33.5,0
2016-10-25,11.9,16.7,34.9,0
2016-10-26,12.5,14.3,41.8,0
2016-10-27,14.0,16.6,31.7,0
2016-10-28,13.3,23.8,32.0,0
2016-10-29,13.0,22.6,33.5,0
2016-10-30,12.2,19.2,34.6,0
2016-10-31,11.7,22.4,36.0,0
2016-11-01,11.0,25.9,37.4,0
2016-11-02,11.8,21.1,38.5,0
2016-11-03,14.1,18.6,38.2,0
2016-11-04,15.7,16.8,33.5,0
2016-11-05,16.7,20.8,34.6,2
2016-11-06,15.7,26.3,36.4,0
2016-11-07,14.9,23.2,32.8,0
2016-11-08,14.2,22.4,34.2,0
2016-11-09,14.6,20.4,32.4,0
2016-11-10,14.8,20.1,35.3,2
2016-11-11,13.2,24.2,36.7,0
2016-11-12,12.3,28.3,32.8,3
2016-11-13,11.7,31.5,33.8,0
2016-11-14,11.3,30.1,35.6,0
2016-11-15,10.7,29.4,33.5,2
2016-11-16,11.3,25.7,30.2,2
2016-11-17,13.0,17.3,27.0,5
2016-11-18,14.1,16.0,32.4,5
2016-11-19,12.8,19.1,35.3,2
2016-11-20,11.2,21.2,33.5,2
2016-11-21,11.4,23.7,33.1,2
2016-11-22,10.9,24.6,38.2,3
2016-11-23,10.6,25.8,37.1,0
2016-11-24,12.3,20.3,31.7,0
2016-11-25,13.3,19.9,31.7,0
2016-11-26,13.0,23.9,29.5,0
2016-11-27,12.7,21.1,34.6,0
2016-11-28,14.0,18.2,29.9,0
2016-11-29,15.2,18.0,34.6,5
2016-11-30,15.8,17.9,31.7,2
2016-12-01,14.8,20.6,37.4,2
2016-12-02,13.8,21.0,31.3,0
2016-12-03,14.6,20.2,31.3,2
2016-12-04,14.7,18.9,35.3,2
2016-12-05,14.8,15.4,32.0,2
2016-12-06,14.5,15.2,31.7,3
2016-12-07,14.0,19.4,36.4,0
2016-12-08,13.0,28.6,37.1,2
2016-12-09,10.0,43.3,42.1,0
2016-12-10,8.9,41.8,40.3,0
2016-12-11,11.3,21.7,31.0,2
2016-12-12,12.9,19.0,32.8,2
2016-12-13,14.2,20.9,33.5,0
2016-12-14,16.5,20.5,32.0,2
2016-12-15,17.1,22.6,37.8,2
2016-12-16,16.2,23.0,33.1,2
2016-12-17,16.0,21.9,32.4,2
2016-12-18,16.1,23.6,32.8,2
2016-12-19,15.7,25.9,36.0,3
2016-12-20,15.3,29.8,36.0,3
2016-12-21,14.9,34.9,41.8,0
2016-12-22,15.9,34.8,38.2,2
2016-12-23,14.8,39.4,34.9,2
2016-12-24,15.6,35.8,29.2,2
2016-12-25,14.1,41.8,36.0,2
2016-12-26,14.6,35.8,37.4,2
2016-12-27,13.8,29.9,34.2,3
2016-12-28,14.3,22.0,29.2,3
2016-12-29,15.1,21.8,34.6,2
2016-12-30,15.5,23.0,30.2,2
2016-12-31,15.8,28.2,39.2,2
2017-01-01,17.2,27.4,34.6,5
2017-01-02,18.1,30.2,36.0,5
2017-01-03,16.8,30.3,36.7,0
2017-01-04,16.7,34.7,35.6,2
2017-01-05,15.5,44.2,36.4,5
2017-01-06,15.7,45.8,40.7,5
2017-01-07,15.5,40.7,36.7,2
2017-01-08,15.7,31.9,40.7,2
2017-01-09,14.9,36.5,40.7,2
2017-01-10,15.0,40.2,34.6,2
2017-01-11,16.4,39.1,30.6,5
2017-01-12,17.5,42.4,36.7,2
2017-01-13,17.1,49.6,36.0,2
2017-01-14,16.2,55.2,42.1,2
2017-01-15,15.3,55.6,37.8,2
2017-01-16,15.3,55.8,33.5,2
2017-01-17,17.3,47.1,34.9,2
2017-01-18,16.9,49.5,27.4,2
2017-01-19,17.2,52.7,29.9,2
2017-01-20,18.5,47.7,41.8,2
2017-01-21,18.0,49.0,39.6,2
2017-01-22,15.0,63.8,39.6,5
2017-01-23,13.0,62.6,33.8,2
2017-01-24,13.6,61.2,31.0,0
2017-01-25,16.9,45.2,42.8,2
2017-01-26,17.3,46.7,38.5,2
2017-01-27,18.1,40.7,36.4,0
2017-01-28,18.9,31.2,37.1,0
2017-01-29,17.9,30.4,40.0,0
2017-01-30,16.1,51.5,41.4,0
2017-01-31,15.1,51.7,38.9,0
2017-02-01,14.4,45.6,35.3,0
2017-02-02,14.1,42.2,34.6,0
2017-02-03,13.2,42.5,33.1,0
2017-02-04,13.7,38.6,30.2,0
2017-02-05,15.5,21.7,30.6,0
2017-02-06,15.5,19.2,32.0,0
2017-02-07,15.1,25.1,34.6,0
2017-02-08,15.5,25.8,31.7,2
2017-02-09,15.5,23.4,33.8,2
2017-02-10,14.6,25.5,34.9,0
2017-02-11,13.3,31.1,33.8,0
2017-02-12,14.1,28.0,32.8,0
2017-02-13,14.5,31.7,31.7,0
2017-02-14,14.4,31.6,33.5,0
2017-02-15,15.1,30.1,33.1,0
2017-02-16,15.0,28.4,31.3,0
2017-02-17,14.0,38.6,32.0,0
2017-02-18,14.0,48.0,32.0,5
2017-02-19,15.2,48.8,32.8,2
2017-02-20,15.9,44.3,36.4,2
2017-02-21,15.4,50.0,34.2,2
2017-02-22,15.7,48.8,33.5,2
2017-02-23,15.9,49.3,36.7,2
2017-02-24,14.9,58.9,35.3,2
2017-02-25,14.1,61.4,39.2,2
2017-02-26,13.9,62.4,34.9,2
2017-02-27,13.7,65.4,36.7,5
2017-02-28,14.0,59.0,34.9,2
2017-03-01,13.7,59.2,34.6,2
2017-03-02,13.7,58.7,35.6,2
2017-03-03,13.7,53.4,32.0,3
2017-03-04,14.8,40.8,29.5,3
2017-03-05,15.7,32.1,31.3,2
2017-03-06,16.2,29.2,30.6,2
2017-03-07,16.9,25.2,29.2,2
2017-03-08,16.7,25.8,33.8,2
2017-03-09,15.5,29.5,32.8,0
2017-03-10,14.9,30.0,33.8,5
2017-03-11,15.8,25.5,33.1,2
2017-03-12,15.7,21.7,34.9,2
2017-03-13,16.1,22.4,34.9,2
2017-03-14,14.9,30.1,35.3,2
2017-03-15,13.5,40.0,33.8,0
2017-03-16,12.6,52.1,32.4,3
2017-03-17,13.0,56.1,27.7,0
2017-03-18,13.9,46.4,24.8,0
2017-03-19,13.6,38.5,27.0,0
2017-03-20,13.5,23.5,29.9,0
2017-03-21,13.1,26.4,31.3,0
2017-03-22,13.3,28.5,30.2,0
2017-03-23,13.3,28.2,32.8,2
2017-03-24,12.9,28.5,26.3,2
2017-03-25,13.5,27.9,26.6,2
2017-03-26,13.0,27.2,26.6,0
2017-03-27,13.5,23.7,23.8,0
2017-03-28,14.4,28.7,29.5,5
2017-03-29,13.9,39.7,31.0,5
2017-03-30,13.7,35.3,32.0,2
2017-03-31,13.5,32.7,27.7,5
2017-04-01,13.8,32.1,32.8,5
2017-04-02,12.9,29.2,29.2,2
2017-04-03,12.4,26.6,30.2,0
2017-04-04,10.6,32.6,34.2,0
2017-04-05,11.7,25.9,25.6,0
2017-04-06,13.0,19.6,31.7,2
2017-04-07,12.0,21.6,31.0,5
2017-04-08,10.8,25.8,33.8,2
2017-04-09,9.9,31.3,32.4,0
2017-04-10,10.7,28.3,20.2,0
2017-04-11,13.2,18.8,25.6,0
2017-04-12,13.6,17.2,29.2,0
2017-04-13,12.6,17.9,26.6,2
2017-04-14,12.9,20.4,25.6,2
2017-04-15,13.6,20.2,26.3,2
2017-04-16,13.0,17.5,26.3,0
2017-04-17,11.4,27.3,34.6,0
2017-04-18,8.9,46.4,46.4,0
2017-04-19,6.8,62.9,27.7,2
2017-04-20,8.7,41.5,24.1,2
2017-04-21,10.7,30.4,26.3,0
2017-04-22,11.6,23.6,21.6,2
2017-04-23,11.9,20.6,29.9,0
2017-04-24,10.5,28.2,29.5,0
2017-04-25,8.3,31.3,35.3,0
2017-04-26,8.3,20.9,27.7,0
2017-04-27,9.0,15.9,27.4,0
2017-04-28,9.4,13.0,24.5,0
2017-04-29,9.9,13.1,25.9,0
2017-04-30,10.0,20.8,23.8,0
2017-05-01,9.6,23.5,21.2,0
2017-05-02,9.5,19.1,24.5,0
2017-05-03,9.9,14.5,25.6,0
2017-05-04,9.4,14.4,23.0,0
2017-05-05,10.0,14.1,23.8,0
2017-05-06,9.0,19.5,29.2,0
2017-05-07,8.2,32.2,34.6,0
2017-05-08,8.1,29.4,25.6,2
2017-05-09,8.8,24.6,30.2,2
2017-05-10,7.9,40.3,38.2,2
2017-05-11,7.3,61.7,43.6,2
2017-05-12,6.6,74.6,50.4,2
2017-05-13,7.9,58.3,31.7,2
2017-05-14,8.4,37.3,32.8,0
2017-05-15,8.9,33.5,26.3,0
2017-05-16,7.7,28.2,31.0,0
2017-05-17,5.9,34.6,40.0,0
2017-05-18,4.0,46.8,41.4,0
2017-05-19,4.5,34.6,39.2,0
2017-05-20,3.5,37.0,32.0,0
2017-05-21,7.0,22.0,28.4,2
2017-05-22,5.0,44.5,18.4,1
2017-05-23,6.9,58.3,31.0,0
2017-05-24,7.8,68.8,42.8,2
2017-05-25,7.9,65.4,43.9,1
2017-05-26,7.3,62.8,34.6,2
2017-05-27,7.6,57.7,35.3,0
2017-05-28,7.0,49.6,29.5,2
2017-05-29,7.4,53.1,37.8,0
2017-05-30,6.6,57.6,35.6,0
2017-05-31,6.8,27.8,22.7,0
2017-06-01,8.6,16.3,19.4,0
2017-06-02,8.6,13.8,24.8,2
2017-06-03,7.8,16.2,28.1,2
2017-06-04,7.0,23.5,33.1,2
2017-06-05,6.7,46.5,42.1,1
2017-06-06,6.6,67.2,33.8,4
2017-06-07,1.2,86.0,47.5,10
2017-06-08,1.6,51.2,28.1,0
2017-06-09,5.7,29.8,19.8,2
2017-06-10,7.6,26.0,18.4,2
2017-06-11,5.5,41.6,17.6,0
2017-06-12,4.3,38.2,29.2,0
2017-06-13,5.7,25.9,23.8,2
2017-06-14,7.1,18.3,19.8,2
2017-06-15,8.2,16.5,18.7,2
2017-06-16,8.3,21.1,27.4,2
2017-06-17,8.3,26.2,23.4,2
2017-06-18,6.9,28.2,27.7,2
2017-06-19,7.5,19.8,17.3,0
2017-06-20,8.4,16.5,25.6,0
2017-06-21,6.7,19.1,21.2,2
2017-06-22,6.5,25.1,23.4,0
2017-06-23,6.7,24.7,29.5,0
2017-06-24,8.1,24.5,24.5,0
2017-06-25,8.2,31.1,29.2,2
2017-06-26,6.2,57.4,47.2,0
2017-06-27,6.3,48.0,31.7,0
2017-06-28,6.2,25.7,24.8,2
2017-06-29,7.1,20.4,15.8,0
2017-06-30,8.0,17.5,19.4,2
2017-07-01,9.3,15.3,25.9,2
2017-07-02,8.7,25.7,18.7,0
2017-07-03,7.7,22.5,24.1,0
2017-07-04,6.0,25.3,27.7,0
2017-07-05,8.5,15.1,19.4,2
2017-07-06,8.8,11.3,14.4,2
2017-07-07,8.1,12.2,22.7,0
2017-07-08,8.0,15.5,19.8,0
2017-07-09,8.8,13.4,20.2,0
2017-07-10,9.3,9.6,17.6,0
2017-07-11,9.5,8.8,22.3,0
2017-07-12,9.1,13.2,21.6,0
2017-07-13,9.4,18.0,24.1,2
2017-07-14,8.6,24.9,28.1,2
2017-07-15,6.1,38.4,33.5,0
2017-07-16,4.1,45.6,33.8,0
2017-07-17,4.7,19.8,19.8,0
2017-07-18,7.3,10.8,22.3,2
2017-07-19,9.5,10.9,22.7,2
2017-07-20,10.7,8.6,17.6,1
2017-07-21,10.4,10.9,22.0,2
2017-07-22,9.1,14.7,27.4,2
2017-07-23,7.1,25.7,29.5,0
2017-07-24,9.2,18.7,19.4,0
2017-07-25,9.9,14.4,23.4,0
2017-07-26,11.2,12.1,19.4,0
2017-07-27,11.3,6.7,23.8,0
2017-07-28,11.0,7.2,22.0,0
2017-07-29,11.2,9.8,24.1,0
2017-07-30,10.7,13.2,22.3,0
2017-07-31,9.1,14.5,32.4,0
2017-08-01,6.9,21.7,40.0,0
2017-08-02,7.1,23.2,20.5,2
2017-08-03,8.7,12.6,25.2,2
2017-08-04,9.4,10.8,28.8,2
2017-08-05,9.8,10.5,23.4,0
2017-08-06,9.8,11.1,29.5,2
2017-08-07,8.7,16.4,28.4,0
2017-08-08,9.5,12.8,24.8,0
2017-08-09,8.2,17.4,33.1,0
2017-08-10,6.7,19.7,41.8,0
2017-08-11,3.0,48.7,47.5,2
2017-08-12,-1.2,68.9,43.9,0
2017-08-13,3.1,25.3,24.5,0
2017-08-14,5.7,12.5,27.0,0
2017-08-15,6.3,17.4,24.5,0
2017-08-16,6.4,16.2,32.4,0
2017-08-17,6.4,16.2,22.3,0
2017-08-18,6.9,14.6,32.0,0
2017-08-19,5.8,24.6,34.6,2
2017-08-20,8.6,17.2,27.0,0
2017-08-21,10.8,10.1,23.8,0
2017-08-22,10.2,15.1,27.7,0
2017-08-23,8.4,18.8,27.0,2
2017-08-24,8.0,19.5,29.9,2
2017-08-25,6.7,22.2,34.6,0
2017-08-26,7.4,17.1,29.2,0
2017-08-27,7.9,15.9,26.6,0
2017-08-28,9.2,14.3,31.7,0
2017-08-29,10.8,16.6,22.7,2
2017-08-30,12.6,13.4,23.8,2
2017-08-31,13.8,13.6,30.6,2
2017-09-01,13.0,18.1,30.2,2
2017-09-02,12.8,18.3,33.1,2
2017-09-03,12.8,21.7,34.2,2
2017-09-04,12.2,21.7,35.6,2
2017-09-05,10.9,8.1,30.6,0
2017-09-06,10.8,10.2,33.8,2
2017-09-07,8.2,25.9,37.1,2
2017-09-08,7.7,36.9,35.3,0
2017-09-09,6.4,47.6,47.9,0
2017-09-10,5.3,55.9,41.0,0
2017-09-11,7.8,25.4,37.4,0
2017-09-12,7.1,35.6,38.9,0
2017-09-13,5.1,51.0,47.9,0
2017-09-14,7.6,27.3,31.7,0
2017-09-15,9.2,13.5,29.2,0
2017-09-16,9.9,15.1,24.1,0
2017-09-17,11.0,22.6,27.4,0
2017-09-18,11.5,24.1,28.8,2
2017-09-19,12.5,23.8,23.0,0
2017-09-20,13.5,21.8,27.0,0
2017-09-21,12.7,24.8,32.0,0
2017-09-22,11.2,20.9,24.5,0
2017-09-23,12.2,18.6,34.2,0
2017-09-24,12.0,19.3,32.0,0
2017-09-25,12.4,13.7,34.6,0
2017-09-26,12.5,17.1,35.6,0
2017-09-27,12.2,19.6,34.2,0
2017-09-28,10.4,21.4,34.9,2
2017-09-29,12.5,16.7,44.3,0
2017-09-30,12.7,16.5,47.9,2
2017-10-01,6.0,37.6,44.6,0
2017-10-02,5.5,32.6,37.8,0
2017-10-03,9.7,17.1,26.3,0
2017-10-04,12.2,18.6,32.8,0
2017-10-05,10.5,27.3,32.4,2
2017-10-06,11.7,15.1,31.3,0
2017-10-07,11.6,14.8,34.6,0
2017-10-08,11.4,16.1,30.2,2
2017-10-09,11.5,16.6,33.8,0
2017-10-10,11.0,16.4,34.6,0
2017-10-11,11.5,14.7,34.2,0
2017-10-12,11.3,19.1,35.3,0
2017-10-13,11.6,19.5,35.6,0
2017-10-14,13.0,19.0,33.1,0
2017-10-15,15.0,20.3,32.4,0
2017-10-16,14.1,28.3,38.5,0
2017-10-17,13.8,24.9,35.3,0
2017-10-18,13.8,18.7,30.6,0
2017-10-19,14.3,14.2,35.6,5
2017-10-20,13.5,15.2,35.3,0
2017-10-21,13.5,16.5,34.9,0
2017-10-22,14.0,16.8,36.0,0
2017-10-23,13.7,14.8,35.6,2
2017-10-24,13.0,16.6,34.6,2
2017-10-25,12.6,16.0,37.4,0
2017-10-26,12.4,18.6,33.8,3
2017-10-27,12.8,14.4,36.7,0
2017-10-28,11.0,19.2,38.9,0
2017-10-29,10.3,23.0,37.8,0
2017-10-30,9.7,22.2,38.9,0
2017-10-31,10.1,21.1,36.7,0
2017-11-01,10.7,19.3,36.0,0
2017-11-02,11.5,19.3,28.8,0
2017-11-03,11.7,15.8,36.4,2
2017-11-04,11.9,14.9,35.6,0
2017-11-05,13.5,16.6,32.0,0
2017-11-06,13.5,25.1,32.4,0
2017-11-07,13.1,33.3,37.4,2
2017-11-08,13.8,32.8,34.9,0
2017-11-09,14.6,24.1,35.3,3
2017-11-10,15.0,19.1,32.4,3
2017-11-11,15.1,20.7,31.7,2
2017-11-12,15.2,21.7,28.8,1
2017-11-13,15.3,23.3,30.6,1
2017-11-14,15.6,23.3,38.5,2
2017-11-15,14.3,27.7,36.4,2
2017-11-16,14.2,25.7,37.4,2
2017-11-17,12.5,30.4,40.3,0
2017-11-18,11.1,31.4,35.3,0
2017-11-19,10.7,25.9,36.7,0
2017-11-20,10.8,27.6,38.5,0
2017-11-21,12.0,23.1,37.1,0
2017-11-22,13.5,20.2,38.2,0
2017-11-23,13.5,19.3,36.4,2
2017-11-24,14.0,20.2,33.8,2
2017-11-25,15.3,17.6,34.2,2
2017-11-26,14.1,19.6,37.4,0
2017-11-27,15.1,14.1,31.0,2
2017-11-28,16.5,14.2,37.4,2
2017-11-29,15.0,16.7,32.8,2
2017-11-30,14.5,14.4,34.2,0
2017-12-01,13.0,24.3,38.2,0
2017-12-02,12.1,28.1,38.2,0
2017-12-03,12.9,23.9,26.3,2
2017-12-04,13.6,20.0,29.5,5
2017-12-05,14.2,19.8,33.5,2
2017-12-06,14.2,20.1,32.4,2
2017-12-07,15.0,17.1,33.5,2
2017-12-08,14.9,15.9,30.2,2
2017-12-09,15.3,18.1,37.4,0
2017-12-10,14.8,24.9,39.2,3
2017-12-11,14.8,32.4,36.4,0
2017-12-12,15.2,28.8,32.0,3
2017-12-13,16.5,25.1,34.9,2
2017-12-14,17.6,22.3,36.4,2
2017-12-15,17.1,24.6,32.8,2
2017-12-16,16.9,24.0,36.0,0
2017-12-17,17.2,23.7,37.1,2
2017-12-18,17.2,30.4,40.0,5
2017-12-19,17.1,28.5,39.6,2
2017-12-20,15.4,36.1,38.9,5
2017-12-21,14.1,37.5,37.4,5
2017-12-22,13.5,38.9,30.2,3
2017-12-23,13.3,35.9,31.3,3
2017-12-24,13.3,37.1,28.4,3
2017-12-25,13.5,38.6,30.6,3
2017-12-26,13.6,43.3,28.1,3
2017-12-27,15.2,42.1,34.2,2
2017-12-28,15.0,42.1,31.3,2
2017-12-29,15.2,41.4,39.2,2
2017-12-30,14.7,37.1,32.4,2
2017-12-31,13.8,36.9,31.7,0
2018-01-01,12.5,44.7,32.4,3
2018-01-02,12.5,50.1,32.4,0
2018-01-03,13.8,47.3,35.6,0
2018-01-04,14.6,34.9,36.4,0
2018-01-05,14.2,37.3,38.2,0
2018-01-06,14.6,42.3,37.4,3
2018-01-07,15.1,39.3,31.7,0
2018-01-08,15.0,35.0,34.2,5
2018-01-09,14.9,37.2,34.6,0
2018-01-10,14.9,39.2,33.1,0
2018-01-11,15.5,33.9,36.0,2
2018-01-12,15.2,33.4,33.5,2
2018-01-13,13.3,46.9,38.2,3
2018-01-14,12.6,35.9,33.5,0
2018-01-15,13.3,29.4,36.0,2
2018-01-16,15.0,30.1,38.2,2
2018-01-17,16.2,31.7,36.7,2
2018-01-18,16.0,31.0,34.2,2
2018-01-19,15.9,21.6,35.6,5
2018-01-20,15.1,20.1,39.2,0
2018-01-21,14.8,23.6,34.9,0
2018-01-22,14.5,22.9,34.9,0
2018-01-23,14.6,25.5,34.6,2
2018-01-24,15.3,27.4,36.7,5
2018-01-25,14.5,35.7,34.2,5
2018-01-26,15.2,33.9,36.4,2
2018-01-27,15.2,39.5,38.9,2
2018-01-28,15.8,41.3,37.1,2
2018-01-29,15.7,41.8,39.6,2
2018-01-30,14.2,44.8,32.8,5
2018-01-31,15.3,43.3,34.6,5
2018-02-01,16.1,41.4,34.9,5
2018-02-02,16.6,42.0,39.2,2
2018-02-03,14.2,47.4,29.5,1
2018-02-04,15.1,48.8,35.6,1
2018-02-05,16.0,52.7,37.8,2
2018-02-06,15.1,59.8,33.1,2
2018-02-07,14.6,54.9,40.0,0
2018-02-08,14.8,56.2,39.6,2
2018-02-09,15.3,59.3,38.9,2
2018-02-10,15.4,56.7,40.0,2
2018-02-11,15.0,56.5,40.3,5
2018-02-12,17.0,43.1,38.2,5
2018-02-13,15.9,44.5,34.6,2
2018-02-14,16.2,51.2,20.2,2
2018-02-15,17.3,43.8,35.6,2
2018-02-16,15.8,44.0,39.6,3
2018-02-17,15.2,44.6,36.7,3
2018-02-18,13.0,46.5,38.9,0
2018-02-19,12.2,46.3,30.6,0
2018-02-20,13.2,44.9,32.4,0
2018-02-21,14.0,43.8,36.0,0
2018-02-22,14.6,39.6,34.6,0
2018-02-23,13.5,36.8,34.2,0
2018-02-24,13.0,35.4,33.1,0
2018-02-25,13.4,35.3,29.2,0
2018-02-26,13.1,33.0,31.0,0
2018-02-27,12.2,37.2,31.3,0
2018-02-28,11.8,34.7,31.3,0
2018-03-01,12.6,28.7,29.9,0
2018-03-02,13.9,26.4,28.4,3
2018-03-03,13.8,29.6,28.1,0
2018-03-04,14.0,28.9,28.8,0
2018-03-05,14.2,26.2,29.9,3
2018-03-06,13.5,22.5,31.7,0
2018-03-07,12.8,20.1,32.4,2
2018-03-08,12.3,32.9,33.5,2
2018-03-09,13.4,28.0,24.8,0
2018-03-10,15.1,20.3,31.7,0
2018-03-11,17.5,18.1,33.8,0
2018-03-12,16.5,24.7,33.8,0
2018-03-13,15.1,26.4,33.1,2
2018-03-14,14.6,30.4,34.9,0
2018-03-15,14.6,31.9,36.7,0
2018-03-16,14.4,36.9,33.8,2
2018-03-17,14.3,35.0,34.2,2
2018-03-18,13.5,29.9,36.0,2
2018-03-19,14.6,24.0,34.6,5
2018-03-20,15.0,14.1,27.4,2
2018-03-21,15.7,19.5,31.3,2
2018-03-22,15.1,28.3,29.2,2
2018-03-23,13.8,26.7,30.6,2
2018-03-24,12.3,37.4,31.3,0
2018-03-25,13.9,36.0,23.4,0
2018-03-26,14.3,32.2,31.7,0
2018-03-27,12.6,40.6,30.2,0
2018-03-28,11.7,36.2,32.4,0
2018-03-29,12.9,38.9,35.6,2
2018-03-30,13.4,36.2,37.8,0
2018-03-31,12.3,35.8,33.8,0
2018-04-01,11.1,38.7,32.8,0
2018-04-02,11.0,33.0,32.0,3
2018-04-03,10.2,27.5,29.5,0
2018-04-04,10.2,28.7,29.2,0
2018-04-05,10.0,30.9,30.2,0
2018-04-06,11.1,20.7,28.1,0
2018-04-07,12.7,16.4,25.2,0
2018-04-08,13.8,15.3,26.6,5
2018-04-09,14.0,19.9,29.2,5
2018-04-10,13.4,28.9,28.4,2
2018-04-11,13.2,35.1,25.9,2
2018-04-12,15.3,36.4,33.1,2
2018-04-13,15.8,33.7,26.6,5
2018-04-14,15.8,28.0,29.5,2
2018-04-15,16.1,28.4,27.4,2
2018-04-16,15.7,30.4,33.1,2
2018-04-17,14.2,34.3,29.2,0
2018-04-18,14.9,29.2,30.6,0
2018-04-19,14.0,40.8,27.4,2
2018-04-20,13.7,34.0,26.3,0
2018-04-21,14.3,26.5,25.2,2
2018-04-22,13.6,26.0,17.3,2
2018-04-23,14.4,23.1,27.0,0
2018-04-24,14.2,22.6,21.6,5
2018-04-25,14.2,19.9,26.6,2
2018-04-26,13.9,27.1,32.8,5
2018-04-27,13.1,29.1,17.3,2
2018-04-28,13.9,24.1,24.1,0
2018-04-29,13.5,19.3,24.1,2
2018-04-30,13.1,14.2,27.7,0
2018-05-01,14.0,14.5,29.2,2
2018-05-02,13.8,16.4,33.1,5
2018-05-03,11.9,14.4,23.8,0
2018-05-04,10.8,15.0,22.7,0
2018-05-05,11.1,15.9,19.8,3
2018-05-06,11.2,13.5,22.0,5
2018-05-07,10.5,17.4,22.0,0
2018-05-08,10.6,25.9,28.4,2
2018-05-09,8.6,49.0,42.5,2
2018-05-10,6.8,52.8,32.0,0
2018-05-11,8.9,16.7,22.0,0
2018-05-12,9.9,12.7,25.2,0
2018-05-13,9.6,16.2,22.0,0
2018-05-14,9.4,17.7,25.2,2
2018-05-15,10.6,13.4,21.2,2
2018-05-16,9.7,15.5,18.0,0
2018-05-17,9.9,16.6,29.9,0
2018-05-18,8.9,19.5,27.4,0
2018-05-19,9.2,10.8,20.9,0
2018-05-20,9.9,9.3,22.0,2
2018-05-21,9.0,10.4,27.7,2
2018-05-22,9.1,8.2,21.2,0
2018-05-23,7.9,8.4,17.6,0
2018-05-24,8.0,7.7,16.2,0
2018-05-25,8.6,11.6,19.1,2
2018-05-26,8.7,18.8,23.4,2
2018-05-27,9.3,22.2,23.8,0
2018-05-28,8.7,23.1,25.6,0
2018-05-29,7.9,28.2,24.8,2
2018-05-30,7.5,26.2,23.0,10
2018-05-31,6.6,27.1,27.4,0
2018-06-01,6.0,28.0,32.4,2
2018-06-02,7.4,17.1,24.1,2
2018-06-03,7.2,14.9,27.4,2
2018-06-04,6.5,20.7,31.0,2
2018-06-05,7.4,20.0,18.0,1
2018-06-06,6.9,17.6,32.4,2
2018-06-07,6.4,19.0,24.8,0
2018-06-08,7.0,19.6,27.7,0
2018-06-09,6.8,30.3,33.1,0
2018-06-10,4.4,68.3,45.7,0
2018-06-11,2.5,65.6,43.9,2
2018-06-12,3.3,61.0,34.6,0
2018-06-13,4.6,40.3,32.8,2
2018-06-14,4.4,44.5,16.9,2
2018-06-15,4.5,42.3,15.5,0
2018-06-16,5.5,25.2,32.0,0
2018-06-17,7.0,23.0,26.3,0
2018-06-18,8.9,15.0,22.7,0
2018-06-19,9.1,11.5,22.3,0
2018-06-20,9.7,13.0,24.8,0
2018-06-21,10.6,16.7,22.0,2
2018-06-22,10.7,20.6,23.4,2
2018-06-23,8.2,35.8,27.4,2
2018-06-24,5.3,42.2,33.1,0
2018-06-25,5.2,30.8,30.6,0
2018-06-26,5.1,26.8,22.3,0
2018-06-27,6.5,24.7,19.8,0
2018-06-28,5.5,37.6,26.6,2
2018-06-29,5.8,27.0,24.8,2
2018-06-30,6.8,21.7,30.2,2
2018-07-01,7.8,33.9,36.4,2
2018-07-02,8.3,38.4,18.7,2
2018-07-03,7.6,42.8,36.7,2
2018-07-04,6.6,44.1,31.0,0
2018-07-05,6.8,24.9,30.6,0
2018-07-06,7.2,18.4,27.7,2
2018-07-07,9.1,8.9,21.6,1
2018-07-08,9.2,13.8,21.6,2
2018-07-09,8.0,17.1,17.3,0
2018-07-10,8.3,11.6,21.6,2
2018-07-11,8.8,14.6,18.0,1
2018-07-12,8.9,14.5,18.7,2
2018-07-13,8.8,10.5,16.2,2
2018-07-14,9.6,13.2,28.1,0
2018-07-15,9.1,20.0,21.6,0
2018-07-16,8.6,34.7,27.4,0
2018-07-17,7.7,38.8,31.3,0
2018-07-18,6.7,47.2,31.7,2
2018-07-19,3.7,79.8,47.2,2
2018-07-20,6.4,43.0,19.4,0
2018-07-21,6.7,22.8,27.0,2
2018-07-22,6.8,53.6,23.8,2
2018-07-23,6.7,42.6,25.9,2
2018-07-24,6.4,43.0,32.8,2
2018-07-25,7.6,49.1,22.0,2
2018-07-26,7.5,42.9,27.0,2
2018-07-27,4.7,71.1,49.0,2
2018-07-28,5.4,49.9,32.4,2
2018-07-29,6.1,22.1,30.6,1
2018-07-30,6.7,14.9,26.3,1
2018-07-31,7.6,13.1,35.3,2
2018-08-01,8.2,19.4,35.6,2
2018-08-02,4.7,62.6,23.0,2
2018-08-03,6.0,45.9,30.6,2
2018-08-04,6.1,37.2,22.7,3
2018-08-05,6.0,33.6,26.3,8
2018-08-06,8.3,23.9,24.5,0
2018-08-07,7.6,20.7,29.2,0
2018-08-08,9.2,14.7,18.0,2
2018-08-09,10.1,12.5,19.1,0
2018-08-10,10.6,11.6,23.0,0
2018-08-11,10.5,10.7,22.7,0
2018-08-12,9.9,10.2,28.4,0
2018-08-13,7.8,14.6,25.9,0
2018-08-14,7.8,15.2,23.0,0
2018-08-15,8.4,14.6,20.2,0
2018-08-16,9.2,9.3,22.7,0
2018-08-17,9.7,11.1,24.1,0
2018-08-18,9.7,12.6,37.8,2
2018-08-19,8.7,11.6,25.9,2
2018-08-20,7.0,17.4,32.4,0
2018-08-21,6.6,22.7,27.0,0
2018-08-22,7.8,21.8,31.7,0
2018-08-23,7.5,25.3,37.8,0
2018-08-24,8.8,23.1,29.2,0
2018-08-25,9.6,14.9,25.9,0
2018-08-26,10.4,14.9,31.3,0
2018-08-27,10.0,13.0,28.1,0
2018-08-28,9.1,12.2,32.0,0
2018-08-29,9.7,18.4,36.0,0
2018-08-30,8.3,26.5,36.0,0
2018-08-31,7.4,27.5,40.0,0
2018-09-01,4.8,29.6,48.2,0
2018-09-02,7.8,18.0,29.2,0
2018-09-03,11.7,7.7,27.7,0
2018-09-04,12.9,12.8,31.3,0
2018-09-05,12.3,10.9,29.9,0
2018-09-06,12.5,12.3,31.3,0
2018-09-07,12.6,13.8,30.2,0
2018-09-08,12.9,11.5,28.4,0
2018-09-09,12.3,14.2,27.7,0
2018-09-10,12.8,13.6,30.6,0
2018-09-11,11.4,18.4,32.8,0
2018-09-12,10.2,19.7,33.5,2
2018-09-13,8.2,24.9,40.3,2
2018-09-14,7.9,24.3,35.6,2
2018-09-15,7.1,29.6,43.2,2
2018-09-16,6.5,37.0,31.7,0
2018-09-17,8.4,19.5,33.1,0
2018-09-18,9.3,17.0,33.1,2
2018-09-19,10.4,14.1,28.4,0
2018-09-20,12.2,12.9,33.1,2
2018-09-21,13.0,12.3,34.6,0
2018-09-22,13.5,9.2,29.5,0
2018-09-23,13.1,11.8,30.6,0
2018-09-24,12.7,16.5,33.5,0
2018-09-25,11.6,19.4,34.2,0
2018-09-26,10.6,19.8,33.8,0
2018-09-27,11.7,16.8,30.2,0
2018-09-28,13.3,14.8,34.2,0
2018-09-29,12.9,16.3,33.5,0
2018-09-30,12.9,16.5,34.9,0
2018-10-01,13.0,13.8,34.2,0
2018-10-02,13.0,12.4,32.8,0
2018-10-03,13.3,8.9,15.8,2
2018-10-04,14.5,16.5,25.9,2
2018-10-05,14.4,31.1,33.1,2
2018-10-06,13.4,32.5,36.0,2
2018-10-07,12.0,33.8,38.2,0
2018-10-08,11.3,30.2,31.0,0
2018-10-09,11.5,27.4,33.8,0
2018-10-10,11.7,34.4,33.8,0
2018-10-11,10.6,41.4,37.1,0
2018-10-12,9.9,44.9,33.1,10
2018-10-13,10.5,32.1,37.1,0
2018-10-14,11.0,21.0,28.8,0
2018-10-15,11.4,15.9,35.6,0
2018-10-16,10.3,24.8,42.1,0
2018-10-17,10.8,22.9,37.1,0
2018-10-18,12.9,14.9,27.7,2
2018-10-19,14.1,12.9,31.0,5
2018-10-20,14.5,14.9,31.3,5
2018-10-21,14.2,15.4,31.3,5
2018-10-22,14.5,13.9,30.6,5
2018-10-23,13.5,21.4,33.5,5
2018-10-24,13.0,23.1,33.1,2
2018-10-25,12.7,24.8,36.4,0
2018-10-26,13.3,24.5,33.1,2
2018-10-27,14.3,19.4,36.0,0
2018-10-28,14.0,24.8,32.4,2
2018-10-29,14.5,23.1,37.8,0
2018-10-30,14.3,24.8,35.6,0
2018-10-31,14.8,18.1,36.7,0
2018-11-01,16.4,19.6,33.1,3
2018-11-02,14.8,27.1,37.4,2
2018-11-03,14.3,31.3,38.5,2
2018-11-04,14.0,31.1,34.6,0
2018-11-05,14.2,26.2,36.0,0
2018-11-06,14.3,21.5,32.8,0
2018-11-07,15.6,16.5,30.6,3
2018-11-08,15.9,19.3,31.7,0
2018-11-09,15.6,23.2,33.5,0
2018-11-10,15.2,21.6,31.3,0
2018-11-11,14.4,21.1,33.1,2
2018-11-12,12.3,22.0,37.8,2
2018-11-13,11.9,18.2,34.6,0
2018-11-14,13.5,11.4,32.0,0
2018-11-15,15.2,16.7,37.1,2
2018-11-16,15.0,23.4,35.6,0
2018-11-17,14.9,28.4,34.9,2
2018-11-18,15.4,24.7,31.3,2
2018-11-19,16.0,21.9,34.9,0
2018-11-20,15.7,22.7,34.2,0
2018-11-21,15.6,22.1,36.0,2
2018-11-22,14.4,27.7,35.6,0
2018-11-23,13.8,27.4,30.2,3
2018-11-24,14.5,25.0,31.3,0
2018-11-25,15.0,26.7,32.0,0
2018-11-26,14.0,30.3,34.2,0
2018-11-27,13.6,32.6,31.3,0
2018-11-28,13.5,32.3,36.7,0
2018-11-29,12.6,31.2,34.2,3
2018-11-30,12.2,27.2,34.6,0
2018-12-01,11.5,26.5,36.0,0
2018-12-02,11.6,24.4,37.1,0
2018-12-03,11.0,26.8,37.8,0
2018-12-04,10.4,27.2,38.9,0
2018-12-05,10.7,30.9,34.2,0
2018-12-06,12.2,22.4,34.9,0
2018-12-07,13.9,15.6,34.6,2
2018-12-08,15.7,9.5,35.6,2
2018-12-09,17.2,8.8,35.3,2
2018-12-10,18.1,13.2,38.2,2
2018-12-11,18.4,16.0,33.1,2
2018-12-12,18.4,17.0,37.8,0
2018-12-13,17.2,25.6,40.0,5
2018-12-14,16.1,28.0,34.2,2
2018-12-15,16.7,24.3,38.2,5
2018-12-16,16.9,22.3,35.6,5
2018-12-17,16.5,26.1,44.3,2
2018-12-18,14.7,30.1,41.0,2
2018-12-19,14.5,28.2,32.8,5
2018-12-20,14.2,24.2,34.2,0
2018-12-21,13.9,25.1,36.4,5
2018-12-22,14.1,24.0,33.1,2
2018-12-23,15.1,23.2,36.0,0
2018-12-24,16.0,21.0,35.3,3
2018-12-25,16.1,21.3,32.4,2
2018-12-26,17.2,25.0,37.8,2
2018-12-27,16.2,31.5,36.7,2
2018-12-28,15.7,32.0,37.8,2
2018-12-29,15.9,34.2,40.0,2
2018-12-30,16.6,37.0,43.2,2
2018-12-31,17.1,35.6,38.5,2
2019-01-01,16.8,38.3,38.5,2
2019-01-02,16.5,45.8,30.6,4
2019-01-03,16.9,42.7,40.7,5
2019-01-04,16.5,35.3,40.0,2
2019-01-05,16.0,32.8,36.0,2
2019-01-06,14.9,33.7,40.7,0
2019-01-07,13.9,38.5,37.4,0
2019-01-08,13.6,37.8,37.8,0
2019-01-09,12.9,37.4,35.6,0
2019-01-10,13.0,38.5,29.9,0
2019-01-11,13.0,41.7,34.2,5
2019-01-12,13.0,42.3,31.7,2
2019-01-13,13.8,35.0,29.9,2
2019-01-14,14.8,28.9,34.6,2
2019-01-15,15.2,23.7,34.2,5
2019-01-16,16.3,24.2,36.7,5
2019-01-17,16.9,25.6,36.4,0
2019-01-18,16.6,29.0,36.7,5
2019-01-19,17.6,29.5,34.6,2
2019-01-20,17.7,24.6,32.8,2
2019-01-21,17.9,24.5,32.0,2
2019-01-22,19.1,28.2,36.4,2
2019-01-23,19.2,31.0,35.6,2
2019-01-24,19.9,27.3,36.0,2
2019-01-25,19.0,35.8,38.5,2
2019-01-26,19.2,38.3,42.8,2
2019-01-27,17.7,48.7,36.0,2
2019-01-28,17.7,48.8,37.4,2
2019-01-29,15.4,60.5,37.4,4
2019-01-30,14.1,60.4,30.6,4
2019-01-31,14.1,68.1,38.2,4
2019-02-01,14.3,63.7,35.6,2
2019-02-02,17.2,51.0,28.4,1
2019-02-03,18.3,44.4,27.7,5
2019-02-04,17.7,44.8,28.8,2
2019-02-05,18.7,43.2,40.0,2
2019-02-06,17.6,48.0,40.3,2
2019-02-07,16.6,52.9,30.6,4
2019-02-08,15.4,57.6,32.8,4
2019-02-09,14.0,56.5,32.4,5
2019-02-10,14.7,53.4,37.4,2
2019-02-11,15.7,49.8,34.2,5
2019-02-12,16.3,50.5,36.4,5
2019-02-13,15.8,36.9,38.9,2
2019-02-14,15.2,27.4,30.6,2
2019-02-15,16.0,29.1,31.7,2
2019-02-16,15.7,33.5,30.2,0
2019-02-17,15.4,37.9,31.7,2
2019-02-18,14.7,34.3,35.3,2
2019-02-19,14.1,34.7,33.5,0
2019-02-20,14.9,35.0,32.0,0
2019-02-21,16.0,33.3,35.3,0
2019-02-22,18.1,31.2,36.4,0
2019-02-23,17.7,36.2,38.2,0
2019-02-24,15.4,41.7,36.7,0
2019-02-25,13.9,45.3,35.6,3
2019-02-26,13.4,48.3,36.7,3
2019-02-27,13.8,44.0,34.2,2
2019-02-28,14.7,34.0,33.8,2
2019-03-01,14.7,33.2,33.1,2
2019-03-02,14.8,36.4,33.5,2
2019-03-03,15.2,36.3,32.4,0
2019-03-04,14.8,28.1,32.0,0
2019-03-05,16.3,22.2,33.1,0
2019-03-06,16.4,24.3,33.1,2
2019-03-07,15.7,26.7,30.6,2
2019-03-08,15.3,27.3,29.9,2
2019-03-09,15.2,26.1,33.1,5
2019-03-10,15.2,26.8,34.6,3
2019-03-11,14.0,31.6,37.1,0
2019-03-12,13.6,29.3,30.6,0
2019-03-13,13.2,26.6,32.4,0
2019-03-14,12.7,28.3,30.6,0
2019-03-15,12.4,30.1,32.8,0
2019-03-16,12.2,28.7,31.3,0
2019-03-17,12.3,27.1,31.0,3
2019-03-18,13.6,23.8,32.0,0
2019-03-19,13.9,27.3,29.2,2
2019-03-20,14.4,25.4,34.2,3
2019-03-21,13.7,25.8,30.6,0
2019-03-22,13.9,22.5,29.5,0
2019-03-23,14.1,22.3,33.1,0
2019-03-24,13.9,24.0,32.8,0
2019-03-25,13.4,29.3,30.2,0
2019-03-26,13.4,27.7,29.5,3
2019-03-27,13.9,22.2,33.1,0
2019-03-28,13.7,22.8,29.5,2
2019-03-29,15.5,15.2,23.4,2
2019-03-30,15.1,23.8,24.5,5
2019-03-31,15.4,29.3,29.5,0
2019-04-01,14.0,35.2,34.2,3
2019-04-02,13.2,40.8,27.4,3
2019-04-03,12.5,51.6,26.3,2
2019-04-04,10.4,61.6,30.6,0
2019-04-05,9.4,59.8,27.4,3
2019-04-06,10.7,35.8,22.0,0
2019-04-07,12.8,19.3,25.2,0
2019-04-08,13.3,17.0,24.8,0
2019-04-09,12.6,16.1,27.7,0
2019-04-10,12.2,16.4,28.8,0
2019-04-11,11.7,21.5,30.6,0
2019-04-12,10.1,24.7,35.3,0
2019-04-13,9.8,21.9,26.6,0
2019-04-14,11.1,16.4,28.8,0
2019-04-15,12.3,12.9,20.5,2
2019-04-16,13.8,16.0,24.8,2
2019-04-17,14.3,14.0,27.0,2
2019-04-18,13.3,13.7,29.2,0
2019-04-19,12.8,10.6,29.5,0
2019-04-20,13.1,10.8,27.4,0
2019-04-21,11.1,16.0,31.0,0
2019-04-22,10.6,21.4,28.1,0
2019-04-23,10.7,29.3,32.0,0
2019-04-24,10.5,37.4,32.0,0
2019-04-25,10.1,39.0,37.1,0
2019-04-26,9.7,48.1,35.6,0
2019-04-27,10.5,39.0,22.0,0
2019-04-28,12.7,15.4,25.9,0
2019-04-29,12.3,19.9,27.7,0
2019-04-30,10.4,27.4,30.2,0
2019-05-01,10.8,16.7,23.8,0
2019-05-02,11.3,16.2,27.7,0
2019-05-03,12.1,17.4,29.5,0
2019-05-04,11.3,20.5,23.8,2
2019-05-05,12.7,16.4,19.4,2
2019-05-06,14.4,12.0,23.4,2
2019-05-07,13.9,20.1,26.3,2
2019-05-08,12.7,32.0,29.2,2
2019-05-09,10.3,47.0,37.4,1
2019-05-10,8.9,56.7,40.3,2
2019-05-11,5.8,55.8,38.2,0
2019-05-12,8.3,25.8,24.1,0
2019-05-13,8.9,15.1,18.7,0
2019-05-14,9.4,21.8,21.6,0
2019-05-15,9.5,17.8,21.6,0
2019-05-16,9.5,23.7,26.6,2
2019-05-17,8.6,29.4,27.0,0
2019-05-18,9.2,23.7,23.0,2
2019-05-19,9.3,25.2,25.9,2
2019-05-20,6.2,44.4,43.6,0
2019-05-21,5.7,40.9,37.1,2
2019-05-22,5.3,33.3,34.2,0
2019-05-23,5.8,22.3,19.8,0
2019-05-24,7.3,9.5,16.9,2
2019-05-25,7.8,15.6,29.5,2
2019-05-26,6.6,29.5,32.8,2
2019-05-27,5.7,49.4,41.8,2
2019-05-28,7.1,41.1,30.6,2
2019-05-29,7.2,37.9,37.1,0
2019-05-30,6.1,43.0,38.5,0
2019-05-31,6.0,42.6,32.0,0
2019-06-01,5.9,35.7,33.1,0
2019-06-02,7.5,19.8,15.5,0
2019-06-03,10.0,8.2,15.5,0
2019-06-04,11.6,8.4,22.7,0
2019-06-05,12.6,9.2,26.6,2
2019-06-06,11.0,9.3,24.1,0
2019-06-07,10.8,8.5,30.6,2
2019-06-08,10.4,7.3,19.8,2
2019-06-09,9.7,8.0,22.3,2
2019-06-10,9.7,11.1,24.1,2
2019-06-11,8.2,17.8,32.4,2
2019-06-12,8.1,22.6,31.3,2
2019-06-13,7.5,29.0,33.5,2
2019-06-14,7.8,29.5,23.0,2
2019-06-15,5.4,72.8,28.4,2
2019-06-16,6.4,56.6,31.0,0
2019-06-17,6.7,45.9,29.9,0
2019-06-18,8.3,23.6,19.8,0
2019-06-19,11.6,9.2,19.4,0
2019-06-20,11.9,8.5,19.4,0
2019-06-21,12.3,10.7,21.6,0
2019-06-22,13.1,11.1,22.3,0
2019-06-23,12.8,8.6,23.4,0
2019-06-24,10.5,21.3,27.7,0
2019-06-25,4.7,39.1,27.4,2
2019-06-26,5.3,36.1,20.5,0
2019-06-27,6.8,23.1,31.7,0
2019-06-28,6.2,37.2,38.2,0
2019-06-29,7.3,40.0,37.1,0
2019-06-30,7.4,43.4,31.3,2
2019-07-01,9.2,33.9,29.5,2
2019-07-02,8.1,41.9,41.0,2
2019-07-03,7.5,57.2,27.7,0
2019-07-04,8.5,33.4,24.8,2
2019-07-05,10.9,13.5,18.4,2
2019-07-06,10.5,9.3,19.8,1
2019-07-07,10.9,11.6,20.5,2
2019-07-08,11.2,15.5,22.0,0
2019-07-09,11.2,22.1,28.4,2
2019-07-10,11.3,23.6,22.3,2
2019-07-11,9.9,22.1,31.0,0
2019-07-12,8.8,26.3,28.4,2
2019-07-13,8.2,28.4,26.6,2
2019-07-14,7.5,26.3,26.6,2
2019-07-15,7.6,23.1,25.6,2
2019-07-16,7.6,17.8,22.0,2
2019-07-17,8.3,12.5,23.0,0
2019-07-18,8.3,11.0,21.6,0
2019-07-19,9.1,7.6,22.3,0
2019-07-20,9.1,9.6,29.9,0
2019-07-21,6.7,22.0,28.8,2
2019-07-22,6.2,35.0,37.4,2
2019-07-23,4.2,66.6,35.3,2
2019-07-24,1.2,77.5,37.4,2
2019-07-25,0.3,40.9,22.0,0
2019-07-26,5.8,7.5,20.9,0
2019-07-27,8.5,7.4,24.1,2
2019-07-28,6.8,9.7,28.8,0
2019-07-29,7.1,9.2,18.7,0
2019-07-30,10.7,7.7,23.0,0
2019-07-31,11.2,10.3,29.2,0
2019-08-01,9.1,18.0,36.7,0
2019-08-02,5.2,16.6,22.3,0
2019-08-03,8.7,4.9,30.2,0
2019-08-04,10.1,3.6,19.1,0
2019-08-05,10.7,3.7,23.8,0
2019-08-06,9.7,3.5,27.4,2
2019-08-07,9.7,6.0,30.2,2
2019-08-08,7.8,20.5,36.7,2
2019-08-09,5.7,29.5,28.1,0
2019-08-10,7.2,10.6,26.3,0
2019-08-11,6.6,12.8,29.5,0
2019-08-12,8.7,12.3,17.3,0
2019-08-13,10.8,6.7,17.6,2
2019-08-14,10.6,7.9,23.4,2
2019-08-15,12.1,15.8,24.5,2
2019-08-16,11.6,20.6,28.8,2
2019-08-17,10.8,20.2,29.9,2
2019-08-18,10.2,15.3,30.2,2
2019-08-19,9.5,17.1,25.6,0
2019-08-20,10.9,10.8,18.4,0
2019-08-21,11.3,8.8,23.8,0
2019-08-22,12.1,8.9,30.2,0
2019-08-23,11.4,13.7,29.9,0
2019-08-24,11.0,16.2,28.4,0
2019-08-25,9.8,18.0,31.7,0
2019-08-26,11.3,13.3,28.1,0
2019-08-27,12.9,9.8,22.7,0
2019-08-28,12.5,11.7,30.6,0
2019-08-29,12.4,12.8,35.3,0
2019-08-30,11.1,9.3,33.5,0
2019-08-31,9.4,11.8,34.6,0
2019-09-01,8.9,17.4,34.2,0
2019-09-02,9.1,15.4,32.4,2
2019-09-03,9.3,15.1,35.3,2
2019-09-04,9.6,23.3,34.9,2
2019-09-05,10.1,25.7,34.9,2
2019-09-06,9.7,35.8,41.8,0
2019-09-07,8.9,46.1,40.7,2
2019-09-08,6.3,70.5,45.0,2
2019-09-09,6.1,49.7,43.9,0
2019-09-10,6.1,35.0,40.0,0
2019-09-11,6.1,34.1,34.9,0
2019-09-12,8.9,20.4,31.3,0
2019-09-13,10.1,25.3,36.7,0
2019-09-14,11.2,32.1,36.4,0
2019-09-15,10.9,30.1,35.6,0
2019-09-16,11.8,28.7,33.5,0
2019-09-17,10.6,28.2,43.9,0
2019-09-18,9.3,21.2,41.4,2
2019-09-19,8.3,17.3,38.2,2
2019-09-20,9.6,15.8,31.0,2
2019-09-21,12.5,10.7,28.8,2
2019-09-22,14.8,10.7,25.6,2
2019-09-23,15.8,13.3,28.1,2
2019-09-24,15.9,20.8,34.6,5
2019-09-25,13.8,24.7,25.9,0
2019-09-26,14.5,24.3,32.4,0
2019-09-27,14.3,19.6,30.6,0
2019-09-28,14.7,13.9,32.4,0
2019-09-29,14.3,16.6,32.4,0
2019-09-30,11.9,24.3,35.6,0
2019-10-01,9.9,36.1,37.8,0
2019-10-02,9.7,40.7,37.8,0
2019-10-03,9.4,40.5,39.6,0
2019-10-04,8.3,51.9,38.2,0
2019-10-05,7.3,43.9,32.0,0
2019-10-06,8.9,21.5,37.8,0
2019-10-07,11.4,12.9,31.3,0
2019-10-08,13.0,12.0,31.3,0
2019-10-09,14.6,9.4,28.1,0
2019-10-10,15.3,9.7,31.3,0
2019-10-11,14.6,13.0,34.6,0
2019-10-12,13.7,15.6,34.2,0
2019-10-13,12.5,20.8,36.7,3
2019-10-14,11.7,25.3,39.2,0
2019-10-15,11.9,26.5,36.0,0
2019-10-16,12.2,24.4,34.9,0
2019-10-17,11.7,25.1,36.0,0
2019-10-18,12.7,20.1,32.8,2
2019-10-19,11.4,32.8,39.6,2
2019-10-20,11.0,42.7,34.6,0
2019-10-21,12.5,24.5,33.5,0
2019-10-22,13.0,21.1,38.2,2
2019-10-23,12.3,23.5,31.7,0
2019-10-24,12.8,15.5,32.8,0
2019-10-25,13.9,12.3,31.7,0
2019-10-26,14.7,13.1,35.6,0
2019-10-27,15.1,11.6,30.6,2
2019-10-28,15.9,11.6,31.0,2
2019-10-29,15.8,13.8,32.4,2
2019-10-30,15.5,12.7,23.0,2
2019-10-31,17.6,17.7,37.1,2
2019-11-01,15.6,25.9,32.8,0
2019-11-02,16.2,20.8,34.2,3
2019-11-03,14.6,29.4,34.2,3
2019-11-04,13.0,31.6,31.0,0
2019-11-05,13.8,28.6,31.7,0
2019-11-06,14.2,26.9,30.6,2
2019-11-07,15.8,22.7,34.6,0
2019-11-08,15.9,22.9,34.2,0
2019-11-09,15.6,24.0,33.1,0
2019-11-10,16.3,20.5,33.5,5
2019-11-11,15.3,19.4,30.6,2
2019-11-12,15.2,22.9,37.4,2
2019-11-13,14.1,32.2,32.0,0
2019-11-14,14.6,28.4,32.0,0
2019-11-15,15.8,28.9,38.5,2
2019-11-16,15.5,33.4,34.6,2
2019-11-17,15.7,30.4,33.8,2
2019-11-18,16.8,22.7,34.6,0
2019-11-19,16.5,31.2,38.2,0
2019-11-20,16.7,28.4,36.7,0
2019-11-21,16.3,27.6,32.8,0
2019-11-22,16.0,31.2,38.9,0
2019-11-23,16.8,34.5,39.2,3
2019-11-24,15.6,33.6,35.3,0
2019-11-25,14.2,34.7,37.1,0
2019-11-26,13.8,24.4,34.2,2
2019-11-27,14.7,16.2,32.8,2
2019-11-28,15.3,16.8,36.7,0
2019-11-29,14.9,17.8,32.8,0
2019-11-30,15.9,15.2,28.1,0
2019-12-01,15.6,16.5,32.4,5
2019-12-02,15.1,17.8,32.0,0
2019-12-03,13.5,23.9,37.8,0
2019-12-04,13.1,25.1,34.9,2
2019-12-05,14.0,23.0,33.8,2
2019-12-06,14.2,26.1,34.6,0
2019-12-07,13.4,24.5,34.2,0
2019-12-08,12.9,24.9,31.0,2
2019-12-09,13.7,25.3,31.3,2
2019-12-10,14.7,21.5,31.3,0
2019-12-11,15.0,22.1,34.6,0
2019-12-12,16.1,27.0,36.7,0
2019-12-13,16.1,29.1,32.4,0
2019-12-14,16.2,26.8,38.2,0
2019-12-15,15.3,30.1,32.4,0
2019-12-16,15.5,29.8,36.4,0
2019-12-17,15.1,26.9,32.4,2
2019-12-18,15.5,25.1,33.8,3
2019-12-19,15.6,23.0,35.6,0
2019-12-20,15.6,24.3,35.3,0
2019-12-21,15.9,23.2,33.5,3
2019-12-22,16.2,23.1,32.4,2
2019-12-23,17.5,23.7,34.6,0
2019-12-24,17.7,22.8,37.8,0
2019-12-25,17.3,23.4,37.8,0
2019-12-26,17.8,24.4,36.4,2
2019-12-27,16.5,31.6,39.6,5
2019-12-28,17.6,30.5,37.4,2
2019-12-29,17.7,32.0,37.8,2
2019-12-30,15.7,36.3,39.6,0
2019-12-31,16.0,33.8,40.0,0
