Date,High,Low,Open,Close,Volume,Adj Close
2015-01-02,180500.0,177000.0,179500.0,180000.0,231092.0,162360.34375
2015-01-05,179500.0,173500.0,179000.0,174500.0,318170.0,157399.34375
2015-01-06,171000.0,163500.0,170500.0,166000.0,567304.0,149732.3125
2015-01-07,167500.0,163000.0,164000.0,164500.0,335124.0,148379.34375
2015-01-08,169500.0,166500.0,167500.0,168000.0,274598.0,151536.34375
2015-01-09,179500.0,172000.0,173500.0,178500.0,429244.0,161007.375
2015-01-12,182000.0,177000.0,178500.0,180500.0,202770.0,162811.34375
2015-01-13,180500.0,174500.0,178000.0,180000.0,212888.0,162360.34375
2015-01-14,181500.0,176000.0,180500.0,177500.0,160434.0,160105.359375
2015-01-15,180000.0,176500.0,179500.0,178500.0,126385.0,161007.375
2015-01-16,177500.0,173500.0,177000.0,175000.0,166914.0,157850.34375
2015-01-19,182500.0,178000.0,178000.0,180000.0,160144.0,162360.34375
2015-01-20,185000.0,180000.0,181000.0,183000.0,235374.0,165066.359375
2015-01-21,186500.0,182000.0,182000.0,184500.0,200089.0,166419.359375
2015-01-22,193000.0,186000.0,186500.0,193000.0,350725.0,174086.390625
2015-01-23,199500.0,193000.0,196000.0,195000.0,452331.0,175890.375
2015-01-26,194500.0,186500.0,194500.0,187000.0,429528.0,168674.390625
2015-01-27,199000.0,185500.0,188500.0,199000.0,522631.0,179498.40625
2015-01-28,202000.0,196500.0,199500.0,199000.0,290261.0,179498.40625
2015-01-29,201000.0,192000.0,195500.0,199000.0,318412.0,179498.40625
2015-01-30,202000.0,198000.0,202000.0,198500.0,252912.0,179047.390625
2015-02-02,208500.0,201500.0,202500.0,205500.0,336294.0,185361.421875
2015-02-03,211000.0,206000.0,209000.0,208000.0,305131.0,187616.4375
2015-02-04,217000.0,209500.0,214500.0,213500.0,512438.0,192577.421875
2015-02-05,211000.0,202000.0,211000.0,202000.0,296204.0,182204.40625
2015-02-06,209500.0,204000.0,206500.0,209500.0,243525.0,188969.40625
2015-02-09,216500.0,211000.0,213000.0,215500.0,311884.0,194381.4375
2015-02-10,223000.0,213000.0,213000.0,217000.0,367022.0,195734.4375
2015-02-11,220000.0,212000.0,217000.0,214500.0,258649.0,193479.453125
2015-02-12,214500.0,208500.0,213500.0,211000.0,207556.0,190322.4375
2015-02-13,220000.0,215000.0,216000.0,219500.0,277709.0,197989.453125
2015-02-16,226000.0,215500.0,222000.0,216000.0,269835.0,194832.4375
2015-02-17,219500.0,213000.0,218500.0,218500.0,151867.0,197087.4375
2015-02-23,224000.0,221000.0,221500.0,221500.0,236889.0,199793.421875
2015-02-24,222000.0,217500.0,221500.0,222000.0,144149.0,200244.4375
2015-02-25,231500.0,222000.0,223500.0,230500.0,289979.0,207911.46875
2015-02-26,233500.0,228000.0,233000.0,232000.0,270781.0,209264.453125
2015-02-27,231000.0,225500.0,228500.0,230000.0,257110.0,207460.46875
2015-03-02,236500.0,229500.0,233000.0,234000.0,282395.0,211068.46875
2015-03-03,235500.0,230500.0,233000.0,234500.0,168525.0,211519.484375
2015-03-04,235000.0,229000.0,232000.0,229500.0,226515.0,207009.46875
2015-03-05,232000.0,229500.0,230000.0,230000.0,162358.0,207460.46875
2015-03-06,235000.0,226000.0,226000.0,233000.0,175241.0,210166.484375
2015-03-09,237500.0,230500.0,230500.0,235500.0,190784.0,212421.484375
2015-03-10,242500.0,236500.0,239000.0,237000.0,228478.0,213774.46875
2015-03-11,235500.0,231000.0,233500.0,234000.0,222199.0,211068.46875
2015-03-12,240500.0,232000.0,233500.0,235000.0,359315.0,211970.46875
2015-03-13,237000.0,233000.0,237000.0,233500.0,162685.0,210617.453125
2015-03-16,231000.0,219500.0,231000.0,220500.0,402430.0,198891.453125
2015-03-17,228000.0,221000.0,221500.0,228000.0,217773.0,205656.4375
2015-03-18,228500.0,223000.0,228000.0,227000.0,185876.0,204754.4375
2015-03-19,236500.0,230000.0,231000.0,234000.0,209546.0,211068.46875
2015-03-20,234500.0,229000.0,231000.0,234500.0,169460.0,211519.484375
2015-03-23,236500.0,232500.0,236000.0,233500.0,119147.0,210617.453125
2015-03-24,233000.0,227000.0,232500.0,231500.0,144947.0,208813.46875
2015-03-25,232000.0,225000.0,231500.0,226000.0,253918.0,203852.453125
2015-03-26,229000.0,223500.0,225000.0,226000.0,272721.0,203852.453125
2015-03-27,228500.0,224500.0,226000.0,226500.0,163861.0,204303.46875
2015-03-30,226000.0,222000.0,225500.0,225000.0,179490.0,202950.453125
2015-03-31,228500.0,226000.0,228000.0,226000.0,131695.0,203852.453125
2015-04-01,228000.0,222000.0,228000.0,225000.0,113762.0,202950.453125
2015-04-02,232500.0,228000.0,228500.0,229000.0,166357.0,206558.46875
2015-04-03,229500.0,225500.0,229000.0,227500.0,155013.0,205205.4375
2015-04-06,230000.0,224500.0,226000.0,228500.0,120523.0,206107.484375
2015-04-07,235000.0,229000.0,232500.0,229000.0,136854.0,206558.46875
2015-04-08,242000.0,229000.0,229500.0,241500.0,351434.0,217833.46875
2015-04-09,258000.0,241500.0,242500.0,254000.0,511538.0,229108.515625
2015-04-10,257000.0,251000.0,253500.0,256000.0,208427.0,230912.5
2015-04-13,272000.0,256000.0,256000.0,271500.0,477231.0,244893.5625
2015-04-14,276000.0,266000.0,270000.0,275000.0,307661.0,248050.5625
2015-04-15,281000.0,272000.0,274000.0,276500.0,221583.0,249403.53125
2015-04-16,280500.0,262000.0,277000.0,264000.0,463714.0,238128.53125
2015-04-17,267500.0,256500.0,265000.0,261500.0,364276.0,235873.53125
2015-04-20,287500.0,265000.0,266000.0,283500.0,535775.0,255717.5625
2015-04-21,285500.0,277000.0,284500.0,277000.0,216226.0,249854.5625
2015-04-22,290000.0,282000.0,282500.0,284000.0,464904.0,256168.546875
2015-04-23,289500.0,281000.0,284000.0,284000.0,208870.0,256168.546875
2015-04-24,288500.0,275000.0,288000.0,279000.0,241895.0,251658.546875
2015-04-27,281500.0,268500.0,279500.0,270000.0,297655.0,243540.5625
2015-04-28,278500.0,270500.0,270500.0,274500.0,176947.0,247599.5625
2015-04-29,280000.0,269500.0,275000.0,276000.0,190047.0,248952.546875
2015-04-30,282000.0,272000.0,280500.0,273000.0,237552.0,246246.546875
2015-05-04,279500.0,273500.0,277500.0,278500.0,110318.0,251207.578125
2015-05-06,282000.0,275500.0,279500.0,280000.0,187826.0,252560.578125
2015-05-07,286000.0,270500.0,280500.0,275000.0,292838.0,248050.5625
2015-05-08,278000.0,267000.0,276000.0,268000.0,215091.0,241736.53125
2015-05-11,278000.0,270000.0,271500.0,272000.0,201185.0,245344.5625
2015-05-12,279500.0,271500.0,271500.0,276000.0,175592.0,248952.546875
2015-05-13,280000.0,275000.0,277500.0,277500.0,101067.0,250305.5625
2015-05-14,276000.0,267000.0,275000.0,269000.0,237561.0,242638.546875
2015-05-15,272000.0,262500.0,271500.0,265000.0,180310.0,239030.546875
2015-05-18,270500.0,266000.0,266500.0,267500.0,128506.0,241285.53125
2015-05-19,269500.0,260500.0,269500.0,267000.0,152667.0,240834.546875
2015-05-20,269000.0,259000.0,269000.0,260000.0,185245.0,234520.515625
2015-05-21,262000.0,256000.0,258000.0,259500.0,125345.0,234069.53125
2015-05-22,271000.0,261500.0,262000.0,269000.0,208560.0,242638.546875
2015-05-26,272000.0,264000.0,269500.0,269500.0,152494.0,243089.546875
2015-05-27,266000.0,258500.0,265500.0,258500.0,229250.0,233167.53125
2015-05-28,261500.0,254000.0,260000.0,255000.0,161640.0,230010.53125
2015-05-29,255000.0,249500.0,253500.0,249500.0,241310.0,225049.5
2015-06-01,254000.0,248500.0,253000.0,250500.0,142698.0,225951.5
2015-06-02,255500.0,249500.0,250000.0,254000.0,162311.0,229108.515625
2015-06-03,267000.0,258000.0,258500.0,263000.0,299272.0,237226.515625
2015-06-04,266500.0,255500.0,263000.0,264000.0,200759.0,238128.53125
2015-06-05,265000.0,258000.0,260500.0,260000.0,123427.0,234520.515625
2015-06-08,268000.0,258000.0,260000.0,264500.0,165813.0,238579.53125
2015-06-09,273000.0,265000.0,265000.0,267500.0,201991.0,241285.53125
2015-06-10,273000.0,265500.0,271500.0,267500.0,171887.0,241285.53125
2015-06-11,272500.0,266000.0,272000.0,269000.0,188506.0,242638.546875
2015-06-12,268500.0,259000.0,267000.0,262000.0,168224.0,236324.515625
2015-06-15,264500.0,253000.0,257000.0,261500.0,78232.0,235873.53125
2015-06-16,265000.0,255500.0,261500.0,259500.0,170390.0,234069.53125
2015-06-17,277000.0,260500.0,261500.0,275000.0,401303.0,248050.5625
2015-06-18,286500.0,275000.0,275000.0,283500.0,352335.0,255717.5625
2015-06-19,288500.0,283500.0,287000.0,283500.0,204149.0,255717.5625
2015-06-22,288000.0,274000.0,285500.0,276500.0,151796.0,249403.53125
2015-06-23,283000.0,275500.0,281500.0,276500.0,124290.0,249403.53125
2015-06-24,280000.0,272000.0,279000.0,275000.0,126804.0,248050.5625
2015-06-25,281000.0,271000.0,274000.0,277500.0,184148.0,250305.5625
2015-06-26,284500.0,276500.0,277000.0,276500.0,143431.0,249403.53125
2015-06-29,275000.0,268000.0,271500.0,271500.0,115466.0,244893.5625
2015-06-30,280000.0,269000.0,269500.0,278500.0,163525.0,251207.578125
2015-07-01,283000.0,277000.0,280000.0,281000.0,125288.0,253462.5625
2015-07-02,282000.0,274000.0,281000.0,281000.0,165932.0,253462.5625
2015-07-03,284500.0,278000.0,282500.0,280500.0,85311.0,253011.546875
2015-07-06,279000.0,270500.0,278000.0,272000.0,154194.0,245344.5625
2015-07-07,272000.0,256000.0,272000.0,259000.0,312870.0,233618.515625
2015-07-08,260000.0,235500.0,259500.0,236500.0,549009.0,213323.484375
2015-07-09,245500.0,228500.0,233500.0,245500.0,400085.0,221441.484375
2015-07-10,260000.0,250000.0,254000.0,259000.0,317583.0,233618.515625
2015-07-13,261500.0,246500.0,261500.0,253000.0,231534.0,228206.53125
2015-07-14,256500.0,247000.0,254500.0,250000.0,164076.0,225500.515625
2015-07-15,262000.0,252500.0,255000.0,261000.0,182662.0,235422.53125
2015-07-16,264000.0,258000.0,262000.0,260500.0,109240.0,234971.53125
2015-07-17,265500.0,259000.0,264000.0,260000.0,103535.0,234520.515625
2015-07-20,270000.0,258000.0,269500.0,259500.0,209108.0,234069.53125
2015-07-21,282500.0,268500.0,272000.0,280000.0,541532.0,252560.578125
2015-07-22,280000.0,272500.0,276000.0,274500.0,167995.0,247599.5625
2015-07-23,277000.0,266000.0,273500.0,271000.0,230340.0,244442.546875
2015-07-24,269000.0,259000.0,267500.0,260500.0,151336.0,234971.53125
2015-07-27,261000.0,251500.0,255500.0,254000.0,184569.0,229108.515625
2015-07-28,254500.0,241000.0,249000.0,247000.0,256193.0,222794.5
2015-07-29,252500.0,245500.0,249500.0,245500.0,155157.0,221441.484375
2015-07-30,257500.0,249500.0,250000.0,251000.0,169584.0,226402.484375
2015-07-31,259000.0,244000.0,254500.0,250000.0,235124.0,225500.515625
2015-08-03,246000.0,234000.0,245000.0,237000.0,259301.0,213774.46875
2015-08-04,241000.0,233500.0,234000.0,239000.0,222990.0,215578.46875
2015-08-05,247000.0,237500.0,240000.0,246500.0,165754.0,222343.5
2015-08-06,248000.0,240500.0,247500.0,243500.0,137246.0,219637.5
2015-08-07,242500.0,237000.0,242000.0,238000.0,128658.0,214676.5
2015-08-10,236500.0,218500.0,236000.0,222500.0,397436.0,200695.453125
2015-08-11,230000.0,222500.0,228500.0,222500.0,274325.0,200695.453125
2015-08-12,219000.0,206500.0,217000.0,213000.0,445564.0,192126.4375
2015-08-13,227500.0,213500.0,213500.0,225500.0,335314.0,203401.46875
2015-08-14,225500.0,225500.0,225500.0,225500.0,0.0,203401.46875
2015-08-17,238000.0,230000.0,235000.0,237500.0,338388.0,214225.484375
2015-08-18,235000.0,229500.0,234500.0,232000.0,174599.0,209264.453125
2015-08-19,233500.0,219500.0,230000.0,224500.0,195767.0,202499.453125
2015-08-20,226500.0,219000.0,219000.0,221000.0,145649.0,199342.453125
2015-08-21,225500.0,216500.0,220000.0,220500.0,261379.0,198891.453125
2015-08-24,225000.0,208000.0,219500.0,216500.0,368453.0,195283.453125
2015-08-25,228000.0,212000.0,219000.0,219000.0,202144.0,197538.453125
2015-08-26,229000.0,214000.0,219500.0,226000.0,282032.0,203852.453125
2015-08-27,230500.0,222500.0,230000.0,226500.0,257133.0,204303.46875
2015-08-28,246000.0,238000.0,241000.0,240500.0,387353.0,216931.5
2015-08-31,241500.0,233000.0,241000.0,234000.0,220700.0,211068.46875
2015-09-01,242500.0,230000.0,240000.0,230500.0,232544.0,207911.46875
2015-09-02,230000.0,222000.0,223000.0,228500.0,272695.0,206107.484375
2015-09-03,233000.0,225000.0,232000.0,227000.0,160899.0,204754.4375
2015-09-04,229500.0,220000.0,227000.0,221500.0,180374.0,199793.421875
2015-09-07,223000.0,216500.0,219500.0,219500.0,164343.0,197989.453125
2015-09-08,221000.0,215000.0,219500.0,217000.0,147319.0,195734.4375
2015-09-09,232500.0,220000.0,221500.0,231500.0,275402.0,208813.46875
2015-09-10,236000.0,225500.0,226500.0,236000.0,179861.0,212872.46875
2015-09-11,237000.0,230500.0,233500.0,230500.0,155880.0,207911.46875
2015-09-14,235500.0,229000.0,232500.0,234500.0,161653.0,211519.484375
2015-09-15,236000.0,230500.0,233500.0,233500.0,93496.0,210617.453125
2015-09-16,254000.0,235500.0,236000.0,251000.0,444532.0,226402.484375
2015-09-17,266500.0,252000.0,254000.0,257000.0,398046.0,231814.515625
2015-09-18,268000.0,253000.0,258000.0,264000.0,281776.0,238128.53125
2015-09-21,261500.0,254500.0,257500.0,256000.0,204512.0,230912.5
2015-09-22,263500.0,256000.0,261000.0,258000.0,185351.0,232716.546875
2015-09-23,271000.0,253500.0,254000.0,266000.0,535466.0,239932.546875
2015-09-24,273000.0,264000.0,267000.0,268000.0,237070.0,241736.53125
2015-09-25,271000.0,264000.0,270000.0,267000.0,192856.0,240834.546875
2015-09-30,285500.0,264500.0,264500.0,285500.0,547594.0,257521.546875
2015-10-01,288500.0,278000.0,282500.0,288000.0,390644.0,259776.609375
2015-10-02,285000.0,276500.0,282500.0,276500.0,285419.0,249403.53125
2015-10-05,292000.0,278000.0,278000.0,288000.0,389828.0,259776.609375
2015-10-06,297500.0,285000.0,292000.0,285500.0,219350.0,257521.546875
2015-10-07,293000.0,284500.0,288000.0,287000.0,152608.0,258874.578125
2015-10-08,290000.0,284000.0,289500.0,289000.0,180161.0,260678.578125
2015-10-12,294000.0,285500.0,287000.0,287000.0,223050.0,258874.578125
2015-10-13,287000.0,280000.0,287000.0,284000.0,191854.0,256168.546875
2015-10-14,282000.0,270000.0,280000.0,271000.0,309186.0,244442.546875
2015-10-15,289000.0,272000.0,273000.0,287500.0,347515.0,259325.59375
2015-10-16,291500.0,282500.0,287000.0,289000.0,194238.0,260678.578125
2015-10-19,298000.0,287000.0,297500.0,290500.0,392479.0,262031.609375
2015-10-20,294000.0,288000.0,289500.0,290500.0,194476.0,262031.609375
2015-10-21,297000.0,290000.0,290500.0,294000.0,219305.0,265188.625
2015-10-22,294500.0,286000.0,292500.0,290500.0,153558.0,262031.609375
2015-10-23,299000.0,293000.0,296000.0,297000.0,173499.0,267894.59375
2015-10-26,300000.0,295000.0,300000.0,297000.0,130804.0,267894.59375
2015-10-27,300000.0,290500.0,295500.0,300000.0,159406.0,270600.625
2015-10-28,322000.0,306000.0,306000.0,315000.0,671657.0,284130.65625
2015-10-29,318500.0,311500.0,315000.0,315000.0,290250.0,284130.65625
2015-10-30,315000.0,303500.0,314500.0,304500.0,312826.0,274659.59375
2015-11-02,315000.0,303500.0,303500.0,314500.0,232306.0,283679.625
2015-11-03,321000.0,314500.0,317500.0,319000.0,203944.0,287738.625
2015-11-04,321500.0,314000.0,321000.0,315500.0,152967.0,284581.6875
2015-11-05,313500.0,303000.0,312000.0,304000.0,270565.0,274208.625
2015-11-06,306500.0,300500.0,301500.0,304000.0,168141.0,274208.625
2015-11-09,303000.0,289000.0,300000.0,296500.0,290803.0,267443.59375
2015-11-10,301000.0,292000.0,292000.0,296500.0,180697.0,267443.59375
2015-11-11,299000.0,286500.0,295500.0,296500.0,203856.0,267443.59375
2015-11-12,301500.0,294500.0,298000.0,298000.0,140900.0,268796.625
2015-11-13,305000.0,294000.0,295000.0,299500.0,228823.0,270149.59375
2015-11-16,298000.0,293000.0,294000.0,294000.0,140792.0,265188.625
2015-11-17,316500.0,298500.0,301000.0,313500.0,336995.0,282777.59375
2015-11-18,319000.0,310000.0,313500.0,313000.0,174571.0,282326.625
2015-11-19,327500.0,317000.0,317500.0,326000.0,319695.0,294052.65625
2015-11-20,332500.0,321500.0,327500.0,322500.0,246226.0,290895.625
2015-11-23,324000.0,318000.0,323000.0,322000.0,227567.0,290444.65625
2015-11-24,335000.0,320000.0,322500.0,334000.0,295793.0,301268.65625
2015-11-25,333000.0,321500.0,332000.0,322000.0,248609.0,290444.65625
2015-11-26,331500.0,321500.0,322000.0,324000.0,161002.0,292248.65625
2015-11-27,325500.0,318000.0,324000.0,321000.0,135494.0,289542.625
2015-11-30,323000.0,313000.0,317500.0,318000.0,365371.0,286836.6875
2015-12-01,324500.0,318000.0,318000.0,322000.0,159183.0,290444.65625
2015-12-02,323500.0,315500.0,322500.0,315500.0,140717.0,284581.6875
2015-12-03,319000.0,311500.0,315000.0,315500.0,129685.0,284581.6875
2015-12-04,314000.0,309000.0,310000.0,309000.0,179325.0,278718.65625
2015-12-07,314000.0,306000.0,313500.0,306500.0,151914.0,276463.6875
2015-12-08,311500.0,304500.0,305000.0,307000.0,135616.0,276914.65625
2015-12-09,318000.0,308000.0,308500.0,315000.0,200597.0,284130.65625
2015-12-10,317500.0,305000.0,315000.0,314000.0,243025.0,283228.625
2015-12-11,327500.0,316000.0,317000.0,326500.0,289629.0,294503.6875
2015-12-14,329000.0,319000.0,323500.0,323000.0,218398.0,291346.65625
2015-12-15,327000.0,311000.0,327000.0,313000.0,276667.0,282326.625
2015-12-16,324000.0,318000.0,320000.0,320500.0,332261.0,289091.625
2015-12-17,333500.0,321500.0,327000.0,333500.0,374642.0,300817.65625
2015-12-18,335000.0,328000.0,329500.0,332000.0,193236.0,299464.625
2015-12-21,337000.0,329000.0,331000.0,332000.0,146084.0,299464.625
2015-12-22,333500.0,328000.0,332000.0,333000.0,106523.0,300366.6875
2015-12-23,343500.0,333500.0,333500.0,339500.0,255014.0,306229.6875
2015-12-24,343500.0,337500.0,343000.0,338000.0,158117.0,304876.6875
2015-12-28,337500.0,330500.0,335500.0,333500.0,146737.0,300817.65625
2015-12-29,332500.0,327500.0,331000.0,332000.0,145462.0,303560.65625
2015-12-30,333500.0,326500.0,333500.0,328500.0,170894.0,300360.5
2016-01-04,344500.0,329000.0,332500.0,341500.0,316361.0,312246.9375
2016-01-05,341500.0,337000.0,337500.0,339500.0,235142.0,310418.25
2016-01-06,342000.0,336500.0,340000.0,338000.0,203327.0,309046.71875
2016-01-07,341000.0,323000.0,337000.0,323000.0,341202.0,295331.625
2016-01-08,331500.0,315000.0,315000.0,330000.0,272946.0,301732.03125
2016-01-11,330500.0,322500.0,330000.0,322500.0,172504.0,294874.4375
2016-01-12,327500.0,318000.0,325500.0,322500.0,232715.0,294874.4375
2016-01-13,334000.0,325000.0,327500.0,331500.0,131219.0,303103.46875
2016-01-14,329500.0,321500.0,325000.0,322000.0,188304.0,294417.3125
2016-01-15,328000.0,311500.0,325500.0,312000.0,291967.0,285273.90625
2016-01-18,310000.0,303000.0,304500.0,304500.0,336776.0,278416.34375
2016-01-19,308000.0,301000.0,306000.0,307000.0,180390.0,280702.25
2016-01-20,307500.0,292500.0,305000.0,295000.0,256561.0,269730.125
2016-01-21,307500.0,294000.0,294500.0,305500.0,249775.0,279330.6875
2016-01-22,313000.0,296000.0,310500.0,303500.0,320297.0,277502.03125
2016-01-25,316000.0,301000.0,307500.0,302000.0,323409.0,276130.46875
2016-01-26,294000.0,273000.0,291500.0,278500.0,1139086.0,254643.546875
2016-01-27,294500.0,283500.0,285500.0,293000.0,667777.0,267901.46875
2016-01-28,298000.0,287500.0,294500.0,296000.0,337794.0,270644.46875
2016-01-29,296500.0,290500.0,292000.0,295500.0,270782.0,270187.28125
2016-02-01,292500.0,286000.0,290000.0,289000.0,352393.0,264244.09375
2016-02-02,294000.0,284500.0,286500.0,286000.0,195433.0,261501.03125
2016-02-03,289000.0,282000.0,283000.0,289000.0,151007.0,264244.09375
2016-02-04,303000.0,290500.0,292000.0,302000.0,363336.0,276130.46875
2016-02-05,306500.0,298000.0,304000.0,301000.0,229611.0,275216.15625
2016-02-11,295000.0,286000.0,290000.0,286000.0,212021.0,261501.03125
2016-02-12,287500.0,274000.0,283500.0,283000.0,259617.0,258758.078125
2016-02-15,291000.0,280000.0,287500.0,281000.0,207001.0,256929.375
2016-02-16,294000.0,279000.0,280500.0,293500.0,276592.0,268358.65625
2016-02-17,293500.0,285000.0,291000.0,285000.0,250841.0,260586.75
2016-02-18,297500.0,290500.0,292500.0,295000.0,217481.0,269730.125
2016-02-19,303500.0,291000.0,293000.0,303500.0,195785.0,277502.03125
2016-02-22,307000.0,300000.0,303000.0,303500.0,130584.0,277502.03125
2016-02-23,310000.0,299500.0,310000.0,299500.0,156369.0,273844.65625
2016-02-24,307500.0,295000.0,299500.0,295500.0,190266.0,270187.28125
2016-02-25,301500.0,296000.0,301000.0,297000.0,136060.0,271558.8125
2016-02-26,301000.0,292000.0,300000.0,293500.0,172110.0,268358.65625
2016-02-29,301000.0,292500.0,294000.0,300000.0,211647.0,274301.84375
2016-03-02,315000.0,304000.0,305000.0,312000.0,431708.0,285273.90625
2016-03-03,317500.0,305000.0,313500.0,308000.0,232125.0,281616.53125
2016-03-04,307500.0,297000.0,306500.0,298000.0,294991.0,272473.15625
2016-03-07,301500.0,298000.0,300500.0,299500.0,174584.0,273844.65625
2016-03-08,302000.0,297000.0,297000.0,298000.0,139563.0,272473.15625
2016-03-09,300500.0,292000.0,295500.0,296000.0,180728.0,270644.46875
2016-03-10,298000.0,294500.0,296500.0,295000.0,260931.0,269730.125
2016-03-11,299000.0,293500.0,294000.0,296500.0,178612.0,271101.625
2016-03-14,303500.0,297000.0,300000.0,303500.0,196344.0,277502.03125
2016-03-15,307000.0,301500.0,302000.0,302000.0,168253.0,276130.46875
2016-03-16,307000.0,302000.0,302000.0,307000.0,172377.0,280702.25
2016-03-17,316500.0,310000.0,310000.0,314000.0,271115.0,287102.5625
2016-03-18,317500.0,308500.0,315000.0,314000.0,210607.0,287102.5625
2016-03-21,322000.0,311500.0,318500.0,313500.0,244343.0,286645.375
2016-03-22,316500.0,311000.0,314000.0,313500.0,120158.0,286645.375
2016-03-23,314500.0,308500.0,314000.0,310000.0,130971.0,283445.1875
2016-03-24,319500.0,310000.0,311000.0,318500.0,212304.0,291217.125
2016-03-25,325000.0,316500.0,318500.0,323000.0,170806.0,295331.625
2016-03-28,324000.0,317500.0,323500.0,319500.0,110018.0,292131.4375
2016-03-29,323500.0,318500.0,321500.0,323500.0,127014.0,295788.78125
2016-03-30,333000.0,324000.0,325000.0,331000.0,306348.0,302646.375
2016-03-31,335500.0,325500.0,333500.0,327500.0,235289.0,299446.1875
2016-04-01,326000.0,315000.0,325500.0,317500.0,266621.0,290302.8125
2016-04-04,328500.0,318000.0,319000.0,326500.0,169983.0,298531.84375
2016-04-05,326000.0,314500.0,323500.0,316000.0,229102.0,288931.25
2016-04-06,321500.0,312000.0,315000.0,319500.0,163771.0,292131.4375
2016-04-07,327000.0,320500.0,322000.0,321000.0,146547.0,293502.9375
2016-04-08,322000.0,315500.0,316500.0,319500.0,126900.0,292131.4375
2016-04-11,325500.0,319500.0,321500.0,320000.0,100121.0,292588.625
2016-04-12,327000.0,319000.0,320500.0,326500.0,133390.0,298531.84375
2016-04-14,338500.0,331000.0,337500.0,338500.0,332481.0,309503.90625
2016-04-15,339500.0,332500.0,338000.0,335000.0,166290.0,306303.71875
2016-04-18,337000.0,329000.0,332500.0,337000.0,154786.0,308132.375
2016-04-19,341000.0,324500.0,339500.0,326500.0,277154.0,298531.84375
2016-04-20,330000.0,321000.0,328500.0,322000.0,189831.0,294417.3125
2016-04-21,326500.0,310000.0,325500.0,316000.0,578514.0,288931.25
2016-04-22,317500.0,307500.0,313500.0,308000.0,490750.0,281616.53125
2016-04-25,311000.0,308000.0,311000.0,310000.0,234676.0,283445.1875
2016-04-26,312500.0,302000.0,310500.0,304500.0,256191.0,278416.34375
2016-04-27,310000.0,305500.0,305500.0,307000.0,133822.0,280702.25
2016-04-28,310000.0,301500.0,310000.0,303000.0,207219.0,277044.84375
2016-04-29,303500.0,295500.0,303000.0,297000.0,234333.0,271558.8125
2016-05-02,299000.0,294000.0,295000.0,296000.0,109497.0,270644.46875
2016-05-03,299000.0,292000.0,298500.0,292000.0,169863.0,266987.09375
2016-05-04,292500.0,286000.0,290000.0,288500.0,271472.0,263786.90625
2016-05-09,287500.0,277500.0,286000.0,278000.0,381908.0,254186.375
2016-05-10,284000.0,276000.0,276000.0,282000.0,247991.0,257843.71875
2016-05-11,289000.0,283000.0,285000.0,288000.0,207556.0,263329.78125
2016-05-12,289000.0,283000.0,285500.0,288000.0,121884.0,263329.78125
2016-05-13,290000.0,280500.0,290000.0,281500.0,161954.0,257386.546875
2016-05-16,286000.0,278000.0,280000.0,283500.0,124005.0,259215.21875
2016-05-17,287000.0,282000.0,286500.0,285500.0,97724.0,261043.875
2016-05-18,282500.0,269000.0,281000.0,270500.0,593107.0,247328.828125
2016-05-19,273500.0,270000.0,270500.0,271000.0,183792.0,247785.984375
2016-05-20,275000.0,270500.0,272000.0,274500.0,170722.0,250986.171875
2016-05-23,277000.0,273000.0,276000.0,274000.0,117317.0,250528.984375
2016-05-24,276500.0,270000.0,274000.0,270000.0,134599.0,246871.65625
2016-05-25,275000.0,271500.0,274000.0,274000.0,142606.0,250528.984375
2016-05-26,276000.0,272000.0,275000.0,272500.0,165260.0,249157.515625
2016-05-27,277500.0,272000.0,272000.0,275000.0,265168.0,251443.34375
2016-05-30,276000.0,268000.0,276000.0,273000.0,237756.0,249614.65625
2016-05-31,273000.0,269500.0,272500.0,271000.0,265130.0,247785.984375
2016-06-01,272500.0,269000.0,270000.0,269500.0,220614.0,246414.484375
2016-06-02,272000.0,268500.0,271500.0,269000.0,200647.0,245957.3125
2016-06-03,271500.0,262000.0,270500.0,262500.0,350595.0,240014.109375
2016-06-07,267000.0,264000.0,265500.0,265500.0,282837.0,242757.109375
2016-06-08,274500.0,266000.0,266000.0,272000.0,259639.0,248700.328125
2016-06-09,276500.0,271000.0,274500.0,271000.0,297430.0,247785.984375
2016-06-10,274000.0,269500.0,270000.0,272500.0,124118.0,249157.515625
2016-06-13,271500.0,267500.0,270000.0,269000.0,130612.0,245957.3125
2016-06-14,272500.0,263000.0,270000.0,264000.0,197945.0,241385.609375
2016-06-15,266000.0,262000.0,263500.0,262000.0,148681.0,239556.921875
2016-06-16,266500.0,257500.0,261500.0,260000.0,202304.0,237728.234375
2016-06-17,265000.0,258000.0,262500.0,259000.0,180871.0,236813.90625
2016-06-20,271000.0,262000.0,263000.0,267000.0,230356.0,244128.640625
2016-06-21,258500.0,252000.0,255500.0,257500.0,470967.0,235442.390625
2016-06-22,258500.0,253500.0,258000.0,255500.0,313149.0,233613.71875
2016-06-23,259000.0,252000.0,257000.0,253000.0,250258.0,231327.890625
2016-06-24,257000.0,238500.0,256500.0,240000.0,602804.0,219441.453125
2016-06-27,240500.0,230000.0,231000.0,238500.0,418524.0,218069.953125
2016-06-28,239500.0,234500.0,235500.0,238500.0,368958.0,218069.953125
2016-06-29,258000.0,245500.0,245500.0,257000.0,488673.0,234985.234375
2016-06-30,263500.0,255500.0,263500.0,260000.0,432127.0,237728.234375
2016-07-01,259500.0,256000.0,259000.0,258000.0,152999.0,235899.59375
2016-07-04,263500.0,256500.0,258000.0,262500.0,172075.0,240014.109375
2016-07-05,265000.0,261000.0,262500.0,261500.0,158091.0,239099.765625
2016-07-06,259500.0,247500.0,259500.0,248500.0,429129.0,227213.359375
2016-07-07,252500.0,248000.0,250000.0,249500.0,253246.0,228127.6875
2016-07-08,252000.0,245500.0,250000.0,247500.0,147738.0,226299.015625
2016-07-11,257000.0,245000.0,245000.0,255000.0,289664.0,233156.5625
2016-07-12,255000.0,248500.0,253000.0,252000.0,164395.0,230413.53125
2016-07-13,257000.0,251500.0,256000.0,253500.0,157337.0,231785.03125
2016-07-14,256000.0,251000.0,252500.0,256000.0,164915.0,234070.875
2016-07-15,260000.0,255500.0,259000.0,258000.0,205077.0,235899.59375
2016-07-18,262500.0,256500.0,260500.0,257500.0,144360.0,235442.390625
2016-07-19,262000.0,257500.0,260500.0,259000.0,144119.0,236813.90625
2016-07-20,260500.0,255000.0,259500.0,256000.0,130951.0,234070.875
2016-07-21,259000.0,248000.0,256500.0,249000.0,330939.0,227670.515625
2016-07-22,250500.0,238500.0,250500.0,240500.0,657471.0,219898.640625
2016-07-25,243500.0,240000.0,241000.0,243000.0,224512.0,222184.484375
2016-07-26,247000.0,242000.0,242500.0,246500.0,210022.0,225384.671875
2016-07-27,248500.0,245000.0,248000.0,246500.0,148775.0,225384.671875
2016-07-28,247500.0,241500.0,246500.0,242500.0,172604.0,221727.328125
2016-07-29,249500.0,242500.0,242500.0,243500.0,248177.0,222641.65625
2016-08-01,257000.0,244000.0,244000.0,257000.0,362747.0,234985.234375
2016-08-02,258500.0,250500.0,255500.0,251000.0,221254.0,229499.171875
2016-08-03,250500.0,246000.0,249000.0,249500.0,128706.0,228127.6875
2016-08-04,253500.0,249500.0,252500.0,251000.0,163442.0,229499.171875
2016-08-05,253000.0,246500.0,252000.0,246500.0,178401.0,225384.671875
2016-08-08,249000.0,246000.0,247500.0,248000.0,150119.0,226756.171875
2016-08-09,258000.0,246000.0,248000.0,257500.0,287596.0,235442.390625
2016-08-10,268500.0,259500.0,260000.0,265500.0,542350.0,242757.109375
2016-08-11,267000.0,260000.0,266000.0,261500.0,194226.0,239099.765625
2016-08-12,269000.0,264500.0,265000.0,265000.0,220552.0,242299.953125
2016-08-16,265500.0,260500.0,265000.0,261500.0,199852.0,239099.765625
2016-08-17,263500.0,258500.0,262000.0,262500.0,120690.0,240014.109375
2016-08-18,264500.0,258000.0,263500.0,259000.0,152561.0,236813.90625
2016-08-19,263000.0,258000.0,260000.0,262000.0,199995.0,239556.921875
2016-08-22,276000.0,267500.0,269000.0,268500.0,449990.0,245500.125
2016-08-23,271500.0,263000.0,270500.0,269000.0,268098.0,245957.3125
2016-08-24,273000.0,267000.0,269500.0,267000.0,190556.0,244128.640625
2016-08-25,269500.0,261000.0,265000.0,268000.0,165231.0,245042.953125
2016-08-26,270500.0,267000.0,268000.0,268500.0,122172.0,245500.125
2016-08-29,266000.0,262000.0,265000.0,263500.0,206256.0,240928.4375
2016-08-30,266500.0,263500.0,265000.0,264000.0,102645.0,241385.609375
2016-08-31,271000.0,263500.0,264500.0,270500.0,247093.0,247328.828125
2016-09-01,271500.0,267000.0,271500.0,270000.0,149894.0,246871.65625
2016-09-02,268500.0,262500.0,267500.0,263000.0,241400.0,240471.25
2016-09-05,268000.0,265000.0,265500.0,267000.0,131630.0,244128.640625
2016-09-06,264500.0,250500.0,261000.0,251500.0,773416.0,229956.359375
2016-09-07,256000.0,249500.0,252500.0,249500.0,505160.0,228127.6875
2016-09-08,252500.0,247500.0,252000.0,248000.0,266658.0,226756.171875
2016-09-09,250000.0,247000.0,248000.0,248500.0,159837.0,227213.359375
2016-09-12,252500.0,244000.0,245000.0,245500.0,244829.0,224470.3125
2016-09-13,249500.0,237000.0,248500.0,237500.0,589842.0,217155.609375
2016-09-19,235000.0,227500.0,234000.0,233000.0,696631.0,213041.09375
2016-09-20,235000.0,230000.0,233000.0,232500.0,408531.0,212583.90625
2016-09-21,241000.0,232500.0,233500.0,241000.0,376149.0,220355.8125
2016-09-22,245000.0,238500.0,244500.0,238500.0,272299.0,218069.953125
2016-09-23,242000.0,238000.0,240000.0,239000.0,238213.0,218527.109375
2016-09-26,244000.0,241500.0,242000.0,242500.0,227794.0,221727.328125
2016-09-27,245000.0,242000.0,242500.0,244000.0,238189.0,223098.828125
2016-09-28,246000.0,242000.0,246000.0,242000.0,185517.0,221270.140625
2016-09-29,247500.0,243500.0,245000.0,244000.0,253285.0,223098.828125
2016-09-30,243000.0,239000.0,242000.0,241500.0,242273.0,220812.953125
2016-10-04,243000.0,237000.0,243000.0,237500.0,252151.0,217155.609375
2016-10-05,240000.0,237000.0,237500.0,240000.0,172292.0,219441.453125
2016-10-06,239500.0,233000.0,238500.0,234000.0,430401.0,213955.421875
2016-10-07,235500.0,232000.0,235000.0,233500.0,262507.0,213498.234375
2016-10-10,237000.0,231500.0,234000.0,232500.0,257172.0,212583.90625
2016-10-11,238000.0,232500.0,235000.0,235000.0,302622.0,214869.765625
2016-10-12,238500.0,233000.0,233500.0,237000.0,248384.0,216698.4375
2016-10-13,237000.0,230500.0,236500.0,230500.0,299144.0,210755.234375
2016-10-14,235500.0,230000.0,231000.0,232500.0,256461.0,212583.90625
2016-10-17,240000.0,232500.0,234000.0,240000.0,283643.0,219441.453125
2016-10-18,245500.0,240000.0,240500.0,245000.0,419090.0,224013.15625
2016-10-19,249500.0,242000.0,242500.0,244500.0,415140.0,223555.96875
2016-10-20,253000.0,248000.0,248500.0,251000.0,403226.0,229499.171875
2016-10-21,252500.0,249500.0,252000.0,250500.0,203091.0,229042.015625
2016-10-24,254500.0,250500.0,252000.0,251000.0,211346.0,229499.171875
2016-10-25,253000.0,246000.0,252500.0,248500.0,297371.0,227213.359375
2016-10-26,246500.0,239500.0,246000.0,242000.0,291821.0,221270.140625
2016-10-27,247000.0,242500.0,242500.0,245500.0,166754.0,224470.3125
2016-10-28,245000.0,240000.0,243000.0,241500.0,195127.0,220812.953125
2016-10-31,246500.0,240500.0,240500.0,246500.0,188980.0,225384.671875
2016-11-01,246000.0,240500.0,245500.0,244500.0,149572.0,223555.96875
2016-11-02,244500.0,241000.0,243500.0,243000.0,133183.0,222184.484375
2016-11-03,245500.0,242000.0,243500.0,245000.0,170120.0,224013.15625
2016-11-04,245000.0,242500.0,243500.0,244500.0,104504.0,223555.96875
2016-11-07,250000.0,245000.0,245500.0,250000.0,228503.0,228584.859375
2016-11-08,254500.0,250000.0,253500.0,252500.0,185393.0,230870.71875
2016-11-09,255000.0,237500.0,254000.0,242000.0,472018.0,221270.140625
2016-11-10,247500.0,240000.0,247000.0,241000.0,404141.0,220355.8125
2016-11-11,243000.0,235500.0,240000.0,236500.0,297575.0,216241.28125
2016-11-14,237000.0,233000.0,236500.0,235500.0,240941.0,215326.9375
2016-11-15,241500.0,233000.0,234500.0,240500.0,233269.0,219898.640625
2016-11-16,243000.0,238000.0,243000.0,238000.0,152133.0,217612.796875
2016-11-17,240000.0,236000.0,238000.0,239500.0,95003.0,218984.296875
2016-11-18,239500.0,233500.0,239000.0,233500.0,181603.0,213498.234375
2016-11-21,234500.0,230500.0,232000.0,230500.0,186522.0,210755.234375
2016-11-22,234000.0,230500.0,232500.0,232500.0,180910.0,212583.90625
2016-11-23,236500.0,232000.0,232500.0,234500.0,172925.0,214412.609375
2016-11-24,232000.0,218000.0,231000.0,219500.0,808712.0,200697.515625
2016-11-25,223000.0,215500.0,218500.0,222500.0,249375.0,203440.53125
2016-11-28,226500.0,222000.0,223000.0,224500.0,280516.0,205269.203125
2016-11-29,226500.0,224500.0,224500.0,226000.0,148283.0,206640.703125
2016-11-30,229500.0,224500.0,227000.0,226500.0,209854.0,207097.890625
2016-12-01,231000.0,227000.0,230000.0,229500.0,182583.0,209840.90625
2016-12-02,233500.0,229500.0,230500.0,231500.0,184880.0,211669.578125
2016-12-05,234500.0,228500.0,231500.0,233000.0,146501.0,213041.09375
2016-12-06,243000.0,233000.0,235000.0,242000.0,356666.0,221270.140625
2016-12-07,245000.0,242000.0,242500.0,244000.0,217310.0,223098.828125
2016-12-08,252000.0,245500.0,246000.0,252000.0,454072.0,230413.53125
2016-12-09,253500.0,248500.0,250500.0,251500.0,212022.0,229956.359375
2016-12-12,256500.0,247500.0,255500.0,249500.0,225358.0,228127.6875
2016-12-13,254500.0,249000.0,250500.0,254500.0,184556.0,232699.390625
2016-12-14,255000.0,247000.0,253000.0,247000.0,198067.0,225841.84375
2016-12-15,255000.0,246000.0,246000.0,253000.0,254924.0,231327.890625
2016-12-16,256500.0,251000.0,253000.0,251000.0,163019.0,229499.171875
2016-12-19,260000.0,252000.0,252000.0,259500.0,352588.0,237271.09375
2016-12-20,263000.0,258000.0,261500.0,258500.0,207602.0,236356.75
2016-12-21,264000.0,259000.0,260500.0,263500.0,217128.0,240928.4375
2016-12-22,265000.0,262000.0,265000.0,264000.0,171290.0,241385.609375
2016-12-23,266500.0,263500.0,266500.0,266500.0,216506.0,243671.46875
2016-12-26,267000.0,261000.0,266500.0,263000.0,145603.0,240471.25
2016-12-27,266500.0,261500.0,264500.0,266500.0,299387.0,243671.46875
2016-12-28,265000.0,260000.0,263000.0,261000.0,166227.0,243205.546875
2016-12-29,263000.0,255500.0,263000.0,261000.0,165816.0,243205.546875
2017-01-02,255000.0,247500.0,250000.0,253000.0,294947.0,235750.984375
2017-01-03,264000.0,254000.0,255000.0,262000.0,253540.0,244137.375
2017-01-04,269000.0,262000.0,263000.0,268500.0,255597.0,250194.234375
2017-01-05,268500.0,265000.0,267000.0,267500.0,148537.0,249262.390625
2017-01-06,268500.0,265000.0,268000.0,266000.0,84524.0,247864.65625
2017-01-09,267000.0,261500.0,264500.0,264500.0,124839.0,246466.9375
2017-01-10,270500.0,266000.0,266500.0,267500.0,192011.0,249262.390625
2017-01-11,281000.0,268000.0,269000.0,280000.0,559100.0,260910.171875
2017-01-12,287000.0,278500.0,281000.0,285000.0,321519.0,265569.28125
2017-01-13,287500.0,281000.0,283000.0,283000.0,283435.0,263705.65625
2017-01-16,283500.0,278000.0,282000.0,278500.0,198568.0,259512.421875
2017-01-17,284000.0,276000.0,278000.0,278500.0,218884.0,259512.421875
2017-01-18,278500.0,270000.0,278000.0,271500.0,305022.0,252989.671875
2017-01-19,274000.0,265500.0,272000.0,270500.0,283405.0,252057.859375
2017-01-20,267000.0,259000.0,266000.0,261000.0,424426.0,243205.546875
2017-01-23,265500.0,261000.0,262000.0,265500.0,201425.0,247398.75
2017-01-24,264500.0,260500.0,264000.0,263000.0,167168.0,245069.1875
2017-01-25,266000.0,262000.0,265000.0,263500.0,129004.0,245535.078125
2017-01-26,274500.0,262500.0,264500.0,270000.0,325835.0,251591.9375
2017-01-31,270000.0,262000.0,268500.0,262000.0,324050.0,244137.375
2017-02-01,273000.0,265000.0,265000.0,272500.0,249084.0,253921.5
2017-02-02,279500.0,272500.0,272500.0,274500.0,313439.0,255785.140625
2017-02-03,277000.0,271500.0,276000.0,275500.0,192256.0,256716.953125
2017-02-06,282000.0,277000.0,280000.0,277500.0,202277.0,258580.640625
2017-02-07,278500.0,271500.0,278500.0,273000.0,165682.0,254387.4375
2017-02-08,274000.0,268000.0,273000.0,270500.0,162108.0,252057.859375
2017-02-09,275000.0,270500.0,273000.0,272000.0,165764.0,253455.578125
2017-02-10,281500.0,274000.0,275000.0,281000.0,371551.0,261841.953125
2017-02-13,282500.0,279000.0,282000.0,279500.0,190988.0,260444.25
2017-02-14,282000.0,274500.0,281500.0,277000.0,242951.0,258114.734375
2017-02-15,283000.0,278000.0,278500.0,282000.0,229913.0,262773.84375
2017-02-16,283500.0,274500.0,283500.0,275000.0,322009.0,256251.046875
2017-02-17,278000.0,273000.0,273000.0,277000.0,162813.0,258114.734375
2017-02-20,278500.0,272000.0,274000.0,278500.0,198672.0,259512.421875
2017-02-21,280500.0,276500.0,279000.0,278000.0,186061.0,259046.53125
2017-02-22,283000.0,279000.0,281000.0,279500.0,254219.0,260444.25
2017-02-23,284000.0,279000.0,281500.0,284000.0,309140.0,264637.46875
2017-02-24,285000.0,279500.0,285000.0,281000.0,276766.0,261841.953125
2017-02-27,283000.0,277000.0,282000.0,282500.0,201230.0,263239.75
2017-02-28,284500.0,279500.0,281500.0,283000.0,212901.0,263705.65625
2017-03-02,288000.0,282000.0,286000.0,287500.0,411436.0,267898.84375
2017-03-03,287500.0,278000.0,287500.0,282000.0,381929.0,262773.84375
2017-03-06,280500.0,272000.0,279000.0,275500.0,415679.0,256716.953125
2017-03-07,279500.0,275000.0,275500.0,277000.0,153695.0,258114.734375
2017-03-08,277000.0,271000.0,273500.0,273000.0,296457.0,254387.4375
2017-03-09,274500.0,269000.0,274000.0,269500.0,274928.0,251126.03125
2017-03-10,269500.0,264000.0,268500.0,266500.0,369397.0,248330.578125
2017-03-13,270500.0,266500.0,267000.0,269000.0,169880.0,250660.125
2017-03-14,277500.0,272000.0,273000.0,274000.0,269479.0,255319.25
2017-03-15,276500.0,273000.0,274000.0,276000.0,178579.0,257182.90625
2017-03-16,282000.0,277500.0,279000.0,278500.0,222324.0,259512.421875
2017-03-17,279500.0,274500.0,279500.0,279500.0,207185.0,260444.25
2017-03-20,283500.0,278500.0,279500.0,283000.0,188329.0,263705.65625
2017-03-21,296500.0,285000.0,285000.0,295000.0,526655.0,274887.5
2017-03-22,295500.0,288000.0,293000.0,290500.0,295302.0,270694.28125
2017-03-23,299000.0,287000.0,295000.0,287000.0,355854.0,267432.90625
2017-03-24,290500.0,285500.0,290000.0,286500.0,232272.0,266967.0625
2017-03-27,289000.0,281000.0,286000.0,282500.0,270917.0,263239.75
2017-03-28,294000.0,284500.0,285000.0,292500.0,264727.0,272557.9375
2017-03-29,300000.0,294000.0,296000.0,299500.0,370123.0,279080.6875
2017-03-30,300000.0,293500.0,298500.0,297000.0,162306.0,276751.125
2017-03-31,300000.0,294000.0,298000.0,294000.0,250456.0,273955.6875
2017-04-03,297000.0,290500.0,296000.0,293000.0,206581.0,273023.875
2017-04-04,292000.0,283000.0,290500.0,283000.0,364169.0,263705.65625
2017-04-05,287500.0,279000.0,285000.0,284500.0,286902.0,265103.375
2017-04-06,288000.0,280500.0,283000.0,284000.0,186872.0,264637.46875
2017-04-07,287000.0,281500.0,285500.0,284500.0,144246.0,265103.375
2017-04-10,284500.0,279500.0,284000.0,281000.0,123570.0,261841.953125
2017-04-11,284500.0,277000.0,280500.0,280500.0,163171.0,261376.0625
2017-04-12,283500.0,280000.0,283000.0,282000.0,122532.0,262773.84375
2017-04-13,282500.0,274000.0,282500.0,274000.0,295018.0,255319.25
2017-04-14,276000.0,272500.0,273000.0,274500.0,109972.0,255785.140625
2017-04-17,282500.0,274500.0,274500.0,278500.0,133099.0,259512.421875
2017-04-18,280000.0,275000.0,278500.0,276000.0,100626.0,257182.90625
2017-04-19,278500.0,270500.0,277000.0,270500.0,254640.0,252057.859375
2017-04-20,280000.0,275500.0,276000.0,279000.0,346429.0,259978.34375
2017-04-21,281500.0,278500.0,279000.0,280000.0,161029.0,260910.171875
2017-04-24,286000.0,281000.0,284000.0,281500.0,174272.0,262307.90625
2017-04-25,283500.0,276500.0,283500.0,279500.0,176156.0,260444.25
2017-04-26,284500.0,279500.0,282500.0,279500.0,258794.0,260444.25
2017-04-27,283500.0,277500.0,281000.0,281000.0,171628.0,261841.953125
2017-04-28,279000.0,273500.0,276500.0,274000.0,211136.0,255319.25
2017-05-02,278500.0,273500.0,273500.0,275000.0,237946.0,256251.046875
2017-05-04,279500.0,275000.0,275000.0,276000.0,160423.0,257182.90625
2017-05-08,280000.0,275000.0,276000.0,280000.0,314036.0,260910.171875
2017-05-10,285000.0,277500.0,283500.0,278000.0,352589.0,259046.53125
2017-05-11,286000.0,279000.0,281000.0,285500.0,318325.0,266035.21875
2017-05-12,289500.0,285000.0,287000.0,287500.0,201706.0,267898.84375
2017-05-15,289500.0,284500.0,289500.0,285000.0,145932.0,265569.28125
2017-05-16,289000.0,285000.0,286500.0,285500.0,172833.0,266035.21875
2017-05-17,287500.0,282500.0,285500.0,284000.0,152412.0,264637.46875
2017-05-18,282500.0,276000.0,280500.0,280500.0,201563.0,261376.0625
2017-05-19,284500.0,280000.0,280000.0,282000.0,152117.0,262773.84375
2017-05-22,288500.0,281000.0,281500.0,287000.0,305798.0,267432.90625
2017-05-23,292000.0,286000.0,286500.0,289500.0,240357.0,269762.46875
2017-05-24,292000.0,288000.0,292000.0,290000.0,113315.0,270228.375
2017-05-25,296500.0,291000.0,292000.0,296000.0,298294.0,275819.3125
2017-05-26,306000.0,298000.0,300000.0,304500.0,538283.0,283739.8125
2017-05-29,311000.0,306000.0,306500.0,309500.0,400894.0,288398.9375
2017-05-30,309500.0,304000.0,309500.0,306500.0,260369.0,285603.4375
2017-05-31,308000.0,300500.0,306000.0,302000.0,263470.0,281410.28125
2017-06-01,305500.0,301000.0,301000.0,303000.0,196318.0,282342.09375
2017-06-02,304000.0,294000.0,303500.0,294000.0,424935.0,273955.6875
2017-06-05,294000.0,289000.0,292000.0,291500.0,292409.0,271626.125
2017-06-07,294500.0,289000.0,294000.0,290500.0,291299.0,270694.28125
2017-06-08,292500.0,286000.0,290000.0,289500.0,390922.0,269762.46875
2017-06-09,297000.0,290000.0,291000.0,292500.0,371924.0,272557.9375
2017-06-12,296500.0,288500.0,293500.0,289500.0,191591.0,269762.46875
2017-06-13,297000.0,291000.0,293500.0,292500.0,269402.0,272557.9375
2017-06-14,290000.0,280000.0,289500.0,281000.0,669742.0,261841.953125
2017-06-15,280000.0,274500.0,280000.0,276500.0,361523.0,257648.796875
2017-06-16,283000.0,276500.0,276500.0,278000.0,289532.0,259046.53125
2017-06-19,279500.0,275500.0,277500.0,279000.0,157850.0,259978.34375
2017-06-20,280000.0,275000.0,279500.0,275500.0,165525.0,256716.953125
2017-06-21,281500.0,270000.0,273500.0,280000.0,281125.0,260910.171875
2017-06-22,287000.0,278500.0,280500.0,287000.0,331461.0,267432.90625
2017-06-23,288000.0,281500.0,287500.0,283500.0,222360.0,264171.53125
2017-06-26,285000.0,282500.0,284000.0,282500.0,135404.0,263239.75
2017-06-27,287000.0,282500.0,284000.0,283000.0,225758.0,263705.65625
2017-06-28,285000.0,279500.0,284000.0,280500.0,148004.0,261376.0625
2017-06-29,283500.0,280000.0,282500.0,282000.0,219741.0,262773.84375
2017-06-30,291500.0,280500.0,281000.0,291000.0,318342.0,271160.21875
2017-07-03,297500.0,293000.0,294000.0,296500.0,356166.0,276285.25
2017-07-04,298000.0,288500.0,297500.0,290000.0,195257.0,270228.375
2017-07-05,293000.0,286000.0,290000.0,291000.0,176809.0,271160.21875
2017-07-06,293500.0,288500.0,292000.0,290000.0,113140.0,270228.375
2017-07-07,293000.0,287000.0,288500.0,289000.0,151570.0,269296.53125
2017-07-10,292000.0,285500.0,288500.0,291500.0,146503.0,271626.125
2017-07-11,299000.0,291000.0,291000.0,299000.0,304052.0,278614.8125
2017-07-12,300000.0,295000.0,298000.0,299500.0,250718.0,279080.6875
2017-07-13,315000.0,304000.0,304000.0,314000.0,896560.0,292592.125
2017-07-14,321000.0,316000.0,316500.0,318500.0,399294.0,296785.3125
2017-07-17,322500.0,317500.0,322000.0,319500.0,282589.0,297717.15625
2017-07-18,327000.0,316000.0,319500.0,326500.0,313590.0,304239.90625
2017-07-19,326500.0,317000.0,326500.0,318500.0,300700.0,296785.3125
2017-07-20,330500.0,322000.0,330000.0,326000.0,420954.0,303774.0
2017-07-21,338000.0,326500.0,330000.0,329000.0,396713.0,306569.4375
2017-07-24,336500.0,330500.0,332500.0,335000.0,345871.0,312160.375
2017-07-25,334000.0,328000.0,333000.0,329000.0,264797.0,306569.4375
2017-07-26,334000.0,322500.0,333500.0,326500.0,246771.0,304239.90625
2017-07-27,331000.0,324500.0,328500.0,331000.0,149286.0,308433.09375
2017-07-28,333000.0,320000.0,332000.0,323000.0,224660.0,300978.53125
2017-07-31,329500.0,319500.0,320000.0,328000.0,212502.0,305637.625
2017-08-01,335000.0,328000.0,328500.0,333000.0,228563.0,310296.75
2017-08-02,334000.0,327000.0,333500.0,333500.0,245624.0,310762.65625
2017-08-03,333500.0,325000.0,333500.0,329000.0,223188.0,306569.4375
2017-08-04,343000.0,329000.0,329000.0,342500.0,509506.0,319149.0625
2017-08-07,349500.0,342500.0,344500.0,344000.0,241835.0,320546.75
2017-08-08,345500.0,335500.0,345500.0,340000.0,251640.0,316819.5
2017-08-09,338000.0,331500.0,335000.0,332500.0,272997.0,309830.8125
2017-08-10,338500.0,331000.0,332000.0,337500.0,261606.0,314489.9375
2017-08-11,341500.0,329500.0,330000.0,339500.0,319347.0,316353.59375
2017-08-14,345000.0,339500.0,343000.0,343500.0,148005.0,320080.875
2017-08-16,352000.0,343000.0,348000.0,345500.0,258739.0,321944.53125
2017-08-17,347500.0,342000.0,345000.0,343500.0,181488.0,320080.875
2017-08-18,349500.0,339500.0,339500.0,349000.0,163964.0,325205.875
2017-08-21,352000.0,347500.0,352000.0,349000.0,181004.0,325205.875
2017-08-22,364000.0,350000.0,350000.0,363000.0,317416.0,338251.40625
2017-08-23,366500.0,362000.0,365000.0,366000.0,256240.0,341046.84375
2017-08-24,378000.0,365500.0,366000.0,375000.0,343287.0,349433.25
2017-08-25,375000.0,367000.0,375000.0,368500.0,240518.0,343376.4375
2017-08-28,372000.0,365500.0,368000.0,369500.0,144557.0,344308.25
2017-08-29,368500.0,362500.0,367000.0,368500.0,191646.0,343376.4375
2017-08-30,383000.0,371000.0,371500.0,380000.0,342483.0,354092.40625
2017-08-31,383000.0,372000.0,382500.0,379000.0,228146.0,353160.59375
2017-09-01,379000.0,372000.0,378000.0,373000.0,183132.0,347569.59375
2017-09-04,374500.0,364500.0,365000.0,370000.0,232497.0,344774.15625
2017-09-05,373000.0,363500.0,372000.0,366000.0,237215.0,341046.84375
2017-09-06,372000.0,364500.0,365000.0,372000.0,179775.0,346637.8125
2017-09-07,375000.0,369500.0,373000.0,370000.0,129141.0,344774.15625
2017-09-08,372500.0,366500.0,370500.0,372500.0,116853.0,347103.65625
2017-09-11,392000.0,374500.0,375500.0,392000.0,337307.0,365274.1875
2017-09-12,397000.0,388500.0,394500.0,390000.0,281130.0,363410.5625
2017-09-13,411000.0,390500.0,392000.0,407500.0,448119.0,379717.5
2017-09-14,408500.0,399500.0,406500.0,407000.0,429395.0,379251.5625
2017-09-15,405000.0,398000.0,404000.0,401000.0,304611.0,373660.625
2017-09-18,404500.0,393000.0,403000.0,395000.0,368552.0,368069.71875
2017-09-19,400000.0,393500.0,397500.0,397000.0,201017.0,369933.34375
2017-09-20,398500.0,387000.0,397500.0,388500.0,323891.0,362012.875
2017-09-21,394000.0,385500.0,390000.0,389000.0,250454.0,362478.78125
2017-09-25,380000.0,362500.0,366000.0,379500.0,274941.0,353626.46875
2017-09-26,379500.0,379500.0,379500.0,379500.0,0.0,353626.46875
2017-09-27,381000.0,372500.0,373500.0,378000.0,162016.0,352228.75
2017-09-28,387000.0,369500.0,375000.0,386000.0,258624.0,359683.3125
2017-09-29,396000.0,383500.0,384500.0,392000.0,278506.0,365274.1875
2017-10-10,398500.0,387000.0,396500.0,393000.0,406615.0,366206.09375
2017-10-11,401000.0,380500.0,397000.0,385000.0,432585.0,358751.5
2017-10-12,387000.0,376500.0,382500.0,379000.0,381170.0,353160.59375
2017-10-13,381000.0,372500.0,376000.0,375000.0,326570.0,349433.25
2017-10-16,381000.0,368000.0,377000.0,370000.0,341678.0,344774.15625
2017-10-17,374000.0,367500.0,373000.0,373000.0,266741.0,347569.59375
2017-10-18,385000.0,376000.0,376500.0,384000.0,357530.0,357819.65625
2017-10-19,391000.0,384000.0,387500.0,385000.0,306726.0,358751.5
2017-10-20,390000.0,381000.0,388500.0,384000.0,206656.0,357819.65625
2017-10-23,397000.0,385000.0,385500.0,395500.0,293065.0,368535.59375
2017-10-24,395500.0,387500.0,395000.0,388500.0,212289.0,362012.875
2017-10-25,392000.0,385000.0,390500.0,386500.0,129780.0,360149.1875
2017-10-26,397000.0,386500.0,388500.0,394500.0,327261.0,367603.78125
2017-10-27,407000.0,398000.0,400000.0,405500.0,536199.0,377853.84375
2017-10-30,409000.0,399500.0,406000.0,405500.0,386527.0,377853.84375
2017-10-31,408000.0,399500.0,405000.0,403500.0,279672.0,375990.1875
2017-11-01,419000.0,405500.0,407000.0,414500.0,336389.0,386240.25
2017-11-02,425000.0,412500.0,417500.0,420000.0,329073.0,391365.25
2017-11-03,419500.0,405000.0,419500.0,414000.0,387441.0,385774.34375
2017-11-06,416000.0,407000.0,410000.0,409000.0,270093.0,381115.21875
2017-11-07,413500.0,403500.0,408500.0,409000.0,245940.0,381115.21875
2017-11-08,412000.0,403500.0,406000.0,409000.0,206990.0,381115.21875
2017-11-09,415000.0,410000.0,415000.0,414000.0,194087.0,385774.34375
2017-11-10,412000.0,405000.0,411500.0,406500.0,167505.0,378785.65625
2017-11-13,406500.0,390000.0,403500.0,394500.0,494297.0,367603.78125
2017-11-14,396000.0,388500.0,394500.0,392500.0,365212.0,365740.15625
2017-11-15,397000.0,388500.0,391000.0,397000.0,292227.0,369933.34375
2017-11-16,406000.0,392500.0,397000.0,405500.0,248330.0,377853.84375
2017-11-17,414500.0,405500.0,408000.0,408500.0,285105.0,380649.3125
2017-11-20,412500.0,408000.0,409000.0,409500.0,231641.0,381581.09375
2017-11-21,413000.0,408000.0,409500.0,413000.0,205930.0,384842.53125
2017-11-22,417000.0,407500.0,411000.0,417000.0,254436.0,388569.8125
2017-11-23,424000.0,418000.0,418000.0,421500.0,195782.0,392763.03125
2017-11-24,426000.0,421000.0,424500.0,423500.0,154584.0,394626.65625
2017-11-27,426000.0,416000.0,422500.0,419500.0,235268.0,390899.34375
2017-11-28,424500.0,418000.0,420000.0,420500.0,152850.0,391831.15625
2017-11-29,425000.0,419500.0,419500.0,422500.0,149735.0,393694.84375
2017-11-30,426000.0,416000.0,424500.0,417500.0,339763.0,389035.6875
2017-12-01,416000.0,407000.0,412000.0,412000.0,547839.0,383910.6875
2017-12-04,422500.0,413500.0,414500.0,420000.0,180998.0,391365.25
2017-12-05,419500.0,410000.0,416500.0,414000.0,160533.0,385774.34375
2017-12-06,416000.0,408500.0,414000.0,408500.0,140456.0,380649.3125
2017-12-07,407000.0,395000.0,405500.0,397000.0,257473.0,369933.34375
2017-12-08,400000.0,393500.0,393500.0,398500.0,161340.0,371331.0625
2017-12-11,403500.0,397500.0,398500.0,400000.0,143139.0,372728.78125
2017-12-12,400000.0,388000.0,399000.0,390000.0,270505.0,363410.5625
2017-12-13,398500.0,388500.0,388500.0,393000.0,298912.0,366206.09375
2017-12-14,397000.0,388000.0,394000.0,390000.0,379926.0,363410.5625
2017-12-15,397000.0,393000.0,395000.0,394000.0,197159.0,367137.90625
2017-12-18,398000.0,393000.0,396000.0,397500.0,158523.0,370399.28125
2017-12-19,399500.0,395500.0,399500.0,398500.0,135439.0,371331.0625
2017-12-21,398500.0,391000.0,398500.0,391000.0,123480.0,364342.40625
2017-12-22,395000.0,389500.0,391500.0,393500.0,134256.0,366672.0
2017-12-26,395000.0,392000.0,393500.0,392000.0,267020.0,365274.1875
2017-12-27,395000.0,391000.0,394000.0,394500.0,138310.0,373317.84375
2017-12-28,407000.0,395000.0,396500.0,405000.0,169517.0,383254.0625
2018-01-02,415000.0,406500.0,407000.0,411000.0,153739.0,388931.875
2018-01-03,413000.0,404000.0,404000.0,409500.0,103370.0,387512.40625
2018-01-04,412000.0,395000.0,410000.0,395500.0,215698.0,374264.125
2018-01-05,405500.0,395000.0,396500.0,405000.0,154954.0,383254.0625
2018-01-08,425000.0,407000.0,409000.0,424500.0,321484.0,401707.03125
2018-01-09,436500.0,424000.0,427500.0,425500.0,235552.0,402653.3125
2018-01-10,428500.0,416500.0,427500.0,416500.0,126227.0,394136.59375
2018-01-11,426000.0,415500.0,421500.0,421500.0,131522.0,398868.15625
2018-01-12,429000.0,418500.0,418500.0,426000.0,150523.0,403126.46875
2018-01-15,441500.0,425500.0,426000.0,437000.0,212044.0,413535.875
2018-01-16,440500.0,429000.0,438000.0,431500.0,144682.0,408331.1875
2018-01-17,435000.0,420500.0,430500.0,420500.0,178216.0,397921.78125
2018-01-18,423500.0,415500.0,420500.0,417000.0,161817.0,394609.75
2018-01-19,424500.0,417000.0,417000.0,423500.0,147058.0,400760.71875
2018-01-22,426000.0,412000.0,425500.0,418000.0,203541.0,395556.03125
2018-01-23,423000.0,417000.0,420000.0,423000.0,132280.0,400287.59375
2018-01-24,438000.0,424500.0,424500.0,438000.0,309355.0,414482.15625
2018-01-25,440500.0,435000.0,436000.0,436500.0,177052.0,413062.71875
2018-01-26,443500.0,430500.0,436000.0,435500.0,134906.0,412116.375
2018-01-29,442000.0,434000.0,436000.0,441500.0,202072.0,417794.25
2018-01-30,447500.0,436000.0,441500.0,436000.0,220050.0,412589.5625
2018-01-31,435000.0,421000.0,432500.0,432000.0,212494.0,408804.34375
2018-02-01,440000.0,418500.0,434500.0,418500.0,392278.0,396029.1875
2018-02-02,416000.0,400000.0,415000.0,400500.0,468545.0,378995.65625
2018-02-05,393000.0,388000.0,392500.0,390000.0,395055.0,369059.4375
2018-02-06,390000.0,373000.0,375500.0,388500.0,431592.0,367640.03125
2018-02-07,395000.0,375000.0,393000.0,375000.0,366880.0,354864.84375
2018-02-08,381500.0,369000.0,375000.0,374000.0,335211.0,353918.5625
2018-02-09,369000.0,361500.0,363500.0,366000.0,238835.0,346348.09375
2018-02-12,376500.0,366500.0,369500.0,372000.0,216955.0,352025.9375
2018-02-13,376000.0,361500.0,375000.0,364500.0,249981.0,344928.65625
2018-02-14,374000.0,362500.0,362500.0,372500.0,141209.0,352499.0625
2018-02-19,383500.0,376500.0,378000.0,383500.0,211347.0,362908.46875
2018-02-20,384000.0,375000.0,384000.0,376500.0,117191.0,356284.34375
2018-02-21,376500.0,371000.0,375500.0,374500.0,128261.0,354391.71875
2018-02-22,378500.0,371500.0,372500.0,376500.0,120813.0,356284.34375
2018-02-23,389500.0,378000.0,380500.0,389000.0,242090.0,368113.1875
2018-02-26,397500.0,390000.0,393500.0,394000.0,206748.0,372844.6875
2018-02-27,400500.0,396000.0,400000.0,398000.0,205730.0,376629.90625
2018-02-28,397000.0,383000.0,394500.0,383000.0,184706.0,362435.3125
2018-03-02,385500.0,379000.0,385000.0,383500.0,184855.0,362908.46875
2018-03-05,383500.0,372500.0,383500.0,375000.0,144653.0,354864.84375
2018-03-06,387500.0,377000.0,379500.0,387500.0,159217.0,366693.6875
2018-03-07,390500.0,382500.0,384500.0,385000.0,150030.0,364327.9375
2018-03-08,387000.0,378000.0,386000.0,387000.0,208588.0,366220.53125
2018-03-09,408000.0,383500.0,387000.0,406500.0,364917.0,384673.5
2018-03-12,413500.0,407500.0,410500.0,410500.0,216317.0,388458.75
2018-03-13,411500.0,400500.0,404500.0,409500.0,148046.0,387512.40625
2018-03-14,419000.0,410000.0,415000.0,411500.0,199225.0,389405.03125
2018-03-15,420000.0,411500.0,414000.0,419000.0,241683.0,396502.34375
2018-03-16,419000.0,408500.0,419000.0,413500.0,205744.0,391297.6875
2018-03-19,419500.0,404000.0,419000.0,405000.0,140007.0,383254.0625
2018-03-20,407000.0,399500.0,402000.0,406500.0,144071.0,384673.5
2018-03-21,417500.0,408000.0,417000.0,410000.0,169621.0,387985.5625
2018-03-22,416500.0,407500.0,413500.0,409000.0,131002.0,387039.28125
2018-03-23,403500.0,392000.0,399500.0,393500.0,208234.0,372371.5625
2018-03-26,402000.0,390500.0,390500.0,400000.0,155289.0,378522.5
2018-03-27,408500.0,402500.0,404000.0,403000.0,127168.0,381361.46875
2018-03-28,401500.0,384500.0,396500.0,386000.0,292609.0,365274.21875
2018-03-29,391000.0,381500.0,386500.0,386000.0,199377.0,365274.21875
2018-03-30,391000.0,385500.0,390000.0,385500.0,103447.0,364801.09375
2018-04-02,398500.0,387000.0,394000.0,387500.0,161454.0,366693.6875
2018-04-03,382000.0,375500.0,381500.0,378500.0,238504.0,358176.9375
2018-04-04,384500.0,373500.0,381500.0,376000.0,180548.0,355811.1875
2018-04-05,389000.0,377000.0,377000.0,383500.0,158893.0,362908.46875
2018-04-06,382500.0,375500.0,382500.0,379000.0,131831.0,358650.125
2018-04-09,378000.0,373500.0,375500.0,376000.0,142530.0,355811.1875
2018-04-10,374000.0,364500.0,374000.0,368000.0,298550.0,348240.71875
2018-04-11,374000.0,366500.0,370000.0,367000.0,261589.0,347294.40625
2018-04-12,379000.0,369500.0,373000.0,378000.0,262006.0,357703.8125
2018-04-13,377000.0,370500.0,376500.0,373000.0,146231.0,352972.25
2018-04-16,375000.0,364000.0,374000.0,365000.0,216512.0,345401.8125
2018-04-17,369500.0,366000.0,367000.0,368500.0,117092.0,348713.90625
2018-04-18,378500.0,371500.0,373500.0,376000.0,200737.0,355811.1875
2018-04-19,381000.0,373500.0,377500.0,376000.0,170308.0,355811.1875
2018-04-20,378500.0,372000.0,376500.0,372500.0,140993.0,352499.0625
2018-04-23,374500.0,369500.0,374500.0,372500.0,126975.0,352499.0625
2018-04-24,376500.0,371500.0,375000.0,374500.0,144778.0,354391.71875
2018-04-25,370500.0,350500.0,370500.0,352500.0,496231.0,333572.96875
2018-04-26,356500.0,352500.0,353500.0,353500.0,232263.0,334519.28125
2018-04-27,360000.0,354000.0,354000.0,354500.0,156968.0,335465.625
2018-04-30,361000.0,351500.0,351500.0,360000.0,155327.0,340670.28125
2018-05-02,358500.0,338500.0,356000.0,339000.0,523971.0,320797.8125
2018-05-03,344500.0,333500.0,337000.0,343000.0,296458.0,324583.0625
2018-05-04,344000.0,340000.0,340000.0,341000.0,194462.0,322690.4375
2018-05-08,336000.0,330500.0,332000.0,330500.0,356424.0,312754.25
2018-05-09,341500.0,326500.0,328500.0,339500.0,242892.0,321271.0
2018-05-10,344500.0,337500.0,339500.0,340000.0,189496.0,321744.15625
2018-05-11,347500.0,341500.0,343500.0,345000.0,214165.0,326475.71875
2018-05-14,357500.0,347000.0,349000.0,354500.0,302609.0,335465.625
2018-05-15,353500.0,346500.0,350500.0,348500.0,185959.0,329787.71875
2018-05-16,348000.0,340000.0,348000.0,342000.0,225069.0,323636.78125
2018-05-17,353500.0,345000.0,345500.0,345500.0,212479.0,326948.84375
2018-05-18,350500.0,342500.0,345000.0,344000.0,164369.0,325529.34375
2018-05-21,345000.0,335000.0,344000.0,338500.0,195380.0,320324.65625
2018-05-23,352500.0,339500.0,340000.0,343500.0,491113.0,325056.21875
2018-05-24,348500.0,339500.0,345000.0,345000.0,244651.0,326475.71875
2018-05-25,356500.0,344000.0,344500.0,352500.0,334692.0,333572.96875
2018-05-28,356500.0,349500.0,353000.0,352000.0,133191.0,333099.8125
2018-05-29,352500.0,343500.0,352000.0,343500.0,162022.0,325056.21875
2018-05-30,341000.0,328500.0,340500.0,330500.0,372066.0,312754.25
2018-05-31,341000.0,332500.0,332500.0,338500.0,318155.0,320324.65625
2018-06-01,340000.0,332500.0,338000.0,337000.0,109544.0,318905.25
2018-06-04,364500.0,338500.0,338500.0,363000.0,512468.0,343509.1875
2018-06-05,368000.0,358000.0,364500.0,363500.0,306447.0,343982.375
2018-06-07,377500.0,366000.0,368000.0,368500.0,440365.0,348713.90625
2018-06-08,378000.0,367500.0,370500.0,375500.0,368726.0,355338.0
2018-06-11,378000.0,365000.0,374000.0,377000.0,352196.0,356757.46875
2018-06-12,383500.0,377000.0,380000.0,380500.0,283822.0,360069.5625
2018-06-14,381000.0,370000.0,380500.0,370000.0,361070.0,350133.34375
2018-06-15,380000.0,372500.0,377000.0,373500.0,271394.0,353445.40625
2018-06-18,375000.0,363500.0,371500.0,366500.0,263538.0,346821.25
2018-06-19,365000.0,348000.0,363000.0,349500.0,295137.0,330734.0625
2018-06-20,356500.0,350000.0,350000.0,353500.0,273786.0,334519.28125
2018-06-21,355500.0,347500.0,349500.0,349500.0,245404.0,330734.0625
2018-06-22,346500.0,336000.0,343000.0,343000.0,354003.0,324583.0625
2018-06-25,353000.0,338500.0,347500.0,351000.0,229558.0,332153.53125
2018-06-26,353500.0,344000.0,347000.0,348500.0,224402.0,329787.71875
2018-06-27,347500.0,335500.0,345500.0,335500.0,423651.0,317485.78125
2018-06-28,338500.0,332000.0,335000.0,334000.0,233374.0,316066.3125
2018-06-29,336500.0,323000.0,334500.0,333500.0,358347.0,315593.15625
2018-07-02,335000.0,316000.0,332500.0,317500.0,370321.0,300452.25
2018-07-03,322500.0,312000.0,320000.0,317500.0,309321.0,300452.25
2018-07-04,324500.0,317000.0,318500.0,317500.0,151246.0,300452.25
2018-07-05,324000.0,315000.0,315000.0,320500.0,184723.0,303291.1875
2018-07-06,325000.0,315000.0,320000.0,322000.0,287560.0,304710.625
2018-07-09,329500.0,315000.0,321000.0,322500.0,308046.0,305183.78125
2018-07-10,332000.0,324500.0,326000.0,325500.0,249661.0,308022.71875
2018-07-11,328000.0,320000.0,322500.0,326000.0,177280.0,308495.875
2018-07-12,329500.0,323500.0,326000.0,323500.0,323171.0,306130.0625
2018-07-13,338500.0,327500.0,328000.0,335000.0,321145.0,317012.625
2018-07-16,340500.0,327500.0,338000.0,328000.0,173396.0,310388.46875
2018-07-17,329000.0,317000.0,328500.0,321500.0,271505.0,304237.5
2018-07-18,333000.0,323000.0,323000.0,331000.0,326510.0,313227.40625
2018-07-19,339000.0,332000.0,335000.0,336000.0,311545.0,317958.9375
2018-07-20,337500.0,331000.0,336000.0,332500.0,170407.0,314646.84375
2018-07-23,341000.0,331000.0,336500.0,333000.0,208747.0,315120.0
2018-07-24,338500.0,327500.0,335000.0,330500.0,243972.0,312754.25
2018-07-25,363500.0,344500.0,346000.0,361500.0,1134542.0,342089.75
2018-07-26,374000.0,362000.0,364000.0,372500.0,456404.0,352499.0625
2018-07-27,379500.0,367000.0,376000.0,374500.0,341202.0,354391.71875
2018-07-30,380500.0,370500.0,375500.0,377000.0,247627.0,356757.46875
2018-07-31,378500.0,372500.0,377500.0,375000.0,186065.0,354864.84375
2018-08-01,382500.0,368500.0,376500.0,374500.0,274139.0,354391.71875
2018-08-02,378000.0,373000.0,374500.0,375000.0,230794.0,354864.84375
2018-08-03,391000.0,373500.0,375500.0,391000.0,424377.0,370005.75
2018-08-06,393000.0,376500.0,391000.0,381000.0,309612.0,360542.6875
2018-08-07,386000.0,375000.0,378000.0,383000.0,288687.0,362435.3125
2018-08-08,387500.0,376000.0,384000.0,376000.0,212497.0,355811.1875
2018-08-09,385000.0,371000.0,375500.0,385000.0,261641.0,364327.9375
2018-08-10,386500.0,369000.0,385000.0,375000.0,264018.0,354864.84375
2018-08-13,376500.0,366500.0,374500.0,368000.0,216645.0,348240.71875
2018-08-14,374500.0,367500.0,368500.0,373000.0,169637.0,352972.25
2018-08-16,373500.0,361500.0,364000.0,367500.0,267621.0,347767.5625
2018-08-17,371500.0,364000.0,370000.0,365500.0,136918.0,345874.96875
2018-08-20,372500.0,364000.0,369500.0,366000.0,150033.0,346348.09375
2018-08-21,366500.0,358500.0,364000.0,364000.0,306601.0,344455.46875
2018-08-22,366500.0,351000.0,366000.0,354500.0,351978.0,335465.625
2018-08-23,358500.0,354000.0,355500.0,356500.0,238476.0,337358.1875
2018-08-24,366500.0,352500.0,355500.0,366000.0,288319.0,346348.09375
2018-08-27,374500.0,360500.0,366000.0,372000.0,271726.0,352025.9375
2018-08-28,376500.0,365000.0,372500.0,366000.0,243083.0,346348.09375
2018-08-29,375000.0,366500.0,368500.0,374000.0,173330.0,353918.5625
2018-08-30,370500.0,363000.0,370500.0,363500.0,229283.0,343982.375
2018-08-31,366000.0,355500.0,362000.0,366000.0,229780.0,346348.09375
2018-09-03,370500.0,360500.0,365500.0,368000.0,201113.0,348240.71875
2018-09-04,371500.0,364000.0,369500.0,367500.0,167988.0,347767.5625
2018-09-05,368000.0,356500.0,367000.0,358000.0,251673.0,338777.625
2018-09-06,360500.0,349000.0,358000.0,351000.0,272191.0,332153.53125
2018-09-07,356000.0,344500.0,351500.0,352000.0,194487.0,333099.8125
2018-09-10,356000.0,346000.0,348500.0,347000.0,207667.0,328368.25
2018-09-11,351000.0,338000.0,347000.0,341000.0,296052.0,322690.4375
2018-09-12,348500.0,341500.0,343000.0,343500.0,180103.0,325056.21875
2018-09-13,354000.0,346500.0,347000.0,350000.0,331687.0,331207.1875
2018-09-14,356000.0,348500.0,348500.0,352000.0,167126.0,333099.8125
2018-09-17,363500.0,353000.0,359000.0,354000.0,237273.0,334992.46875
2018-09-18,367000.0,350500.0,354500.0,367000.0,286490.0,347294.40625
2018-09-19,371000.0,359000.0,371000.0,360000.0,230425.0,340670.28125
2018-09-20,364000.0,354000.0,358500.0,361000.0,210992.0,341616.5625
2018-09-21,367500.0,360000.0,364500.0,367000.0,197796.0,347294.40625
2018-09-27,372500.0,360000.0,360000.0,370000.0,252375.0,350133.34375
2018-09-28,373000.0,365000.0,370500.0,365500.0,188182.0,345874.96875
2018-10-01,372000.0,365500.0,365500.0,368500.0,168059.0,348713.90625
2018-10-02,373000.0,351000.0,370500.0,353000.0,271022.0,334046.15625
2018-10-04,355500.0,328500.0,355000.0,329500.0,487014.0,311807.9375
2018-10-05,334500.0,319500.0,331500.0,324000.0,365895.0,306603.21875
2018-10-08,327000.0,319000.0,321000.0,321500.0,197409.0,304237.5
2018-10-10,326500.0,316000.0,323000.0,316000.0,260899.0,299032.8125
2018-10-11,311500.0,302000.0,307000.0,307000.0,378913.0,290516.03125
2018-10-12,319000.0,305000.0,307000.0,315500.0,256790.0,298559.625
2018-10-15,329500.0,316000.0,317000.0,324500.0,233988.0,307076.40625
2018-10-16,329000.0,318500.0,329000.0,318500.0,145684.0,301398.5625
2018-10-17,329000.0,321500.0,325000.0,325000.0,136572.0,307549.5625
2018-10-18,328500.0,316000.0,326000.0,317000.0,135868.0,299979.125
2018-10-19,333500.0,313500.0,314000.0,330000.0,241703.0,312281.0625
2018-10-22,339000.0,323000.0,328000.0,337500.0,197166.0,319378.375
2018-10-23,337000.0,326000.0,334500.0,329000.0,150924.0,311334.78125
2018-10-24,343000.0,328000.0,334500.0,330500.0,280451.0,312754.25
2018-10-25,339500.0,323000.0,323500.0,339500.0,264688.0,321271.0
2018-10-26,344500.0,317500.0,344000.0,324000.0,320435.0,306603.21875
2018-10-29,348000.0,331500.0,340000.0,335500.0,448795.0,317485.78125
2018-10-30,346000.0,329500.0,335500.0,338500.0,276286.0,320324.65625
2018-10-31,348000.0,330000.0,336000.0,347000.0,251134.0,328368.25
2018-11-01,352500.0,338500.0,350000.0,339000.0,209045.0,320797.8125
2018-11-02,359000.0,345000.0,347000.0,358000.0,239187.0,338777.625
2018-11-05,363500.0,348000.0,356500.0,356000.0,177433.0,336885.0625
2018-11-06,359500.0,345500.0,359500.0,350000.0,214150.0,331207.1875
2018-11-07,350000.0,338500.0,348000.0,340000.0,361104.0,321744.15625
2018-11-08,347000.0,335000.0,345000.0,335000.0,345238.0,317012.625
2018-11-09,339000.0,326500.0,335000.0,327500.0,347828.0,309915.34375
2018-11-12,335000.0,323500.0,328500.0,333500.0,180275.0,315593.15625
2018-11-13,335500.0,321500.0,328500.0,335500.0,208344.0,317485.78125
2018-11-14,343000.0,332000.0,338000.0,340000.0,265603.0,321744.15625
2018-11-15,342500.0,335000.0,337000.0,342000.0,150336.0,323636.78125
2018-11-16,347500.0,342000.0,344500.0,344500.0,181324.0,326002.5625
2018-11-19,346000.0,341000.0,342000.0,345500.0,117733.0,326948.84375
2018-11-20,344500.0,335000.0,343500.0,339500.0,170177.0,321271.0
2018-11-21,343500.0,334500.0,335500.0,340500.0,153279.0,322217.3125
2018-11-22,341000.0,335000.0,341000.0,338000.0,128580.0,319851.53125
2018-11-23,343000.0,327500.0,338000.0,328500.0,147880.0,310861.625
2018-11-26,338000.0,329000.0,330500.0,335000.0,210200.0,317012.625
2018-11-27,343000.0,330000.0,337000.0,343000.0,198864.0,324583.0625
2018-11-28,347500.0,340500.0,344000.0,347000.0,300120.0,328368.25
2018-11-29,351500.0,345500.0,351000.0,347500.0,232946.0,328841.4375
2018-11-30,351500.0,344000.0,349500.0,345500.0,303151.0,326948.84375
2018-12-03,366000.0,351500.0,351500.0,365000.0,327930.0,345401.8125
2018-12-04,364000.0,354500.0,364000.0,358500.0,214522.0,339250.78125
2018-12-05,357500.0,348000.0,350000.0,354500.0,143860.0,335465.625
2018-12-06,363500.0,350000.0,358000.0,353500.0,175833.0,334519.28125
2018-12-07,360000.0,351000.0,355000.0,351500.0,131615.0,332626.65625
2018-12-10,351000.0,340500.0,347500.0,345000.0,179911.0,326475.71875
2018-12-11,351500.0,343500.0,343500.0,349500.0,170594.0,330734.0625
2018-12-12,353000.0,346000.0,351500.0,350000.0,166963.0,331207.1875
2018-12-13,361000.0,350000.0,352500.0,355000.0,281643.0,335938.75
2018-12-14,361000.0,346000.0,356500.0,351500.0,175154.0,332626.65625
2018-12-17,358000.0,351500.0,352500.0,351500.0,133815.0,332626.65625
2018-12-18,349500.0,337500.0,349000.0,340000.0,253947.0,321744.15625
2018-12-19,355000.0,342000.0,342000.0,352500.0,276651.0,333572.96875
2018-12-20,351500.0,338000.0,351500.0,344000.0,253607.0,325529.34375
2018-12-21,361500.0,341500.0,344000.0,358500.0,397305.0,339250.78125
2018-12-24,362500.0,355000.0,357000.0,357500.0,104960.0,338304.5
2018-12-26,356500.0,347500.0,350000.0,353000.0,191680.0,334046.15625
2018-12-27,359500.0,345500.0,359000.0,347000.0,172656.0,334046.125
2018-12-28,352500.0,345500.0,349000.0,347000.0,107893.0,334046.125
2019-01-02,353500.0,335500.0,351000.0,337000.0,227694.0,324419.4375
2019-01-03,341000.0,327500.0,337500.0,328000.0,232935.0,315755.40625
2019-01-04,331500.0,321500.0,327500.0,330500.0,146988.0,318162.125
2019-01-07,350000.0,337500.0,340000.0,343000.0,322157.0,330195.4375
2019-01-08,351500.0,343000.0,346500.0,349500.0,191633.0,336452.8125
2019-01-09,353000.0,346500.0,349500.0,352000.0,189562.0,338859.46875
2019-01-10,354000.0,344500.0,352000.0,347000.0,160808.0,334046.125
2019-01-11,353000.0,344000.0,347000.0,349000.0,133523.0,335971.4375
2019-01-14,354500.0,347000.0,349000.0,350500.0,116345.0,337415.46875
2019-01-15,356000.0,348500.0,350500.0,356000.0,162948.0,342710.15625
2019-01-16,367500.0,356000.0,356000.0,366000.0,338647.0,352336.84375
2019-01-17,369500.0,359500.0,366000.0,360000.0,195538.0,346560.84375
2019-01-18,371000.0,363000.0,365500.0,368500.0,175106.0,354743.53125
2019-01-21,373000.0,366000.0,370000.0,370000.0,185149.0,356187.5
2019-01-22,371500.0,361500.0,369500.0,366000.0,168874.0,352336.84375
2019-01-23,371000.0,361500.0,365000.0,369000.0,135604.0,355224.84375
2019-01-24,372500.0,364000.0,365000.0,367500.0,163790.0,353780.84375
2019-01-25,376000.0,363000.0,364000.0,373500.0,179731.0,359556.875
2019-01-28,380500.0,371000.0,376500.0,374500.0,169205.0,360519.53125
2019-01-29,378000.0,373000.0,374500.0,378000.0,129353.0,363888.875
2019-01-30,382500.0,368500.0,378500.0,379000.0,292815.0,364851.5625
2019-01-31,385000.0,367000.0,384500.0,368000.0,366641.0,354262.15625
2019-02-01,373000.0,367000.0,369500.0,368000.0,186088.0,354262.15625
2019-02-07,373000.0,368000.0,368000.0,369500.0,203911.0,355706.1875
2019-02-08,375000.0,366000.0,368000.0,370000.0,200400.0,356187.5
2019-02-11,375500.0,369000.0,374000.0,372000.0,222401.0,358112.84375
2019-02-12,372500.0,368500.0,372000.0,371500.0,161623.0,357631.5
2019-02-13,378500.0,371000.0,372000.0,378000.0,238938.0,363888.875
2019-02-14,380000.0,373000.0,375500.0,380000.0,174263.0,365814.21875
2019-02-15,382000.0,377000.0,380000.0,380000.0,176600.0,365814.21875
2019-02-18,395000.0,382000.0,383000.0,391000.0,391159.0,376403.5625
2019-02-19,394500.0,387500.0,390500.0,390000.0,167684.0,375440.875
2019-02-20,395000.0,388500.0,390000.0,394500.0,187571.0,379772.90625
2019-02-21,392500.0,386500.0,391000.0,387500.0,196217.0,373034.21875
2019-02-22,388000.0,375500.0,387000.0,383500.0,321536.0,369183.53125
2019-02-25,389000.0,381500.0,386500.0,385500.0,184192.0,371108.875
2019-02-26,388500.0,380500.0,385500.0,386000.0,186216.0,371590.21875
2019-02-27,393000.0,386000.0,388000.0,392000.0,203931.0,377366.21875
2019-02-28,393500.0,387000.0,391000.0,390500.0,232429.0,375922.21875
2019-03-04,400000.0,385500.0,395000.0,387000.0,272909.0,372552.84375
2019-03-05,385000.0,371500.0,384500.0,373500.0,301137.0,359556.875
2019-03-06,376500.0,370000.0,373500.0,373000.0,185818.0,359075.53125
2019-03-07,375500.0,364500.0,373500.0,366000.0,217748.0,352336.84375
2019-03-08,375000.0,363500.0,369500.0,364500.0,241496.0,350892.84375
2019-03-11,365500.0,358000.0,364500.0,361000.0,176310.0,347523.46875
2019-03-12,369500.0,362500.0,364500.0,365500.0,134842.0,351855.5
2019-03-13,365500.0,359500.0,365000.0,363000.0,130719.0,349448.8125
2019-03-14,370000.0,364500.0,368000.0,370000.0,218477.0,356187.5
2019-03-15,374000.0,364500.0,366000.0,370500.0,224707.0,356668.84375
2019-03-18,375000.0,364500.0,375000.0,366000.0,143247.0,352336.84375
2019-03-19,370000.0,365500.0,369000.0,369500.0,101797.0,355706.1875
2019-03-20,371000.0,358500.0,371000.0,363000.0,197333.0,349448.8125
2019-03-21,382000.0,370000.0,375500.0,382000.0,422078.0,367739.53125
2019-03-22,383500.0,376000.0,380000.0,379500.0,168236.0,365332.875
2019-03-25,371500.0,364000.0,368000.0,367000.0,275020.0,353299.5
2019-03-26,369000.0,364000.0,367500.0,366500.0,126328.0,352818.15625
2019-03-27,367000.0,360500.0,366000.0,362500.0,201938.0,348967.5
2019-03-28,364500.0,359000.0,361000.0,361000.0,154119.0,347523.46875
2019-03-29,366000.0,359000.0,365000.0,366000.0,142056.0,352336.84375
2019-04-01,376000.0,366500.0,367000.0,370500.0,170894.0,356668.84375
2019-04-02,375000.0,369500.0,372500.0,372000.0,124592.0,358112.84375
2019-04-03,377000.0,365500.0,366500.0,376500.0,182955.0,362444.875
2019-04-04,380000.0,373500.0,378000.0,376500.0,117507.0,362444.875
2019-04-05,379000.0,374000.0,377000.0,377500.0,111499.0,363407.5
2019-04-08,387000.0,377000.0,377000.0,383500.0,247069.0,369183.53125
2019-04-09,390000.0,380500.0,387000.0,387000.0,159712.0,372552.84375
2019-04-10,389000.0,381500.0,387000.0,389000.0,172063.0,374478.21875
2019-04-11,390000.0,385000.0,389000.0,388500.0,206847.0,373996.90625
2019-04-12,387000.0,379500.0,387000.0,380000.0,206511.0,365814.21875
2019-04-15,381500.0,373000.0,379000.0,374000.0,219027.0,360038.1875
2019-04-16,377000.0,371000.0,373500.0,373500.0,144284.0,359556.875
2019-04-17,377000.0,370500.0,374000.0,371000.0,155525.0,357150.1875
2019-04-18,373000.0,367000.0,369500.0,369000.0,281963.0,355224.84375
2019-04-19,371000.0,366500.0,370000.0,366500.0,110098.0,352818.15625
2019-04-22,374500.0,368000.0,368500.0,370500.0,164492.0,356668.84375
2019-04-23,372500.0,366500.0,369500.0,371000.0,151790.0,357150.1875
2019-04-24,371500.0,359500.0,371500.0,361500.0,431261.0,348004.84375
2019-04-25,365500.0,356500.0,357500.0,365000.0,281721.0,351374.1875
2019-04-26,364500.0,358500.0,363000.0,358500.0,185237.0,345116.78125
2019-04-29,365000.0,354000.0,357000.0,365000.0,208561.0,351374.1875
2019-04-30,368000.0,356500.0,366000.0,361000.0,247798.0,347523.46875
2019-05-02,364000.0,357500.0,357500.0,359000.0,260801.0,345598.1875
2019-05-03,366000.0,359000.0,360500.0,364500.0,160521.0,350892.84375
2019-05-07,360000.0,355000.0,358000.0,358000.0,190156.0,344635.46875
2019-05-08,360000.0,352500.0,354000.0,356000.0,156763.0,342710.15625
2019-05-09,356500.0,343000.0,355500.0,343000.0,358834.0,330195.4375
2019-05-10,349500.0,339000.0,341000.0,344000.0,243229.0,331158.09375
2019-05-13,342000.0,332500.0,340000.0,333000.0,229518.0,320568.78125
2019-05-14,335000.0,328000.0,328500.0,331500.0,223147.0,319124.75
2019-05-15,342500.0,330500.0,332500.0,340500.0,256554.0,327788.78125
2019-05-16,347500.0,334500.0,346000.0,335500.0,224008.0,322975.4375
2019-05-17,344000.0,333500.0,339000.0,334000.0,132312.0,321531.40625
2019-05-20,341000.0,328500.0,336000.0,330000.0,134913.0,317680.75
2019-05-21,333500.0,328000.0,328500.0,329500.0,151917.0,317199.40625
2019-05-22,334000.0,329500.0,331000.0,332000.0,96373.0,319606.09375
2019-05-23,332000.0,325000.0,332000.0,327000.0,147111.0,314792.75
2019-05-24,326500.0,319000.0,323000.0,325500.0,173785.0,313348.75
2019-05-27,329000.0,322000.0,324000.0,326000.0,122563.0,313830.09375
2019-05-28,330500.0,322500.0,326000.0,326000.0,288317.0,313830.09375
2019-05-29,330000.0,322000.0,328000.0,323000.0,159476.0,310942.0625
2019-05-30,337500.0,326000.0,329500.0,327500.0,263071.0,315274.09375
2019-05-31,336500.0,327000.0,329000.0,333000.0,222635.0,320568.78125
2019-06-03,337000.0,328500.0,330000.0,337000.0,156208.0,324419.4375
2019-06-04,339500.0,333500.0,337000.0,337500.0,106548.0,324900.75
2019-06-05,341500.0,331500.0,341000.0,331500.0,158733.0,319124.75
2019-06-07,335000.0,330000.0,335000.0,330500.0,114979.0,318162.125
2019-06-10,337000.0,330000.0,334000.0,337000.0,133998.0,324419.4375
2019-06-11,341500.0,329000.0,338000.0,341000.0,285000.0,328270.09375
2019-06-12,342000.0,335000.0,341500.0,337000.0,141549.0,324419.4375
2019-06-13,349000.0,339500.0,345000.0,349000.0,336019.0,335971.4375
2019-06-14,350500.0,341500.0,349000.0,344500.0,229667.0,331639.46875
2019-06-17,350000.0,343500.0,344500.0,348500.0,147491.0,335490.125
2019-06-18,349000.0,342500.0,348000.0,345500.0,187801.0,332602.125
2019-06-19,350500.0,346000.0,349500.0,348500.0,102094.0,335490.125
2019-06-20,352000.0,347500.0,349500.0,352000.0,150039.0,338859.46875
2019-06-21,351500.0,346000.0,350000.0,348000.0,121196.0,335008.78125
2019-06-24,349000.0,345000.0,349000.0,348500.0,84084.0,335490.125
2019-06-25,356000.0,350000.0,350000.0,352000.0,169316.0,338859.46875
2019-06-26,350500.0,346500.0,350500.0,347500.0,100381.0,334527.46875
2019-06-27,350000.0,343000.0,346000.0,349500.0,172767.0,336452.8125
2019-06-28,356000.0,348000.0,350000.0,354500.0,163529.0,341266.15625
2019-07-01,360000.0,353000.0,360000.0,355000.0,113228.0,341747.46875
2019-07-02,355000.0,348500.0,352500.0,348500.0,105241.0,335490.125
2019-07-03,359500.0,351000.0,353000.0,355500.0,220098.0,342228.8125
2019-07-04,360000.0,355000.0,359500.0,358500.0,82751.0,345116.78125
2019-07-05,361000.0,352000.0,361000.0,354500.0,100106.0,341266.15625
2019-07-08,352500.0,343500.0,352000.0,345000.0,147643.0,332120.8125
2019-07-09,349000.0,337000.0,344500.0,337500.0,194090.0,324900.75
2019-07-10,344000.0,337000.0,339000.0,337500.0,151141.0,324900.75
2019-07-11,344000.0,340000.0,341500.0,341000.0,159837.0,328270.09375
2019-07-12,347000.0,341500.0,341500.0,344500.0,128147.0,331639.46875
2019-07-15,348000.0,342500.0,344000.0,347000.0,102063.0,334046.125
2019-07-16,353000.0,346000.0,346000.0,353000.0,141257.0,339822.15625
2019-07-17,356500.0,349500.0,355000.0,353000.0,142249.0,339822.15625
2019-07-18,359500.0,352500.0,353000.0,356000.0,145999.0,342710.15625
2019-07-19,361500.0,355000.0,358500.0,361500.0,158745.0,348004.84375
2019-07-22,360000.0,355500.0,360000.0,357000.0,80333.0,343672.8125
2019-07-23,361500.0,357000.0,357500.0,359000.0,87905.0,345598.1875
2019-07-24,361000.0,351000.0,361000.0,353500.0,102363.0,340303.46875
2019-07-25,346000.0,335000.0,345500.0,336000.0,488905.0,323456.78125
2019-07-26,337000.0,330500.0,336000.0,333000.0,203369.0,320568.78125
2019-07-29,333500.0,325000.0,333500.0,333000.0,168075.0,320568.78125
2019-07-30,336000.0,328000.0,328000.0,334500.0,95024.0,322012.75
2019-07-31,342000.0,330000.0,330000.0,337500.0,185273.0,324900.75
2019-08-01,339000.0,332500.0,338500.0,332500.0,129913.0,320087.40625
2019-08-02,333000.0,325000.0,325000.0,331500.0,151336.0,319124.75
2019-08-05,330000.0,315500.0,328000.0,315500.0,234602.0,303722.0625
2019-08-06,317500.0,301000.0,301000.0,310000.0,287938.0,298427.375
2019-08-07,317500.0,309000.0,309500.0,315500.0,164132.0,303722.0625
2019-08-08,322000.0,314000.0,320000.0,318000.0,182984.0,306128.71875
2019-08-09,322500.0,317000.0,321000.0,317000.0,86491.0,305166.0625
2019-08-12,317000.0,313000.0,315500.0,314000.0,84452.0,302278.0625
2019-08-13,314500.0,308500.0,312000.0,309000.0,119987.0,297464.6875
2019-08-14,323500.0,311500.0,313500.0,323500.0,192588.0,311423.40625
2019-08-16,320500.0,315000.0,320000.0,320000.0,85005.0,308054.0625
2019-08-19,322000.0,318000.0,321000.0,321000.0,84033.0,309016.71875
2019-08-20,325000.0,319000.0,319500.0,324000.0,75449.0,311904.71875
2019-08-21,330000.0,323500.0,324500.0,328000.0,114378.0,315755.40625
2019-08-22,332000.0,320000.0,327500.0,320000.0,165953.0,308054.0625
2019-08-23,332500.0,316000.0,316000.0,329500.0,178100.0,317199.40625
2019-08-26,332500.0,322500.0,329500.0,323500.0,179599.0,311423.40625
2019-08-27,331500.0,321500.0,327000.0,323000.0,190393.0,310942.0625
2019-08-28,329000.0,323000.0,324000.0,324000.0,107317.0,311904.71875
2019-08-29,327500.0,322500.0,325500.0,325000.0,70201.0,312867.4375
2019-08-30,331000.0,327500.0,329000.0,330500.0,115040.0,318162.125
2019-09-02,324000.0,315500.0,322000.0,321500.0,227172.0,309498.09375
2019-09-03,323500.0,320000.0,321500.0,322000.0,98010.0,309979.40625
2019-09-04,321500.0,318000.0,318500.0,321500.0,137210.0,309498.09375
2019-09-05,328000.0,321000.0,322500.0,325000.0,170296.0,312867.4375
2019-09-06,330000.0,326000.0,326000.0,328500.0,111619.0,316236.75
2019-09-09,330500.0,325000.0,328000.0,325000.0,128902.0,312867.4375
2019-09-10,328000.0,320000.0,325500.0,322000.0,150462.0,309979.40625
2019-09-11,327000.0,321500.0,322000.0,324000.0,244506.0,311904.71875
2019-09-16,326500.0,318500.0,321000.0,324500.0,319049.0,312386.0625
2019-09-17,327500.0,320500.0,324000.0,327500.0,227963.0,315274.09375
2019-09-18,328500.0,324500.0,328000.0,325500.0,100339.0,313348.75
2019-09-19,328500.0,324500.0,325000.0,327500.0,108529.0,315274.09375
2019-09-20,329000.0,326000.0,327500.0,329000.0,158169.0,316718.0625
2019-09-23,328500.0,323000.0,328500.0,323500.0,174354.0,311423.40625
2019-09-24,327000.0,322500.0,322500.0,327000.0,142221.0,314792.75
2019-09-25,315000.0,304000.0,315000.0,305000.0,962072.0,293614.03125
2019-09-26,307500.0,303500.0,306500.0,304500.0,239641.0,293132.6875
2019-09-27,304500.0,301000.0,303500.0,301500.0,273366.0,290244.71875
2019-09-30,302500.0,297500.0,300000.0,299500.0,214811.0,288319.34375
2019-10-01,308500.0,298000.0,299000.0,304500.0,190739.0,293132.6875
2019-10-02,303500.0,296500.0,303500.0,296500.0,234302.0,285431.375
2019-10-04,302000.0,296000.0,297500.0,296000.0,167424.0,284950.0
2019-10-07,297000.0,286500.0,294500.0,289000.0,284855.0,278211.3125
2019-10-08,296500.0,289500.0,290000.0,295500.0,205540.0,284468.65625
2019-10-10,297500.0,292500.0,294000.0,297000.0,224500.0,285912.6875
2019-10-11,303500.0,299000.0,300500.0,302500.0,182446.0,291207.375
2019-10-14,306500.0,302000.0,305000.0,304000.0,146205.0,292651.34375
2019-10-15,305500.0,302000.0,304000.0,303000.0,127670.0,291688.6875
2019-10-16,304500.0,301000.0,303500.0,303000.0,169910.0,291688.6875
2019-10-17,307000.0,303000.0,306500.0,304000.0,124636.0,292651.34375
2019-10-18,305000.0,295500.0,301500.0,295500.0,263628.0,284468.65625
2019-10-21,300000.0,296500.0,298500.0,298500.0,146338.0,287356.65625
2019-10-22,300000.0,296500.0,299000.0,298500.0,250758.0,287356.65625
2019-10-23,300500.0,297000.0,298500.0,299500.0,125797.0,288319.34375
2019-10-24,305000.0,296500.0,303500.0,298000.0,238188.0,286875.34375
2019-10-25,307500.0,299500.0,306000.0,301500.0,255701.0,290244.71875
2019-10-28,305000.0,301500.0,304000.0,302000.0,141604.0,290726.03125
2019-10-29,304500.0,300000.0,304000.0,300000.0,141589.0,288800.6875
2019-10-30,306000.0,299000.0,302500.0,305000.0,196715.0,293614.03125
2019-10-31,310500.0,305500.0,308000.0,307500.0,236988.0,296020.71875
2019-11-01,309000.0,305000.0,308000.0,309000.0,86443.0,297464.6875
2019-11-04,315000.0,310500.0,311000.0,315000.0,236514.0,303240.6875
2019-11-05,321500.0,316000.0,316500.0,321500.0,244050.0,309498.09375
2019-11-06,325500.0,317000.0,324000.0,317500.0,201082.0,305647.375
2019-11-07,318500.0,314000.0,317000.0,316500.0,108717.0,304684.75
2019-11-08,323000.0,318000.0,320500.0,323000.0,173853.0,310942.0625
2019-11-11,324000.0,316000.0,323500.0,317000.0,124161.0,305166.0625
2019-11-12,319000.0,316500.0,317500.0,317500.0,62703.0,305647.375
2019-11-13,318000.0,312000.0,316500.0,314500.0,117232.0,302759.375
2019-11-14,319500.0,315000.0,317500.0,319500.0,135926.0,307572.71875
2019-11-15,321000.0,316000.0,317500.0,317500.0,130953.0,305647.375
2019-11-18,318000.0,315500.0,317500.0,316000.0,88958.0,304203.40625
2019-11-19,319000.0,313500.0,315500.0,317500.0,136513.0,305647.375
2019-11-20,317500.0,308500.0,316500.0,309500.0,188995.0,297946.03125
2019-11-21,310500.0,303500.0,310000.0,305000.0,156773.0,293614.03125
2019-11-22,307000.0,301000.0,304500.0,301000.0,285700.0,289763.34375
2019-11-25,311500.0,302000.0,302500.0,308500.0,300005.0,296983.375
2019-11-26,313000.0,308500.0,311000.0,308500.0,302933.0,296983.375
2019-11-27,312500.0,307000.0,312500.0,309000.0,100282.0,297464.6875
2019-11-28,311000.0,307000.0,308500.0,309000.0,87936.0,297464.6875
2019-11-29,309500.0,304000.0,306500.0,306500.0,197050.0,295058.03125
2019-12-02,311000.0,306000.0,308000.0,309000.0,123351.0,297464.6875
2019-12-03,310500.0,305500.0,308500.0,309500.0,97676.0,297946.03125
2019-12-04,307000.0,295500.0,306500.0,296500.0,316394.0,285431.375
2019-12-05,296500.0,292000.0,296500.0,293500.0,199730.0,282543.34375
2019-12-06,298500.0,293000.0,295500.0,294500.0,155425.0,283506.0
2019-12-09,298500.0,294500.0,297500.0,295000.0,150943.0,283987.3125
2019-12-10,300000.0,297500.0,298500.0,299000.0,159077.0,287838.03125
2019-12-11,302500.0,299500.0,302000.0,300500.0,137285.0,289282.0
2019-12-12,302500.0,299500.0,302000.0,300500.0,246964.0,289282.0
2019-12-13,306500.0,301000.0,305000.0,303000.0,223170.0,291688.6875
2019-12-16,309000.0,301500.0,302500.0,309000.0,182481.0,297464.6875
2019-12-17,308000.0,305000.0,306500.0,305500.0,176726.0,294095.34375
2019-12-18,307000.0,298000.0,307000.0,307000.0,207013.0,295539.375
2019-12-19,309500.0,302500.0,304500.0,309000.0,110138.0,297464.6875
2019-12-20,315500.0,309500.0,310000.0,314500.0,248130.0,302759.375
2019-12-23,315000.0,311000.0,314000.0,313000.0,121761.0,301315.40625
2019-12-24,321000.0,312500.0,317000.0,312500.0,224260.0,300834.03125
2019-12-26,314000.0,307500.0,312500.0,308000.0,166208.0,296502.03125
2019-12-27,312000.0,306000.0,308500.0,310500.0,149622.0,300862.375
2019-12-30,318000.0,311000.0,311500.0,317500.0,168990.0,307645.0625
