name,03/31/2022,12/31/2021,09/30/2021,06/30/2021,03/31/2021,12/31/2020,09/30/2020,06/30/2020,03/31/2020,12/31/2019,09/30/2019,06/30/2019,03/31/2019,12/31/2018,09/30/2018,06/30/2018,03/31/2018,12/31/2017,09/30/2017,06/30/2017,03/31/2017,12/31/2016,09/30/2016,06/30/2016,03/31/2016,12/31/2015,09/30/2015,06/30/2015,03/31/2015,12/31/2014,09/30/2014,06/30/2014,03/31/2014,12/31/2013,09/30/2013,06/30/2013,03/31/2013,12/31/2012,09/30/2012,06/30/2012,03/31/2012,12/31/2011,09/30/2011,06/30/2011,03/31/2011,12/31/2010,09/30/2010,06/30/2010,03/31/2010,12/31/2009,09/30/2009,06/30/2009,03/31/2009,12/31/2008,09/30/2008,06/30/2008,03/31/2008,12/31/2007,09/30/2007,06/30/2007,03/31/2007,12/31/2006,09/30/2006,06/30/2006,03/31/2006,12/31/2005,09/30/2005,06/30/2005,03/31/2005,12/31/2004,09/30/2004,06/30/2004,03/31/2004,12/31/2003,09/30/2003,06/30/2003,03/31/2003,12/31/2002,09/30/2002,06/30/2002,03/31/2002,12/31/2001,09/30/2001,12/31/2000,12/31/1999,12/31/1998,12/31/1997,12/31/1996,12/31/1995,12/31/1994
TotalAssets,"8,496,297,000","7,044,297,000","6,813,338,000","6,017,237,000","4,883,562,000","4,818,463,000","4,805,616,000","4,742,403,000","5,033,604,000","4,684,151,000","4,696,845,000","4,716,013,000","4,367,575,000","4,268,094,000","4,124,423,000","4,301,414,000","4,323,611,000","4,296,236,000","4,144,828,000","4,127,738,000","4,249,500,000","4,218,644,000","4,361,667,000","4,239,246,000","4,688,945,000","4,643,762,000","4,799,849,000","4,767,965,000","4,738,551,000","4,663,655,000","4,524,455,000","4,687,957,000","4,639,000,000","4,767,608,000","4,975,264,000","4,794,703,000","4,560,500,000","4,416,431,000","4,498,637,000","4,260,400,000","4,089,006,000","3,871,583,000","3,844,605,000","3,594,486,000","3,484,257,000","3,372,836,000","3,388,327,000","3,128,020,000","3,017,143,000","3,203,134,000","3,087,286,000","2,958,500,000","2,948,800,000","2,567,215,000","2,445,115,000","2,251,655,000","2,165,005,000","1,986,319,000","1,971,885,000","1,871,600,000","1,896,190,000","1,871,202,000","1,835,208,000","1,920,074,000","1,779,524,000","1,640,568,000","1,521,908,000","1,455,751,000","1,463,478,000","1,361,372,000","1,363,400,000","1,360,600,000","1,391,000,000","1,363,476,000","1,362,100,000","1,336,600,000","1,333,200,000","1,322,294,000","1,296,800,000","1,364,900,000","1,390,400,000","1,413,428,000","1,453,700,000","1,415,792,000","1,426,095,000","1,409,500,000","1,209,400,000","1,184,200,000","924,500,000","680,100,000"
	CurrentAssets,"5,898,902,000","4,586,095,000","4,476,574,000","3,759,936,000","2,637,252,000","2,569,258,000","2,749,722,000","2,721,225,000","3,020,772,000","2,682,166,000","2,715,471,000","2,767,727,000","2,447,666,000","2,399,596,000","2,321,910,000","2,520,410,000","2,478,295,000","2,466,261,000","2,349,476,000","2,319,806,000","2,400,000,000","2,335,066,000","2,494,058,000","2,324,715,000","2,752,934,000","2,696,845,000","2,827,429,000","2,706,540,000","2,634,236,000","2,511,818,000","2,334,555,000","2,460,251,000","2,368,000,000","2,455,049,000","2,666,028,000","2,533,999,000","2,347,300,000","2,246,734,000","2,411,891,000","2,235,200,000","2,133,045,000","1,956,413,000","1,980,626,000","1,772,628,000","1,755,615,000","1,695,263,000","1,855,928,000","1,651,518,000","1,568,205,000","1,745,131,000","1,712,258,000","1,660,800,000","1,685,200,000","1,339,414,000","1,290,406,000","1,139,745,000","1,058,564,000","903,954,000","904,241,000","819,771,000","858,244,000","845,875,000","815,772,000","906,893,000","787,466,000","742,783,000","662,727,000","642,563,000","675,710,000","575,450,000","614,000,000","551,900,000","574,600,000","534,470,000","529,500,000","500,300,000","506,900,000","486,555,000","458,400,000","514,800,000","527,300,000","542,237,000","589,400,000","512,052,000","528,256,000","511,100,000","459,900,000","599,900,000","507,300,000","375,300,000"
		CashCashEquivalentsAndShortTermInvestments,"3,294,054,000","2,420,221,000","2,611,175,000","1,945,732,000","834,813,000","854,561,000","1,050,355,000","1,071,103,000","1,348,335,000","1,074,219,000","1,146,316,000","1,214,994,000","888,720,000","847,856,000","738,328,000","926,808,000","986,541,000","991,379,000","899,335,000","843,462,000","865,700,000","798,829,000","954,610,000","804,412,000","1,205,383,000","1,144,526,000","1,257,835,000","1,187,962,000","1,111,291,000","1,008,008,000","802,822,000","993,917,000","802,700,000","908,505,000","1,035,669,000","880,130,000","647,300,000","568,514,000","879,704,000","791,000,000","655,930,000","614,253,000","654,509,000","601,913,000","618,209,000","600,830,000","693,502,000","546,458,000","447,515,000","545,437,000","485,128,000","468,800,000","569,200,000","323,920,000","156,840,000","90,399,000","166,386,000","164,212,000","87,809,000","117,151,000","136,307,000","183,943,000","78,635,000","86,085,000","128,783,000","145,576,000","74,453,000","67,915,000","158,417,000","66,753,000","115,400,000","82,000,000","105,700,000","67,083,000","78,500,000","78,300,000","87,400,000","64,047,000","39,500,000","105,200,000","115,800,000","135,686,000","154,100,000","47,615,000","44,848,000","60,700,000","72,500,000","152,800,000","125,500,000","71,600,000"
			CashAndCashEquivalents,"2,268,547,000","1,515,051,000","1,865,043,000","1,242,853,000","537,538,000","509,102,000","637,541,000","581,631,000","727,599,000","588,530,000","787,619,000","799,790,000","602,771,000","556,066,000","428,024,000","528,022,000","575,089,000","630,438,000","520,561,000","517,625,000","511,800,000","514,669,000","572,408,000","582,991,000","526,687,000","527,259,000","482,476,000","472,948,000","473,817,000","354,566,000","295,255,000","545,374,000","419,500,000","476,622,000","444,593,000","377,187,000","228,700,000","324,353,000","364,252,000","415,300,000","449,152,000","444,992,000","447,406,000","474,911,000","563,815,000","524,652,000","615,847,000","386,933,000","359,256,000","545,437,000","292,813,000","468,800,000","569,200,000","158,231,000","22,360,000","29,381,000","25,752,000","164,212,000","13,076,000","16,043,000","18,078,000","183,943,000","16,731,000","27,152,000","19,457,000","13,273,000","16,996,000","13,894,000","20,917,000","66,753,000","115,400,000","82,000,000","105,700,000","15,251,000","78,500,000","78,300,000","87,400,000","19,729,000","39,500,000","105,200,000","115,800,000","121,536,000","154,100,000","32,725,000","29,502,000","60,700,000","72,500,000","152,800,000","125,500,000","71,600,000"
				CashFinancial,"1,303,426,000","662,451,000","926,354,000","574,763,000","297,975,000","247,129,000","265,483,000","172,995,000","258,138,000","112,198,000","345,601,000","338,379,000","147,667,000","102,483,000",,"144,271,000","203,476,000","51,727,000","94,795,000","77,085,000",,"81,600,000","77,463,000","68,890,000","55,648,000","41,106,000","51,804,000","47,902,000","30,712,000","29,492,000","32,139,000","38,229,000",,"33,415,000","48,094,000","38,916,000",,"42,464,000",,,,,,,,,,,,,"22,071,000",,,"21,618,000",,,,,,,,,,,,,,,,,,,,,,,,,,,,,,,,,,,,
				CashEquivalents,"965,121,000","852,600,000","938,689,000","668,090,000","239,563,000","261,973,000","372,058,000","408,636,000","469,461,000","476,332,000","442,018,000","461,411,000","455,104,000","453,583,000",,"383,751,000","371,613,000","578,711,000","425,766,000","440,540,000",,"433,069,000","494,945,000","514,101,000","471,039,000","486,153,000","430,672,000","425,046,000","443,105,000","325,074,000","263,116,000","507,145,000",,"443,207,000","396,499,000","338,271,000",,"281,889,000",,,,,,,,,,,,,"270,742,000",,,"136,613,000",,,,,,,,,,,,,,,,,,,,,,,,,,,,,,,,,,,,
			OtherShortTermInvestments,"1,025,507,000","905,170,000","746,132,000","702,879,000","297,275,000","345,459,000","412,814,000","489,472,000","620,736,000","485,689,000","358,697,000","415,204,000","285,949,000","291,790,000","310,304,000","398,786,000","411,452,000","360,941,000","378,774,000","325,837,000","353,900,000","284,160,000","382,202,000","221,421,000","678,696,000","617,267,000","775,359,000","715,014,000","637,474,000","653,442,000","507,567,000","448,543,000","383,200,000","431,883,000","591,076,000","502,943,000","418,600,000","244,161,000","515,452,000","375,700,000","206,778,000","169,261,000","207,103,000","127,002,000","54,394,000","76,178,000","77,655,000","159,525,000","88,259,000",,"192,315,000",,,"165,689,000","134,480,000","61,018,000","140,634,000",,"74,733,000","101,108,000","118,229,000",,"61,904,000","58,933,000","109,326,000","132,303,000","57,457,000","54,021,000","137,500,000",,,,,"51,832,000",,,,"44,318,000",,,,"14,150,000",,"14,890,000","15,346,000",,,,,
		Receivables,,,,,,"584,838,000","547,288,000","492,719,000","525,897,000","571,639,000","558,524,000","572,448,000","576,197,000","593,137,000","558,750,000","558,044,000","526,586,000","543,695,000","512,477,000","483,420,000","480,800,000","516,577,000","487,859,000","447,928,000","453,817,000","492,544,000","521,068,000","505,979,000","502,068,000","543,436,000","532,937,000","523,010,000","559,200,000","533,472,000","608,462,000","666,666,000","713,600,000","649,384,000","646,790,000","598,100,000","609,115,000","533,966,000","575,729,000","497,170,000","446,192,000","444,890,000","470,867,000","420,688,000","452,580,000","463,382,000","489,776,000","386,600,000","407,300,000","422,892,000","514,896,000","420,647,000","395,245,000","323,057,000","374,680,000","305,237,000","286,592,000","280,733,000","314,847,000","261,108,000","232,406,000","222,032,000","233,551,000","207,272,000","200,423,000","204,212,000","198,000,000","177,600,000","167,700,000","183,012,000","184,400,000","154,600,000","148,100,000","152,521,000","149,500,000","142,300,000","152,300,000","164,510,000",,"202,423,000","233,035,000","184,000,000","179,200,000","146,500,000","145,100,000","126,300,000"
			AccountsReceivable,"916,817,000","590,312,000","440,331,000","401,144,000","398,844,000","313,265,000","314,349,000","284,277,000","315,453,000","367,583,000","381,106,000","402,222,000","451,783,000","473,704,000","462,339,000","471,676,000","434,066,000","471,453,000","415,492,000","381,441,000","480,800,000","427,098,000","413,433,000","373,581,000","373,632,000","379,497,000","445,666,000","432,017,000","426,665,000","456,737,000","491,199,000","488,433,000","559,200,000","442,177,000","556,109,000","628,234,000","713,600,000","608,934,000","637,883,000","598,100,000","593,183,000","529,201,000","559,249,000","477,748,000","397,911,000","412,117,000","430,840,000","420,688,000","365,104,000","394,479,000","425,608,000","386,600,000","407,300,000","385,811,000","338,798,000","357,835,000","348,212,000","224,444,000","346,932,000","284,681,000","252,550,000","247,903,000","289,113,000","209,424,000","232,406,000","155,836,000","173,524,000","196,362,000","190,735,000","195,869,000","198,000,000","177,600,000","167,700,000","175,539,000","184,400,000","154,600,000","148,100,000","138,909,000","149,500,000","142,300,000","152,300,000","155,488,000",,"202,423,000",,,,,,
				GrossAccountsReceivable,"931,462,000","600,664,000","440,331,000","414,502,000","505,500,000","313,265,000","314,349,000","284,277,000","315,453,000","367,583,000","381,106,000","402,222,000","451,783,000","473,704,000","462,339,000","471,676,000","434,066,000","471,453,000","415,492,000","381,441,000","480,800,000","427,098,000","413,433,000","373,581,000","373,632,000","394,432,000","445,666,000","432,017,000","426,665,000","456,737,000","491,199,000","488,433,000","559,200,000","442,177,000","556,109,000","628,234,000","713,600,000","608,934,000",,,"610,374,000",,,,,,,,,,,,,,,,,,,,,,,,,,,,,,,,,,,,,,,,,,,,,,,,,
				AllowanceForDoubtfulAccountsReceivable,"-14,645,000","-10,352,000",,"-13,358,000",,"0","-923,000","-787,000",,"-356,000",,,,,,,,,,,,,"-14,990,000",,,"-14,935,000",,,,,,,,,,"-17,272,000",,,,,"-17,191,000",,,,,,,,,,,,,,,,,,,,,,,,,,,,,,,,,,,,,,,,,,,,,,,,,
			LoansReceivable,,,,,,,,,,,,,,,,,,,,,,,,,,,,,,,,,,,,,,,,,,,,,,,,,,,,,,,,,,,,,,,,"31,256,000",,,,,,,,,,,,,,,,,,,,,,,,,,
			TaxesReceivable,"215,288,000","204,323,000","172,463,000","195,204,000","204,214,000","176,931,000","142,423,000","138,345,000","133,537,000","131,579,000","108,686,000","92,372,000","104,956,000","99,875,000","82,442,000","69,831,000","67,234,000","53,865,000","79,531,000","46,405,000",,"72,178,000","82,083,000","81,928,000","84,260,000","102,367,000","88,520,000","84,888,000","85,498,000","79,478,000","52,730,000","46,301,000",,"86,581,000","67,646,000","53,464,000",,"51,442,000","8,907,000",,"7,099,000","4,765,000","16,480,000","19,422,000",,"32,773,000",,,"52,929,000","68,903,000","64,168,000",,,"37,081,000",,,,,,,,,,,,,,,,,,,,,,,,,,,,,,,,,,,,
			DuefromRelatedPartiesCurrent,,,,,,,,,,,,,,"44,554,000","70,862,000","73,303,000","57,889,000","59,132,000","62,855,000","55,574,000",,"82,259,000","94,226,000","77,327,000","85,799,000","99,907,000","107,956,000","105,662,000","113,596,000","134,506,000",,"128,919,000",,"128,026,000","134,939,000","80,121,000",,"101,372,000",,,,,,,"48,281,000",,"40,027,000",,"34,547,000",,,,,,,,,,,,,,,,,,,,,,,,,,,,,,,,,,,,,,,,,
			OtherReceivables,"108,759,000","100,745,000","75,060,000","69,494,000","79,074,000","94,642,000","90,516,000","70,097,000","76,907,000","72,477,000","68,732,000","77,854,000","19,458,000","19,558,000","13,969,000","16,537,000","25,286,000","18,377,000","17,454,000","55,574,000","0","17,301,000","-7,657,000","-7,581,000","-4,075,000","10,680,000","-13,118,000","-10,926,000","-10,095,000","7,221,000","-10,992,000","-11,724,000","0","4,714,000","-15,293,000","-15,032,000","0","-10,992,000","0","0","10,841,000",,"0","0","48,281,000","0","40,027,000","0","34,547,000","0","0","0","0","0","176,098,000","62,812,000","47,033,000","98,613,000","27,748,000","20,556,000","34,042,000","32,830,000","25,734,000","20,428,000","0","66,196,000","60,027,000","10,910,000","9,688,000","8,343,000",,"0","0","7,473,000","0",,,"13,612,000","0","0","0","9,022,000",,"0",,,,,,
			ReceivablesAdjustmentsAllowances,,,,,,,,,,,,,,,,,,,,,,"-21,616,000","-19,778,000","-20,020,000","-19,998,000","-4,796,000","-19,748,000","-19,444,000","-19,653,000","-19,828,000","-20,034,000","-20,492,000",,"-20,650,000","-22,000,000","-22,036,000",,"-18,793,000",,,"-2,008,000",,,,,,,,,,,,,,,,,,,,,,,,,,,,,,,,,,,,,,,,,,,,,,,,,
		Inventory,"1,270,747,000","1,183,776,000","1,111,932,000","1,095,626,000","1,069,894,000","1,093,028,000","1,092,482,000","1,075,428,000","1,041,387,000","983,338,000","963,572,000","952,821,000","933,352,000","913,674,000","910,207,000","905,767,000","923,657,000","902,074,000","916,386,000","951,857,000","959,300,000","993,072,000","1,015,600,000","1,017,854,000","1,039,938,000","1,003,846,000","998,196,000","970,736,000","965,998,000","919,603,000","923,321,000","893,188,000","906,000,000","955,530,000","956,787,000","917,518,000","891,200,000","896,236,000","839,918,000","794,200,000","812,133,000","744,402,000","707,515,000","637,085,000","625,339,000","605,101,000","639,539,000","618,071,000","633,509,000","637,689,000","646,671,000","632,400,000","579,100,000","540,727,000","562,517,000","535,989,000","442,154,000","387,768,000","385,930,000","377,544,000","384,042,000","365,499,000","387,466,000","374,298,000","376,208,000","327,232,000","313,046,000","321,193,000","281,704,000","274,602,000","260,600,000","255,700,000","253,500,000","245,394,000","227,200,000","228,500,000","227,400,000","232,802,000","227,700,000","226,500,000","214,600,000","208,394,000",,"212,134,000","188,554,000","182,000,000","149,500,000","129,600,000","78,400,000","101,400,000"
			RawMaterials,"60,737,000","53,622,000","42,589,000","40,860,000","38,395,000","41,701,000","41,187,000","39,992,000","39,675,000","33,351,000","34,282,000","35,616,000","37,320,000","33,604,000","34,692,000","36,242,000","36,384,000","31,621,000","27,423,000","32,691,000",,"31,146,000","37,345,000","37,587,000","46,281,000","34,197,000","38,741,000","37,440,000","39,734,000","39,938,000","49,317,000","54,155,000",,"50,918,000","53,804,000","48,193,000",,"46,594,000","45,624,000",,"45,306,000","41,713,000","34,391,000","31,689,000","30,913,000","28,518,000","24,835,000","23,178,000","21,391,000","23,625,000","26,570,000",,,"32,169,000",,,,,,,,,,,"18,025,000",,,,,,,,,,,,,,,,,"10,881,000",,,,,,,,
			WorkInProcess,"546,715,000","527,118,000","527,561,000","530,093,000","503,628,000","487,830,000","475,430,000","457,958,000","451,475,000","457,563,000","440,948,000","430,838,000","418,205,000","423,621,000","414,668,000","415,127,000","452,727,000","456,333,000","451,831,000","475,032,000",,"482,261,000","468,113,000","469,304,000","469,673,000","478,627,000","487,267,000","471,716,000","467,550,000","453,816,000","449,401,000","424,136,000",,"400,824,000","398,835,000","407,314,000",,"411,039,000","386,256,000",,"384,080,000","355,894,000","336,937,000","311,309,000","303,425,000","291,536,000","285,096,000","277,746,000","291,389,000","300,161,000","280,153,000",,,"188,069,000","162,695,000","159,202,000","151,624,000","145,209,000","130,359,000","133,836,000","135,565,000","136,734,000","125,837,000","120,745,000","119,220,000","102,187,000","105,072,000","102,168,000","109,436,000","96,616,000",,,,"95,961,000",,,,"99,873,000",,,,"81,075,000",,,,,,,,
			FinishedGoods,"663,295,000","603,036,000","541,782,000","524,673,000","527,871,000","563,497,000","575,865,000","577,478,000","550,237,000","492,424,000","488,342,000","486,367,000","477,827,000","456,449,000","460,847,000","454,398,000","434,546,000","414,120,000","437,132,000","444,134,000",,"479,665,000","510,142,000","510,963,000","523,984,000","491,022,000","472,188,000","461,580,000","458,714,000","425,849,000","424,603,000","414,897,000",,"503,788,000","504,148,000","462,011,000",,"438,603,000","408,038,000",,"382,747,000","346,795,000","336,187,000","294,087,000","291,001,000","285,047,000","329,608,000","317,147,000","320,729,000","313,903,000","339,948,000",,,"320,489,000","361,558,000","344,241,000","262,675,000","218,073,000","230,634,000","220,652,000","228,842,000","209,112,000","242,391,000","234,946,000","238,963,000","207,195,000","193,620,000","202,959,000","158,932,000","165,436,000",,,,"138,435,000",,,,"121,133,000",,,,"116,438,000",,,,,,,,
			OtherInventories,,,,,,,,,,,,,,,,,,,"0","0",,"0","0","0","0","0","0","0",,"0",,"0",,"0","0","0",,"0","0",,"0",,"0","0","0","0","0","0","0","0","0",,,"0","38,264,000","32,546,000","27,855,000","24,486,000","24,937,000","23,056,000","19,635,000","19,653,000","19,238,000","18,607,000","0","17,850,000","14,354,000","16,066,000","13,336,000","12,550,000",,,,"10,998,000",,,,"11,796,000",,,,"0",,,,,,,,
		PrepaidAssets,"85,448,000","71,503,000","55,799,000","44,657,000","42,770,000","32,178,000","53,684,000","45,291,000","45,829,000","30,111,000","24,459,000","22,794,000","33,778,000","22,227,000","32,173,000","37,144,000","34,895,000","21,271,000","13,529,000","9,237,000",,"14,488,000","28,115,000","26,810,000","24,208,000","20,302,000","23,915,000","25,583,000","22,555,000","21,102,000","43,302,000","39,632,000",,"24,039,000","30,350,000","32,233,000",,"24,330,000",,,"10,257,000",,,,,,,,,"5,275,000","5,184,000",,,"5,490,000","5,531,000","6,774,000","9,291,000","4,197,000","7,151,000","6,492,000","7,831,000","3,885,000","5,987,000","5,292,000","7,313,000","3,189,000","5,993,000","5,105,000","6,175,000","2,735,000",,,,"2,646,000",,,,"2,978,000",,,,"1,931,000",,"2,465,000",,,,,,
		RestrictedCash,,,,,,,,,,,,,,,,,,,,,,,,,,,,,,"0",,,,,,,,"71,262,000",,,,,,,,,,,,,,,,,,,,,,,,,,,,,,,,,,,,,,,,,,,,,,,,,,,,
		CurrentDeferredAssets,,,,,,,,,,,,,,"57,110,000","52,089,000","41,267,000","43,548,000","32,291,000","51,404,000","46,405,000",,"54,787,000","61,714,000","60,613,000","45,128,000","65,277,000","63,076,000","59,546,000","56,511,000","47,975,000",,"25,377,000",,"59,476,000","42,778,000","23,110,000",,"30,234,000",,,,,,,"25,448,000",,"26,627,000","41,058,000",,"5,377,000","33,969,000",,,"34,802,000","16,265,000",,,,,,,,"8,869,000","6,078,000","6,519,000","2,528,000",,,,,,,,,,,,,,,,"1,421,000",,"2,840,000",,,,,,
			CurrentDeferredTaxesAssets,,,,,,,,,,,,,,"57,110,000","52,089,000","41,267,000","43,548,000","32,291,000","51,404,000","46,405,000",,"54,787,000","61,714,000","60,613,000","45,128,000","65,277,000","63,076,000","59,546,000","56,511,000","47,975,000",,"25,377,000",,"59,476,000","42,778,000","23,110,000",,"30,234,000",,,,,,,"25,448,000",,"26,627,000","41,058,000",,"5,377,000","33,969,000",,,"34,802,000","16,265,000",,,,,,,,"8,869,000","6,078,000","6,519,000","2,528,000",,,,,,,,,,,,,,,,"1,421,000",,"2,840,000",,,,,,
		AssetsHeldForSaleCurrent,"118,000","582,000","582,000","637,000","656,000","1,629,000","2,968,000","32,107,000","1,711,000","2,454,000","872,000","1,430,000","1,485,000","1,430,000","60,131,000","62,305,000","1,478,000","1,589,000","1,894,000","1,850,000",,"2,056,000","2,056,000",,,,,,,,,,,,,,,,,,,,,,,,,,,,,,,,,,,,,,,,,,,,,,,,,,,,,,,,,,,,,,,,,,,
		HedgingAssetsCurrent,"6,663,000","13,879,000","8,142,000","6,574,000","6,486,000","2,610,000","2,475,000","4,107,000","57,006,000","19,801,000","18,143,000","2,611,000","13,564,000","20,931,000","22,063,000","29,990,000","4,588,000","6,038,000","5,458,000","10,075,000",,"5,029,000","2,236,000","10,201,000","12,062,000","19,058,000","23,151,000","13,714,000","29,752,000","17,160,000","27,439,000","2,607,000",,"28,290,000","33,823,000","36,567,000",,"71,942,000",,,,,,,,,,,,,,,,,,,,,,,,,,,,,,,,,,,,,,,,,,,,,,,,,,,,
		OtherCurrentAssets,"1,008,000","754,000","1,090,000","868,000","501,000","414,000","470,000","470,000","607,000","604,000","3,585,000","629,000","570,000","341,000","258,000","352,000","550,000","215,000","397,000","39,217,000","94,200,000","5,015,000","3,582,000","17,510,000","17,526,000","16,569,000","3,264,000","2,566,000","2,572,000","2,509,000","4,734,000","7,897,000","100,100,000","5,213,000","937,000","885,000","95,200,000","6,094,000","45,479,000","51,900,000","45,610,000","63,792,000","42,873,000","36,460,000","40,427,000","44,442,000","25,393,000","25,243,000","34,601,000","87,971,000","51,530,000","173,000,000","129,600,000","11,583,000","34,357,000","85,936,000","45,488,000","24,720,000","48,671,000","13,347,000","43,472,000","11,815,000","19,968,000","174,032,000","36,237,000","42,226,000","35,684,000","41,078,000","28,991,000","27,148,000","40,000,000","36,600,000","47,700,000","36,335,000","39,400,000","38,900,000","44,000,000","34,207,000","41,700,000","40,800,000","44,600,000","30,295,000","435,300,000","44,575,000","61,819,000","84,400,000","58,700,000","171,000,000","158,300,000","76,000,000"
	TotalNonCurrentAssets,"2,597,395,000","2,458,202,000","2,336,764,000","2,257,301,000","2,246,310,000","2,249,205,000","2,055,894,000","2,021,178,000","2,012,832,000","2,001,985,000","1,981,374,000","1,948,286,000","1,919,909,000","1,868,498,000","1,802,513,000","1,781,004,000","1,845,316,000","1,829,975,000","1,795,352,000","1,807,932,000","1,849,400,000","1,883,578,000","1,867,609,000","1,914,531,000","1,936,011,000","1,946,918,000","1,972,420,000","2,061,425,000","2,104,315,000","2,151,837,000","2,189,900,000","2,227,706,000","2,271,000,000","2,312,559,000","2,309,236,000","2,260,704,000","2,213,200,000","2,169,697,000","2,086,746,000","2,025,200,000","1,955,961,000","1,915,170,000","1,863,979,000","1,821,858,000","1,728,642,000","1,677,573,000","1,532,399,000","1,476,502,000","1,448,938,000","1,458,003,000","1,375,028,000","1,297,700,000","1,263,600,000","1,227,801,000","1,154,709,000","1,111,910,000","1,106,441,000","1,082,365,000","1,067,644,000","1,051,829,000","1,037,946,000","1,025,327,000","1,019,436,000","1,013,181,000","992,058,000","897,785,000","859,181,000","813,188,000","787,768,000","785,922,000","749,400,000","808,700,000","816,400,000","829,006,000","832,600,000","836,300,000","826,300,000","835,739,000","838,400,000","850,100,000","863,100,000","871,191,000","864,300,000","903,740,000","897,839,000","898,400,000","749,500,000","584,300,000","417,200,000","304,800,000"
		NetPPE,"2,189,961,000","2,214,365,000","2,072,050,000","1,930,614,000","1,935,443,000","1,917,389,000","1,859,556,000","1,842,791,000","1,807,474,000","1,787,982,000","1,756,754,000","1,717,631,000","1,693,868,000","1,637,855,000","1,555,412,000","1,528,815,000","1,442,253,000","1,437,193,000","1,435,034,000","1,448,773,000","1,490,900,000","1,532,710,000","1,549,962,000","1,621,593,000","1,645,642,000","1,683,576,000","1,712,575,000","1,797,045,000","1,835,928,000","1,887,954,000","1,929,757,000","1,969,289,000","2,014,900,000","2,054,377,000","2,136,276,000","2,095,839,000","2,039,800,000","2,026,132,000","1,897,097,000","1,847,800,000","1,777,354,000","1,755,042,000","1,694,952,000","1,593,366,000","1,515,350,000","1,453,973,000","1,395,470,000","1,339,924,000","1,303,135,000","1,324,405,000","1,264,408,000","1,189,400,000","1,155,300,000","1,119,920,000","1,045,724,000","1,004,161,000","1,006,525,000","983,449,000","967,705,000","951,930,000","932,544,000","916,928,000","902,198,000","892,457,000","867,160,000","794,647,000","765,650,000","721,766,000","699,926,000","694,762,000","671,600,000","647,700,000","659,900,000","669,379,000","676,000,000","683,700,000","679,000,000","679,058,000","684,600,000","688,500,000","699,100,000","708,867,000","714,200,000","702,891,000","752,634,000","765,900,000","686,600,000","523,700,000","283,000,000","254,500,000"
			GrossPPE,"5,782,975,000","5,771,902,000","5,571,729,000","5,390,006,000","5,336,846,000","5,266,252,000","5,180,140,000","5,112,684,000","5,036,514,000","4,979,477,000","4,899,019,000","4,812,178,000","4,739,699,000","4,634,886,000","4,508,380,000","4,431,296,000","4,286,253,000","4,233,038,000","4,215,980,000","1,448,773,000","1,490,900,000","4,140,841,000","4,106,665,000","4,086,798,000","4,050,311,000","4,023,272,000","3,966,344,000","3,949,468,000","3,927,601,000","3,912,181,000","3,884,260,000","3,858,659,000","2,014,900,000","3,830,800,000","3,855,455,000","3,760,016,000","2,039,800,000","3,588,266,000","3,406,229,000",,"3,187,656,000","3,118,901,000","3,002,805,000","2,851,719,000","2,727,144,000","2,624,041,000","2,534,472,000","2,443,292,000","2,410,426,000","2,381,561,000","2,288,336,000",,,"2,035,483,000","1,934,658,000","1,860,182,000","1,846,793,000","1,797,201,000","1,766,765,000","1,726,568,000","1,686,143,000","1,647,850,000","1,616,327,000","1,584,279,000","1,538,534,000","1,425,106,000","1,394,577,000","1,333,611,000","1,295,283,000","1,274,442,000","1,190,001,000","1,166,101,000","1,178,301,000","1,187,780,000","1,132,743,000","1,140,443,000","1,135,743,000","1,135,801,000","1,084,774,000","1,088,674,000","1,099,274,000","1,109,041,000","1,043,927,000","1,032,618,000","1,030,032,000","994,400,000","864,400,000","664,000,000","390,100,000","343,900,000"
				Properties,"195,889,000","358,782,000","346,302,000","355,795,000","355,058,000","355,058,000","347,506,000","345,443,000","345,417,000","345,379,000","332,344,000","331,803,000","329,565,000","317,158,000","254,138,000","254,771,000","129,028,000","129,028,000","158,790,000","193,673,000",,"230,567,000","229,269,000","228,240,000","228,241,000","0","0","0","0","0","0","0",,"0","0","0",,"40,649,000","0",,"0","0","0","1,357,000","0","0","1,381,000","1,389,000","0","0",,,,"0","0","0","0","0","0","0","0","0","0","0","0","0","0","0","0","0",,,,"0",,,,"0",,,,"0",,,,,,,,
				LandAndImprovements,"23,534,000","23,507,000","41,024,000","23,569,000","23,572,000","23,579,000","23,561,000","23,544,000","23,529,000","23,620,000","24,666,000","24,783,000","24,652,000","24,695,000","24,721,000","24,728,000","32,749,000","32,739,000","32,719,000","32,742,000",,"32,701,000","32,710,000","34,624,000","34,616,000","34,589,000","34,546,000","34,591,000","34,604,000","34,622,000","34,544,000","34,591,000",,"33,812,000","109,301,000","109,299,000",,"109,060,000","109,029,000",,"109,017,000","108,992,000","108,323,000","107,869,000","107,859,000","107,869,000","108,145,000","107,737,000","108,401,000","112,167,000",,,,"88,368,000","118,550,000","7,839,000","7,839,000","112,813,000","120,523,000","120,421,000","120,308,000","119,785,000","105,437,000","106,376,000","112,882,000","64,787,000","8,651,000","72,837,000","72,797,000","72,877,000",,,,"70,940,000",,,,"51,944,000",,,,"42,198,000",,,,,,,,
				BuildingsAndImprovements,"767,159,000","767,096,000","745,474,000","744,092,000","718,692,000","705,089,000","676,158,000","675,822,000","666,549,000","695,316,000","684,580,000","677,007,000","669,090,000","648,719,000","614,203,000","612,422,000","611,012,000","610,264,000","598,281,000","584,900,000",,"272,791,000","267,761,000","266,939,000","264,724,000","436,413,000","420,419,000","413,934,000","413,192,000","411,633,000","379,651,000","371,198,000",,"364,695,000","332,984,000","331,509,000",,"329,397,000","293,740,000",,"291,666,000","291,401,000","227,212,000","225,981,000","224,315,000","221,715,000","211,050,000","210,819,000","212,790,000","1,204,155,000",,,,"217,766,000","1,010,496,000","41,439,000","41,439,000","841,827,000","673,460,000","669,199,000","669,421,000","816,780,000","832,426,000","805,529,000","588,727,000","661,535,000","40,627,000","554,673,000","552,782,000","547,457,000",,,,"502,664,000",,,,"477,957,000",,,,"437,333,000",,,,,,,,
				MachineryFurnitureEquipment,"3,553,582,000","3,550,423,000","3,487,697,000","3,470,331,000","3,441,695,000","3,384,428,000","3,249,490,000","3,246,241,000","779,010,000","3,236,136,000","3,178,207,000","3,156,653,000","3,146,213,000","3,146,318,000","3,045,555,000","3,027,808,000","3,009,916,000","3,007,123,000","2,878,211,000","2,903,367,000",,"1,601,225,000","1,576,029,000","1,558,395,000","1,554,536,000","1,575,382,000","1,529,598,000","1,508,729,000","1,503,665,000","1,497,006,000","1,465,264,000","1,454,899,000",,"1,509,845,000","1,406,401,000","1,372,797,000",,"1,348,985,000","2,482,609,000",,"2,423,788,000","2,357,574,000","1,996,054,000","1,978,242,000","1,908,693,000","1,889,996,000","1,636,170,000","1,614,772,000","1,636,169,000","934,345,000",,,,"780,454,000","757,205,000","12,048,000","12,048,000","731,153,000","671,931,000","668,610,000","653,178,000","684,599,000","622,155,000","619,395,000","606,473,000","594,410,000","12,091,000","577,869,000","578,970,000","595,452,000",,,,"545,489,000",,,,"540,913,000",,,,"499,587,000",,,,,,,,
				OtherProperties,"337,969,000","340,307,000","285,383,000","284,056,000","321,176,000","311,753,000","326,080,000","330,231,000","3,183,514,000","303,710,000","292,927,000","292,696,000","290,102,000","290,166,000","283,641,000","284,762,000","288,679,000","288,830,000","330,605,000","1,448,773,000","1,490,900,000","1,832,847,000","1,806,574,000","1,806,636,000","1,795,925,000","1,825,057,000","1,785,459,000","1,755,997,000","1,739,234,000","1,731,599,000","1,616,055,000","1,604,934,000","2,014,900,000","1,506,708,000","1,398,704,000","1,372,184,000","2,039,800,000","1,336,991,000",,,,"62,938,000",,,"50,083,000","47,910,000","41,084,000","38,085,000","38,052,000","130,894,000",,,,"714,138,000","35,187,000","1,798,856,000","1,785,467,000","50,029,000","16,723,000","17,186,000","55,461,000","10,978,000","56,309,000","52,979,000","32,045,000","104,374,000","1,333,208,000","53,000","53,000","53,000",,,,"29,301,000",,,,"28,502,000",,,,"106,197,000",,,,,,,,
				ConstructionInProgress,"904,842,000","731,787,000","665,849,000","512,163,000","476,653,000","486,345,000","557,345,000","491,403,000","38,495,000","375,316,000","386,295,000","329,236,000","280,077,000","207,830,000","286,122,000","226,805,000","214,869,000","165,054,000","217,374,000","189,348,000",,"170,710,000","194,322,000","191,964,000","172,269,000","151,831,000","196,322,000","236,217,000","236,906,000","237,321,000","388,746,000","393,037,000",,"415,740,000","608,065,000","574,227,000",,"423,184,000","520,851,000",,"363,185,000","297,996,000","671,216,000","538,270,000","436,194,000","356,551,000","536,642,000","470,490,000","415,014,000",,,,,"234,757,000","13,220,000",,,"61,379,000","284,128,000","251,152,000","187,775,000","15,708,000",,,"198,407,000",,,"128,179,000","90,681,000","58,603,000",,,,"39,386,000",,,,"36,485,000",,,,"23,726,000",,,,,,,,
			AccumulatedDepreciation,"-3,593,014,000","-3,557,537,000","-3,499,679,000","-3,459,392,000","-3,401,403,000","-3,348,863,000","-3,320,584,000","-3,269,893,000","-3,229,040,000","-3,191,495,000","-3,142,265,000","-3,094,547,000","-3,045,831,000","-2,997,031,000","-2,952,968,000","-2,902,481,000","-2,844,000,000","-2,795,845,000","-2,780,946,000","-2,727,303,000",,"-2,608,131,000","-2,556,703,000","-2,465,205,000","-2,404,669,000","-2,339,696,000","-2,253,769,000","-2,152,423,000","-2,091,673,000","-2,024,227,000","-1,954,503,000","-1,889,370,000",,"-1,776,423,000","-1,719,179,000","-1,664,177,000",,"-1,562,134,000","-1,509,132,000",,"-1,410,302,000","-1,363,859,000","-1,307,853,000","-1,258,353,000","-1,211,794,000","-1,170,068,000","-1,139,002,000","-1,103,368,000","-1,107,291,000","-1,057,156,000","-1,023,928,000",,,"-915,563,000","-888,934,000","-856,021,000","-840,268,000","-813,752,000","-799,060,000","-774,638,000","-753,599,000","-730,922,000","-714,129,000","-691,822,000","-671,374,000","-630,459,000","-628,927,000","-611,845,000","-595,357,000","-579,680,000","-518,401,000","-518,401,000","-518,401,000","-518,401,000","-456,743,000","-456,743,000","-456,743,000","-456,743,000","-400,174,000","-400,174,000","-400,174,000","-400,174,000","-329,727,000","-329,727,000","-277,398,000","-228,500,000","-177,800,000","-140,300,000","-107,100,000","-89,400,000"
		GoodwillAndOtherIntangibleAssets,"238,232,000","91,474,000","107,252,000","140,797,000","88,108,000","88,210,000","57,988,000","58,811,000","59,933,000","60,826,000","55,116,000","55,876,000","55,405,000","66,158,000","65,080,000","67,700,000","163,775,000","167,846,000","170,310,000","153,109,000",,"170,419,000","171,092,000","171,424,000","173,816,000","180,727,000","182,875,000","184,293,000","184,618,000","182,692,000","169,935,000","174,812,000",,"176,139,000","86,192,000","86,207,000",,"41,398,000","42,653,000",,"42,768,000","42,921,000","42,335,000","42,457,000","42,648,000","41,658,000","45,325,000","41,460,000","41,491,000","31,166,000","31,817,000",,,"33,737,000","34,554,000","35,261,000","37,464,000","36,759,000","37,071,000","37,460,000","40,115,000","38,926,000","45,858,000","45,756,000","51,522,000","31,924,000","20,598,000","20,869,000","21,256,000","21,743,000",,,,"17,820,000",,,,"15,689,000",,,,"16,223,000",,"45,188,000",,,,,,
			Goodwill,"34,596,000","34,596,000","34,596,000","41,966,000","41,966,000","41,966,000","34,596,000","34,596,000","34,726,000","34,726,000","34,851,000","34,856,000","34,861,000","34,718,000","34,758,000","34,758,000","44,177,000","44,177,000","44,177,000","44,177,000",,"37,972,000","38,088,000","38,088,000","38,088,000","38,388,000","38,388,000","38,388,000","38,388,000","38,388,000","38,388,000","38,388,000",,"38,388,000","38,388,000","38,388,000",,"38,388,000","38,605,000",,"38,605,000","38,605,000","38,388,000","38,388,000","38,388,000","38,388,000","38,388,000","38,388,000","38,388,000","28,652,000","29,195,000",,,"30,622,000","31,269,000","31,798,000","33,822,000","32,945,000","33,083,000","33,288,000","35,762,000","34,403,000","41,044,000","40,931,000","46,370,000",,,,,,,,,,,,,,,,,,,,,,,,,
			OtherIntangibleAssets,"203,636,000","56,878,000","72,656,000","98,831,000","46,142,000","46,244,000","23,392,000","24,215,000","25,207,000","26,100,000","20,265,000","21,020,000","20,544,000","31,440,000","30,322,000","32,942,000","119,598,000","123,669,000","126,133,000","108,932,000",,"132,447,000","133,004,000","133,336,000","135,728,000","142,339,000","144,487,000","145,905,000","146,230,000","144,304,000","131,547,000","136,424,000",,"137,751,000","47,804,000","47,819,000",,"3,010,000","4,048,000",,"4,163,000","4,316,000","3,947,000","4,069,000","4,260,000","3,270,000","6,937,000","3,072,000","3,103,000","2,514,000","2,622,000",,,"3,115,000","3,285,000","3,463,000","3,642,000","3,814,000","3,988,000","4,172,000","4,353,000","4,523,000","4,814,000","4,825,000","5,152,000","31,924,000","20,598,000","20,869,000","21,256,000","21,743,000",,,,"17,820,000",,,,"15,689,000",,,,"16,223,000",,"45,188,000",,,,,,
		InvestmentProperties,,,,,,,,,,,,,,,,,,,,,,,,,,,,,,,,,,,,,,"0",,,,"0",,,"1,365,000","1,373,000",,,"1,397,000",,,,,,,,,,,,,,,,,,,,,,,,,,,,,,,,,,,,,,,,,
		InvestmentsAndAdvances,,,,,,"100,642,000","84,648,000","77,801,000","110,435,000","114,295,000","123,396,000","118,248,000","116,049,000","115,255,000","146,011,000","149,125,000","160,499,000","180,394,000","146,620,000","140,015,000","148,300,000","140,083,000","123,628,000","117,884,000","113,235,000","79,788,000","72,597,000","75,981,000","79,448,000","76,205,000","84,368,000","78,368,000","78,100,000","77,113,000","77,285,000","72,288,000","91,200,000","70,405,000","125,608,000","66,800,000","63,160,000","91,182,000","125,483,000","162,471,000","146,790,000","154,945,000","61,926,000","61,929,000","58,873,000","55,205,000","34,282,000","65,400,000","65,300,000","36,951,000",,,,,,,,,,,,,,,,,,,,,,,,,,,,,,,,,,,,
			LongTermEquityInvestment,"47,389,000","39,824,000","44,211,000","53,880,000","82,996,000","85,993,000","79,340,000","71,561,000","106,293,000","109,435,000","119,651,000","114,344,000","112,142,000","111,549,000","114,081,000","114,195,000","153,065,000","171,170,000","111,378,000","109,332,000","128,400,000","133,140,000","114,468,000","115,143,000","110,498,000","79,302,000","72,111,000","75,417,000","78,807,000","75,778,000","84,302,000","78,269,000","78,000,000","77,018,000","77,186,000","72,189,000","66,300,000","70,298,000",,,,"60,694,000",,,"67,044,000","62,271,000",,,"58,762,000",,,,,,,,,,,,,,,,,,,,,,,,,,,,,,,,,,,,,,,,,
				InvestmentsinAssociatesatCost,,,,,,,,,,,,,,,,,,,,,,,"56,685,000","56,449,000","53,457,000","49,836,000","50,322,000","51,233,000","51,374,000","49,723,000","54,736,000","51,423,000",,"51,075,000","50,083,000","47,720,000",,,,,,,,,,,,,,,,,,,,,,,,,,,,,,,,,,,,,,,,,,,,,,,,,,,,,,
				InvestmentsInOtherVenturesUnderEquityMethod,,,,,,,,,,,"119,700,000","114,300,000","112,100,000","111,549,000","114,081,000","114,195,000","153,065,000","146,425,000","111,378,000","109,332,000","128,400,000","133,140,000",,,,,,,,,,,"78,000,000",,,,"66,300,000","70,298,000",,,,,,,,,,,,,,,,,,,,,,,,,,,,,,,,,,,,,,,,,,,,,,,,,,,,
				InvestmentsinJointVenturesatCost,,,,,,,,,,,,,,,,,"0","24,745,000",,,,,"57,783,000","58,694,000","57,041,000","29,466,000","21,789,000","24,184,000","27,433,000","26,055,000","29,566,000","26,846,000",,"25,943,000","27,103,000","24,469,000",,,,,,,,,,,,,,,,,,,,,,,,,,,,,,,,,,,,,,,,,,,,,,,,,,,,,,
			InvestmentinFinancialAssets,"13,558,000","9,023,000","10,436,000","7,724,000","31,854,000","14,649,000","5,308,000","6,240,000","4,142,000","4,860,000","3,745,000","3,904,000","3,907,000","3,706,000","31,930,000","34,930,000","7,434,000","9,224,000","35,242,000","30,683,000","19,900,000","6,943,000","9,160,000","2,741,000","2,737,000","486,000","486,000","564,000","641,000","427,000","66,000","99,000","100,000","95,000","99,000","99,000","24,900,000","107,000",,,,"30,488,000",,,"79,746,000","92,674,000",,,,,,,,,,,,,,,,,,,,,,,,,,,,,,,,,,,,,,,,,,,,
				AvailableForSaleSecurities,"13,558,000","9,023,000","10,436,000","7,724,000","31,854,000","14,649,000","5,308,000","6,240,000","4,142,000","4,860,000","3,745,000","3,904,000","3,907,000","3,706,000","31,930,000","34,930,000","7,434,000","9,224,000","35,242,000","30,683,000","19,900,000","6,943,000","9,160,000","2,741,000","2,737,000","486,000","486,000","564,000","641,000","427,000","66,000","99,000","100,000","95,000","99,000","99,000","24,900,000","107,000",,,,,,,,,,,,,,,,,,,,,,,,,,,,,,,,,,,,,,,,,,,,,,,,,,,,
				HeldToMaturitySecurities,,,,,,,,,,,"75,000","77,000","74,000","75,000",,,,,,,,,,,,,,,,,,,,,,,,,,,,,,,,,,,,,,,,,,,,,,,,,,,,,,,,,,,,,,,,,,,,,,,,,,,,
			OtherInvestments,,,,,,,,,,,,,,,,,,,,,,,,,,,,,,,,,,,,,"66,300,000","70,300,000",,,,,,,,,,,"111,000",,,,,,,,,,,,,,,,,,,,,,,,,,,,,,,,,,,,,,,,,
		FinancialAssets,"5,132,000","245,000",,"18,423,000","1,968,000","37,276,000","9,362,000","2,605,000","0","3,918,000","11,046,000","21,800,000","19,374,000","13,425,000",,,"43,123,000","8,910,000",,,,"7,156,000",,,,,,,,,,,,"0","6,943,000","4,289,000",,"29,385,000",,,,,,,,,,,,,,,,,,,,,,,,,,,,,,,,,,,,,,,,,,,,,,,,,,,,
		NonCurrentAccountsReceivable,,,,,,"101,529,000","43,272,000","37,289,000","33,943,000","33,889,000","33,938,000","33,303,000","34,065,000","34,454,000","34,594,000","33,885,000","34,128,000","1,912,000","33,645,000","34,417,000",,"30,864,000","19,926,000","1,250,000","1,008,000","1,050,000","1,526,000","1,165,000","1,250,000","2,044,000","2,347,000","1,555,000",,"1,282,000","1,117,000","1,003,000",,"1,311,000","1,330,000",,"1,263,000","1,070,000","913,000","1,001,000","973,000","1,102,000",,"0","3,905,000","4,209,000","1,417,000",,,"2,767,000",,,,,,,,,,,,,,,,,,,,,,,,,,,,,,,,,,,,
		DuefromRelatedPartiesNonCurrent,,,,,,,,,,,,,,,,,,,,,,,,,,,,,,,,,,,,,,,,,,,,,"0",,,,,,,,,,,,,,,,,,,,,,,,,,,,,,,,,,,,,,,,,,,,,
		NonCurrentDeferredAssets,,,,,,,,,,,,,,,,,,"32,179,000","0","457,000",,"664,000","1,277,000","643,000","577,000","161,000","354,000","362,000","465,000","340,000","417,000","512,000",,"531,000","448,000","169,000",,"223,000","266,000",,"252,000","304,000","296,000","287,000","280,000","365,000","628,000","195,000","181,000",,,,,,,,,,,,,,,,,,,,,,,,,,,,,,,,,,,"12,125,000",,,,,,
			NonCurrentDeferredTaxesAssets,,,,,,,,,,,,,,,,,,"32,179,000","0","457,000",,"664,000","1,277,000","643,000","577,000","161,000","354,000","362,000","465,000","340,000","417,000","512,000",,"531,000","448,000","169,000",,"223,000","266,000",,"252,000","304,000","296,000","287,000","280,000","365,000","628,000","195,000","181,000",,,,,,,,,,,,,,,,,,,,,,,,,,,,,,,,,,,"12,125,000",,,,,,
		NonCurrentPrepaidAssets,,,,,"722,000","731,000","643,000","614,000","561,000","551,000","574,000","551,000","534,000","712,000","746,000","749,000","798,000","771,000","8,927,000",,,"685,000","695,000","678,000","658,000","496,000","702,000","750,000","760,000","682,000","685,000","727,000",,"708,000","723,000","656,000",,"571,000",,,,,,,,,,,,,,,,,,,,,,,,,,,,,,,,,,,,,,,,,,,,,,,,,,,,
		DefinedPensionBenefit,,,,,,,,,,,,,,,,,,,,,,"0","0","0","0","27,000","670,000","643,000","643,000","647,000","1,073,000","1,070,000",,"987,000",,,,,,,,,,,,,,,,,,,,,,,,,,,,,,,,,,,,,,,,,,,,,,,,,,,,,,,,
		OtherNonCurrentAssets,"5,855,000","6,113,000","5,526,000","3,383,000","3,410,000","3,428,000","425,000","1,267,000","486,000","524,000","550,000","877,000","614,000","639,000","670,000","730,000","740,000","770,000","77,000","31,161,000","210,200,000","997,000","1,029,000","1,059,000","1,075,000","1,093,000","1,121,000","1,186,000","1,203,000","1,273,000","1,318,000","1,373,000","178,000,000","1,422,000","252,000","253,000","82,200,000","272,000","19,792,000","110,600,000","71,164,000","24,651,000","0","22,276,000","21,236,000","24,157,000","29,050,000","32,994,000","39,956,000","43,018,000","43,104,000","42,900,000","43,000,000","34,426,000","74,431,000","72,488,000","62,452,000","62,157,000","62,868,000","62,439,000","65,287,000","69,473,000","71,380,000","74,968,000","73,376,000","71,214,000","72,933,000","70,553,000","66,586,000","69,417,000","77,800,000","161,000,000","156,500,000","141,807,000","156,600,000","152,600,000","147,300,000","140,992,000","153,800,000","161,600,000","164,000,000","146,101,000","150,100,000","143,536,000","145,205,000","132,500,000","62,900,000","60,600,000","134,200,000","50,300,000"
TotalLiabilitiesNetMinorityInterest,"5,260,157,000","3,828,326,000","3,489,003,000","2,777,275,000","2,695,262,000","2,655,885,000","2,713,622,000","2,622,737,000","2,923,161,000","2,549,679,000","2,555,637,000","2,578,661,000","2,230,981,000","2,130,292,000","1,986,315,000","2,161,604,000","2,070,638,000","2,048,768,000","1,893,332,000","1,879,649,000","1,993,500,000","1,911,372,000","2,013,683,000","1,918,341,000","2,259,972,000","2,243,406,000","2,421,250,000","2,393,840,000","2,403,332,000","2,371,140,000","2,260,311,000","2,175,912,000","2,158,700,000","2,335,367,000","2,580,572,000","2,417,647,000","2,221,300,000","2,228,985,000","2,128,060,000","2,053,100,000","2,074,394,000","2,007,203,000","1,863,969,000","1,758,482,000","1,703,726,000","1,702,016,000","1,713,748,000","1,542,641,000","1,468,194,000","1,690,428,000","1,553,832,000","1,508,200,000","1,352,700,000","1,057,038,000","947,606,000","944,633,000","865,964,000","757,884,000","794,384,000","742,620,000","728,833,000","746,040,000","741,030,000","865,045,000","691,351,000","584,643,000","496,813,000","470,399,000","459,756,000","378,314,000","406,000,000","443,700,000","462,900,000","444,385,000","464,800,000","459,200,000","452,100,000","449,583,000","437,200,000","510,600,000","525,900,000","558,301,000","611,600,000","566,430,000","576,601,000","602,200,000","462,200,000","463,400,000","254,700,000","210,900,000"
	CurrentLiabilities,"2,490,980,000","991,709,000","622,700,000","581,318,000","514,596,000","475,882,000","751,866,000","635,405,000","932,221,000","776,812,000","982,120,000","989,906,000","625,151,000","555,663,000","534,853,000","692,520,000","769,485,000","748,045,000","619,891,000","553,591,000","665,300,000","580,349,000","692,132,000","570,562,000","779,657,000","702,927,000","825,418,000","787,085,000","561,418,000","530,875,000","615,444,000","582,545,000","552,900,000","722,635,000","951,071,000","746,654,000","624,500,000","609,093,000","573,698,000","539,500,000","660,527,000","629,303,000","655,257,000","520,488,000","487,355,000","476,837,000","448,616,000","349,377,000","364,087,000","545,474,000","533,987,000","519,500,000","619,100,000","445,906,000","380,439,000","378,681,000","280,551,000","192,422,000","236,754,000","193,117,000","180,560,000","197,642,000","273,397,000","404,793,000","427,935,000","428,268,000","344,846,000","120,674,000","111,046,000","131,244,000","159,900,000","200,400,000","164,500,000","145,259,000","121,800,000","119,000,000","100,900,000","98,352,000","133,700,000","196,400,000","212,400,000","125,244,000","165,800,000","140,827,000","157,738,000","142,200,000","228,600,000","217,500,000","191,100,000","131,900,000"
		PayablesAndAccruedExpenses,,,,,,"267,079,000","327,559,000","295,834,000","339,947,000","326,100,000","313,222,000","333,490,000","450,834,000","359,091,000","367,198,000","411,340,000","555,480,000","420,091,000","386,848,000","341,054,000",,"317,246,000","358,416,000","262,689,000","250,032,000","242,485,000","313,339,000","297,435,000","279,819,000","253,631,000","334,507,000","283,040,000",,"256,854,000","450,328,000","299,760,000",,"364,478,000","189,119,000",,"285,202,000","259,323,000","258,694,000","205,131,000","153,781,000","162,798,000","166,660,000","148,349,000","152,615,000","226,520,000","223,037,000",,,"230,554,000","199,890,000","169,248,000","153,021,000","121,344,000","152,427,000","140,423,000","107,489,000","103,021,000","117,414,000","108,861,000","104,312,000","94,042,000","105,190,000","89,098,000","73,317,000","70,126,000",,,,"60,684,000",,,,"60,452,000",,,,"47,007,000",,"34,072,000","39,502,000","41,200,000","48,700,000","47,400,000","44,100,000","33,700,000"
			Payables,"1,762,768,000","557,332,000","333,922,000","354,082,000","306,870,000","251,483,000","313,757,000","280,198,000","335,959,000","321,073,000","306,759,000","327,457,000","446,127,000","360,022,000","362,671,000","409,661,000","549,176,000","412,733,000","386,586,000","335,872,000",,"310,950,000","354,486,000","255,062,000","243,335,000","235,299,000","305,044,000","288,030,000","271,161,000","244,649,000","324,886,000","274,560,000",,"244,165,000","442,707,000","292,158,000",,"365,326,000","189,119,000",,"285,202,000","259,323,000","258,694,000","205,131,000","153,781,000","162,798,000","166,660,000","148,349,000","133,988,000","189,329,000","170,960,000",,,"200,140,000","139,184,000","120,530,000","120,350,000","99,030,000","115,504,000","110,444,000","86,036,000","86,617,000","90,422,000","84,874,000","84,117,000","70,292,000","74,384,000","61,828,000","58,057,000","57,859,000",,,,"48,429,000",,,,"48,076,000",,,,"29,830,000",,"34,072,000","39,502,000","41,200,000","48,700,000","47,400,000","44,100,000","33,700,000"
				AccountsPayable,"333,616,000","279,092,000","259,613,000","226,680,000","193,065,000","203,346,000","174,483,000","192,935,000","170,879,000","205,414,000","194,552,000","211,046,000","171,870,000","163,373,000","181,448,000","182,321,000","189,741,000","195,858,000","168,926,000","159,878,000",,"200,496,000","166,896,000","128,962,000","126,196,000","136,668,000","144,720,000","138,040,000","137,658,000","144,998,000","164,966,000","156,727,000",,"150,322,000","190,326,000","174,553,000",,"207,429,000","189,037,000",,"185,842,000","183,032,000","180,161,000","173,592,000","149,412,000","152,147,000","162,328,000","148,349,000","129,349,000","187,200,000","157,726,000",,,"110,298,000","139,184,000","120,530,000","120,350,000","99,030,000","115,504,000","110,444,000","86,036,000","86,617,000","90,422,000","84,874,000","84,117,000","70,292,000","74,384,000","61,828,000","58,057,000","57,859,000",,,,"48,429,000",,,,"48,076,000",,,,"29,830,000",,"34,072,000","39,502,000","41,200,000","48,700,000","47,400,000","44,100,000","33,700,000"
				TotalTaxPayable,"569,939,000","214,592,000","52,380,000","21,562,000","30,969,000","25,493,000","20,807,000","24,490,000","28,704,000","24,684,000","31,530,000","25,483,000","57,059,000","59,539,000","75,190,000","70,737,000","114,579,000","86,150,000","81,147,000","58,298,000",,"94,161,000","71,875,000","43,647,000","52,942,000","64,693,000","64,755,000","61,330,000","44,103,000","45,743,000","38,613,000","29,285,000",,"46,572,000","35,000,000","21,762,000",,"51,992,000",,,"98,653,000","75,418,000","78,136,000","29,261,000",,"7,113,000",,,"1,083,000","1,298,000","12,439,000",,,"89,186,000",,,,,,,,,,,,,,,,,,,,,,,,,,,,,,,,,,,,
					IncomeTaxPayable,,,,,,,,,,,"23,554,000","19,067,000","49,987,000","47,412,000","63,188,000","59,046,000","105,617,000","75,402,000","71,757,000","47,299,000",,"75,872,000","66,499,000","40,946,000","46,992,000","52,070,000","61,953,000","59,116,000","37,209,000","36,171,000","32,553,000","23,918,000",,"31,707,000","32,113,000","16,852,000",,"23,624,000",,,,,,,,,,,"1,083,000","1,298,000","12,439,000",,,"89,186,000",,,,,,,,,,,,,,,,,,,,,,,,,,,,,,,,,,,,
				DividendsPayable,"831,823,000","34,184,000","4,838,000","92,958,000","63,870,000","8,027,000","101,996,000","51,345,000","116,128,000","68,890,000","61,482,000","70,371,000","194,462,000","109,670,000","83,537,000","133,872,000","113,883,000","110,529,000","112,858,000","101,154,000",,"1,189,000","99,347,000","70,894,000","53,130,000","23,887,000","84,842,000","77,286,000","77,159,000","41,364,000","110,361,000","76,302,000",,"36,583,000","199,070,000","77,770,000",,"76,267,000",,,,,,,,,,,,"831,000","795,000",,,"656,000",,,,,,,,,,,,,,,,,,,,,,,,,,,,,,,,,,,,
				DuetoRelatedPartiesCurrent,,,,,,,,,,,,,,,,,,,,,,,,,,,,,,,,,,,,,,,"82,000",,"707,000","873,000","397,000","2,278,000","4,369,000","3,538,000","4,332,000",,"3,556,000",,,,,,,,,,,,,,,,,,,,,,,,,,,,,,,,,,,,,,,,,
				OtherPayable,"27,390,000","29,464,000","17,091,000","12,882,000","18,966,000","14,617,000","16,471,000","11,428,000","20,248,000","22,085,000","19,195,000","20,557,000","22,736,000","27,440,000","22,496,000","22,731,000","130,973,000","20,196,000","23,655,000","16,542,000",,"15,104,000","16,368,000","11,559,000","11,067,000","10,051,000","10,727,000","11,374,000","12,241,000","12,544,000","10,946,000","12,246,000",,"10,688,000","18,311,000","18,073,000",,"29,638,000",,,,,,,,,,,,,,,,,,,,,,,,,,,,,,,,,,,,,,,,,,,,,,,,,,,,
			CurrentAccruedExpenses,,,,,,"24,003,000","22,718,000","20,822,000","18,769,000","21,686,000","20,039,000","20,136,000","18,996,000","20,070,000","20,070,000","18,279,000","18,208,000","19,042,000","16,547,000","15,140,000",,"15,841,000","14,503,000","14,016,000","12,651,000","13,171,000","15,244,000","16,387,000","16,165,000","17,531,000","16,515,000","16,818,000",,"19,290,000","19,417,000","18,761,000",,"21,225,000","29,080,000",,"19,270,000",,"22,054,000","17,041,000",,"44,011,000",,,"18,627,000","37,191,000","52,077,000",,,"30,414,000","60,706,000","48,718,000","32,671,000","22,314,000","36,923,000","29,979,000","21,453,000","16,404,000","26,992,000","23,987,000","20,195,000","23,750,000","30,806,000","27,270,000","15,260,000","12,267,000",,,,"12,255,000",,,,"12,376,000",,,,"17,177,000",,,,,,,,
				InterestPayable,,,,,,,,,,,,,,,,,,,"21,604,000","15,269,000",,"26,550,000","18,806,000","7,980,000","4,514,000","16,904,000","13,447,000","12,409,000","4,539,000","18,384,000",,"15,904,000",,"25,236,000","13,952,000","6,914,000",,"41,520,000","29,080,000",,"19,270,000",,"22,054,000","17,041,000",,"44,011,000",,,"12,938,000",,,,,,,,,,,,,,,,,,,,,,,,,,,,,,,,,,,,,,,,,
		CurrentProvisions,"606,159,000","317,666,000","164,244,000","116,436,000","101,393,000","104,166,000","161,465,000","85,592,000","83,109,000","110,565,000","100,521,000","96,860,000","95,796,000","106,197,000","90,405,000","79,889,000","42,789,000","63,445,000","46,970,000","35,724,000",,"41,912,000","41,889,000","33,150,000","28,519,000","28,141,000","44,170,000","33,832,000","30,076,000","27,747,000","27,318,000","23,883,000",,"17,953,000","32,140,000","19,709,000",,"18,489,000","16,415,000",,"20,582,000","16,937,000","13,498,000","12,855,000","60,336,000","15,014,000","48,267,000","37,596,000",,,,,,,,,,,,,,,,,,,,,,,,,,,,,,,,,,,,,,,,,,
		PensionandOtherPostRetirementBenefitPlansCurrent,"41,670,000","50,242,000","43,516,000","34,943,000","29,357,000","33,099,000","31,392,000","35,156,000","29,969,000","38,073,000","30,957,000","27,911,000","27,348,000","40,155,000","34,739,000","28,269,000","26,357,000","41,463,000","32,222,000","25,076,000",,"36,839,000","27,803,000","21,996,000","17,165,000","26,616,000","28,524,000","24,498,000","23,092,000","35,753,000","37,038,000","32,594,000",,"43,888,000","32,818,000","27,760,000",,"54,684,000","29,080,000",,"19,270,000","30,074,000","22,054,000","17,041,000",,"44,011,000",,,"12,938,000",,,,,,,,,,,,,,,,,,,,,,,,,,,,,,,,,,,,,,,,,
		CurrentDebtAndCapitalLeaseObligation,"43,226,000","48,383,000","40,928,000","44,215,000","42,574,000","42,391,000","204,973,000","205,236,000","454,273,000","288,471,000","482,293,000","496,456,000","36,220,000","15,445,000","15,628,000","146,495,000","115,207,000","177,062,000","94,528,000","137,551,000","158,800,000","160,243,000","222,434,000","216,835,000","442,475,000","399,275,000","413,332,000","412,899,000","217,093,000","210,569,000","185,509,000","209,698,000","185,800,000","398,999,000","390,639,000","354,470,000","200,100,000","142,508,000","184,332,000","186,100,000","172,633,000",,"268,393,000","180,706,000","178,424,000","150,958,000",,,"141,310,000","267,132,000","269,539,000","270,000,000","303,500,000","141,735,000","36,772,000","81,104,000","16,421,000","18,355,000","17,687,000","10,973,000","44,377,000","64,718,000","93,533,000","264,325,000","272,998,000","297,564,000","206,225,000","6,494,000","4,224,000","26,557,000","55,000,000","107,200,000","67,900,000","74,575,000","35,000,000","37,300,000","20,000,000","29,325,000","62,700,000","128,900,000","149,200,000","69,470,000","96,900,000","58,759,000","80,945,000","68,800,000","152,600,000","146,800,000","119,700,000","79,700,000"
			CurrentDebt,"35,723,000","40,679,000","33,395,000","36,445,000","35,225,000","36,863,000","198,399,000","198,604,000","446,753,000","280,777,000","476,346,000","491,443,000","31,946,000","15,445,000","15,628,000","146,495,000","115,207,000","177,062,000","94,528,000",,,"160,243,000","222,434,000","216,835,000","442,475,000","399,275,000","413,332,000","412,899,000","217,093,000","210,569,000","185,509,000","209,698,000",,"398,999,000","390,639,000","354,470,000",,"142,508,000","184,332,000","186,100,000","172,633,000",,"268,393,000","180,706,000",,"150,958,000",,,,"250,889,000","254,582,000","270,000,000","303,500,000","133,806,000","36,772,000","81,104,000","16,421,000","18,355,000","17,687,000","10,973,000","44,377,000","64,718,000","93,533,000","264,325,000","272,998,000","297,564,000","206,225,000","6,494,000","4,224,000","26,557,000","55,000,000","107,200,000","67,900,000","74,575,000","35,000,000","37,300,000","20,000,000","29,325,000","62,700,000","128,900,000","149,200,000","69,470,000","96,900,000","58,759,000","80,945,000","68,800,000","152,600,000","146,800,000","119,700,000","79,700,000"
				CurrentNotesPayable,,,,,,,,,,,,,,,,,,"13,494,000","13,961,000",,,"58,973,000","60,677,000","58,824,000","264,811,000","221,092,000","225,452,000","221,648,000","26,222,000","19,453,000",,"18,463,000",,"227,652,000","239,722,000","232,970,000",,"20,135,000",,,,,,,,,,,,,"53,881,000",,,,"13,270,000","255,000",,"6,880,000",,,"704,000",,"1,097,000","2,331,000","2,852,000","7,662,000","1,888,000","1,629,000","3,243,000","14,025,000",,,,"12,587,000",,,,"5,962,000",,,,"1,442,000",,,,,,,,
				OtherCurrentBorrowings,,,,,,"36,863,000","198,399,000","198,604,000","446,753,000","280,777,000","476,346,000","491,443,000","31,946,000","15,445,000","15,628,000","146,495,000","115,207,000","177,062,000","94,528,000","99,636,000",,"160,243,000","222,434,000","216,835,000","442,475,000","399,275,000","413,332,000","412,899,000","217,093,000","210,569,000","185,509,000","209,698,000",,"398,999,000","390,639,000","354,470,000",,"142,508,000",,,,,,"180,706,000",,"150,958,000",,,,"250,889,000","200,701,000",,,"133,806,000","23,502,000","80,849,000",,"11,475,000",,,"43,673,000",,"92,436,000","261,994,000","270,146,000","289,902,000","204,337,000","4,865,000","981,000","12,532,000",,,,"61,988,000",,,,"23,363,000",,,,"68,028,000",,,,,,,,
			CurrentCapitalLeaseObligation,"7,503,000","7,704,000","7,533,000","7,770,000","7,349,000","5,528,000","6,574,000","6,632,000","7,520,000","7,694,000","5,947,000","5,013,000","4,274,000",,,,,,,,,,,,,,,,,,,,,,,,,,,,,,,,,,,,,"16,243,000","14,957,000",,,"7,929,000",,,,,,,,,,,,,,,,,,,,,,,,,,,,,,,,,,,,
		CurrentDeferredLiabilities,,,,,,"14,842,000","27,147,000","11,410,000","24,530,000","19,692,000","63,009,000","37,039,000","21,856,000","39,575,000","33,983,000","27,391,000","21,936,000","16,985,000","31,833,000","24,333,000",,"16,052,000","34,551,000","23,059,000","19,009,000","15,749,000","36,396,000","27,450,000","22,652,000","16,767,000","44,050,000","41,500,000",,"20,076,000","58,334,000","59,142,000",,"38,364,000","43,005,000",,,,,,"23,341,000",,"8,386,000","10,958,000",,"16,536,000","30,780,000",,,"31,722,000","55,873,000","82,025,000","67,970,000","17,072,000","46,163,000","26,300,000","5,226,000","8,153,000","30,667,000","11,346,000","6,580,000","1,262,000","8,627,000","3,949,000","5,340,000","8,374,000",,,,"2,746,000",,,,"158,000",,,,"2,000",,,,,,,,
			CurrentDeferredTaxesLiabilities,,,,,"12,132,000","8,407,000","8,916,000","5,186,000","14,781,000","16,659,000","13,576,000","14,103,000","14,289,000","21,001,000","15,543,000","16,600,000","11,904,000","11,684,000","16,285,000","9,958,000",,"9,545,000","10,573,000","6,389,000","5,954,000","5,985,000","6,949,000","6,982,000","7,507,000","8,549,000","6,894,000","8,338,000",,"6,601,000","11,796,000","11,159,000",,"22,073,000","43,005,000",,,,,,"23,341,000",,"8,386,000","10,958,000",,,"0",,,"0",,"2,514,000","9,512,000","6,214,000","4,113,000","2,730,000","3,478,000","4,088,000",,,,,"1,372,000","2,743,000","4,353,000","7,933,000",,,,"2,362,000",,,,,,,,,,,,,,,,
			CurrentDeferredRevenue,,,,,,"6,435,000","18,231,000","6,224,000","9,749,000","3,033,000","49,433,000","22,936,000","7,567,000","18,574,000","18,440,000","10,791,000","10,032,000","5,301,000","15,548,000","14,375,000",,"6,507,000","23,978,000","16,670,000","13,055,000","9,764,000","29,447,000","20,468,000","15,145,000","8,218,000","37,156,000","33,162,000",,"13,475,000","46,538,000","47,983,000",,"16,291,000",,,,,,,,,,,,"16,536,000","30,780,000",,,"31,722,000","55,873,000","79,511,000","58,458,000","10,858,000","42,050,000","23,570,000","1,748,000","4,065,000","30,667,000","11,346,000","6,580,000","1,262,000","7,255,000","1,206,000","987,000","441,000",,,,"384,000",,,,"158,000",,,,"2,000",,,,,,,,
		OtherCurrentLiabilities,"1,372,000","1,855,000","3,603,000","3,561,000","3,848,000","6,216,000","5,216,000","5,636,000","5,867,000","5,246,000","5,488,000","5,908,000","5,549,000","7,130,000","8,229,000","8,355,000","5,243,000","4,775,000","5,003,000","4,993,000","506,500,000","4,997,000","1,375,000","985,000","976,000","1,077,000","1,004,000","955,000","1,171,000","1,174,000","1,564,000","1,893,000","367,100,000","1,090,000","1,146,000","1,133,000","424,400,000","945,000","111,747,000","353,400,000","162,840,000","322,969,000","92,618,000","104,755,000","71,473,000","104,056,000","225,303,000","152,474,000","57,224,000","35,286,000","10,631,000","249,500,000","315,600,000","41,895,000","87,904,000","46,304,000","43,139,000","35,651,000","20,477,000","15,421,000","23,468,000","21,750,000","31,783,000","20,261,000","44,045,000","35,400,000","24,804,000","21,133,000","28,165,000","26,187,000","104,900,000","93,200,000","96,600,000","7,254,000","86,800,000","81,700,000","80,900,000","8,417,000","71,000,000","67,500,000","63,200,000","8,765,000","68,900,000","47,996,000","37,291,000","32,200,000","27,300,000","23,300,000","27,300,000","18,500,000"
	TotalNonCurrentLiabilitiesNetMinorityInterest,"2,769,177,000","2,836,617,000","2,866,303,000","2,195,957,000","2,180,666,000","2,180,003,000","1,961,756,000","1,987,332,000","1,990,940,000","1,772,867,000","1,573,517,000","1,588,755,000","1,605,830,000","1,574,629,000","1,451,462,000","1,469,084,000","1,301,153,000","1,300,723,000","1,273,441,000","1,326,058,000","1,328,200,000","1,331,023,000","1,321,551,000","1,347,779,000","1,480,315,000","1,540,479,000","1,595,832,000","1,606,755,000","1,841,914,000","1,840,265,000","1,644,867,000","1,593,367,000","1,605,800,000","1,612,732,000","1,629,501,000","1,670,993,000","1,596,800,000","1,619,892,000","1,554,362,000","1,513,600,000","1,413,867,000","1,377,900,000","1,208,712,000","1,237,994,000","1,216,371,000","1,225,179,000","1,265,132,000","1,193,264,000","1,104,107,000","1,144,954,000","1,019,845,000","988,700,000","733,600,000","611,132,000","567,167,000","565,952,000","585,413,000","565,462,000","557,630,000","549,503,000","548,273,000","548,398,000","467,633,000","460,252,000","263,416,000","156,375,000","151,967,000","349,725,000","348,710,000","247,070,000","246,100,000","243,300,000","298,400,000","299,126,000","343,000,000","340,200,000","351,200,000","351,231,000","303,500,000","314,200,000","313,500,000","433,057,000","445,800,000","425,603,000","418,863,000","460,000,000","233,600,000","245,900,000","63,600,000","79,000,000"
		LongTermProvisions,"64,547,000","61,038,000","58,228,000","58,449,000","54,085,000","62,617,000","35,031,000","34,882,000","34,749,000","34,690,000","35,141,000","35,549,000","33,120,000","31,822,000","29,491,000","28,202,000","30,352,000","30,001,000","16,564,000","13,619,000",,"8,934,000","9,040,000","8,890,000","8,890,000","8,890,000","8,890,000","8,890,000","8,890,000","8,890,000","8,824,000","8,759,000",,"8,633,000","7,535,000","7,474,000",,"7,357,000","6,861,000",,"6,768,000",,,,"5,500,000",,"30,872,000","3,500,000",,,,,,,,,,,,,,,,,,,,,,,,,,,,,,,,,,,,,,,,,,
		LongTermDebtAndCapitalLeaseObligation,"2,590,149,000","2,561,351,000","2,566,485,000","1,910,573,000","1,909,463,000","1,911,548,000","1,700,493,000","1,691,298,000","1,683,598,000","1,502,449,000","1,315,021,000","1,329,472,000","1,340,900,000","1,318,349,000","1,213,834,000","1,215,838,000","1,037,969,000","1,031,507,000","1,021,168,000","1,062,886,000","1,063,600,000","1,059,706,000","1,065,688,000","1,062,078,000","1,198,644,000","1,217,172,000","1,280,930,000","1,303,196,000","1,527,284,000","1,537,267,000","1,360,548,000","1,385,769,000","1,410,300,000","1,415,985,000","1,450,358,000","1,493,745,000","1,413,400,000","1,446,194,000","1,402,135,000","1,367,100,000","1,271,845,000",,"1,094,061,000","140,000,000","1,080,499,000","140,000,000",,,"990,560,000","365,187,000","909,786,000","988,700,000","733,600,000","516,337,000","479,941,000","481,063,000","502,295,000","486,651,000","484,101,000","478,093,000","479,689,000","480,724,000","400,219,000","398,434,000","202,119,000","100,000,000","100,000,000","300,000,000","300,000,000","200,000,000","200,000,000","200,000,000","260,000,000","260,000,000","308,000,000","308,000,000","324,000,000","324,000,000","280,000,000","292,000,000","292,000,000","412,000,000","428,000,000","400,000,000","405,852,000","410,100,000","217,100,000","229,000,000","46,700,000","61,500,000"
			LongTermDebt,"2,544,828,000","2,514,832,000","2,518,925,000","1,879,125,000","1,877,457,000","1,886,002,000","1,673,407,000","1,664,037,000","1,655,222,000","1,472,246,000","1,290,713,000","1,305,624,000","1,314,933,000","1,318,349,000","1,213,834,000","1,215,838,000","1,037,969,000","1,031,507,000","1,021,168,000","1,062,886,000","1,063,600,000","1,059,706,000","1,065,688,000","1,062,078,000","1,198,644,000","1,217,172,000","1,280,930,000","1,303,196,000","1,527,284,000","1,537,267,000","1,360,548,000","1,385,769,000","1,410,300,000","1,415,985,000","1,450,358,000","1,493,745,000","1,413,400,000","1,446,194,000","1,402,135,000","1,367,100,000","1,271,845,000",,"1,094,061,000","140,000,000","1,080,499,000","140,000,000",,,"990,560,000","365,187,000","275,242,000","988,700,000","733,600,000","230,397,000","479,941,000","481,063,000","502,295,000","486,651,000","484,101,000","478,093,000","479,689,000","480,724,000","400,219,000","398,434,000","202,119,000","100,000,000","100,000,000","300,000,000","300,000,000","200,000,000","200,000,000","200,000,000","260,000,000","260,000,000","308,000,000","308,000,000","324,000,000","324,000,000","280,000,000","292,000,000","292,000,000","412,000,000","428,000,000","400,000,000","405,852,000","410,100,000","217,100,000","229,000,000","46,700,000","61,500,000"
			LongTermCapitalLeaseObligation,"45,321,000","46,519,000","47,560,000","31,448,000","32,006,000","25,546,000","27,086,000","27,261,000","28,376,000","30,203,000","24,308,000","23,848,000","25,967,000",,,,,,,,,,,,,,,,,,,,,,,,,,,,,,,,,,,,,,"634,544,000",,,"285,940,000",,,,,,,,,,,,,,,,,,,,,,,,,,,,,,,,,,,,
		NonCurrentDeferredLiabilities,,,,,,"156,101,000","155,460,000","172,373,000","168,336,000","183,411,000","177,668,000","180,644,000","187,367,000","175,361,000","169,025,000","183,913,000","195,870,000","205,283,000","206,003,000","222,988,000",,"206,119,000","192,831,000","219,481,000","211,446,000","219,391,000","207,285,000","216,612,000","228,026,000","223,349,000","214,864,000","160,713,000",,"154,295,000","134,817,000","133,305,000",,"125,445,000","105,188,000",,"99,227,000","98,594,000","78,823,000","106,394,000","100,060,000","100,781,000","79,557,000","71,328,000","61,837,000","56,520,000","60,559,000",,,"57,485,000","55,005,000","49,241,000","50,881,000","55,409,000","51,964,000","50,885,000","48,530,000","47,361,000","49,138,000","43,958,000","43,550,000","38,895,000","37,348,000","36,605,000","35,922,000","34,089,000",,,,"26,911,000",,,,"15,230,000",,,,"8,794,000",,"14,059,000",,,,,,
			NonCurrentDeferredTaxesLiabilities,"57,677,000","110,416,000","133,020,000","167,304,000","171,927,000","156,101,000","155,460,000","172,373,000","168,336,000","183,411,000","177,668,000","180,644,000","187,367,000","175,361,000","169,025,000","183,913,000","195,870,000","205,283,000","206,003,000","222,988,000",,"206,119,000","192,831,000","219,481,000","211,446,000","219,391,000","207,285,000","216,612,000","228,026,000","223,349,000","214,864,000","160,713,000",,"154,295,000","134,817,000","133,305,000",,"125,445,000","105,188,000",,"99,227,000","98,594,000","78,823,000","106,394,000","100,060,000","100,781,000","79,557,000","71,328,000","61,837,000","56,520,000","60,559,000",,,"57,485,000","55,005,000","49,241,000","50,881,000","55,409,000","51,964,000","50,885,000","48,530,000","47,361,000","49,138,000","43,958,000","43,550,000","38,895,000","37,348,000","36,605,000","35,922,000","34,089,000",,,,"26,911,000",,,,"15,230,000",,,,"8,794,000",,"14,059,000",,,,,,
			NonCurrentDeferredRevenue,"5,875,000","3,813,000",,"11,767,000","5,487,000","4,027,000","7,591,000","9,777,000","21,168,000",,,,,,,,,,,,,,,,,,,,,,,,,,,,,,,,,,,,,,,,,,,,,,,,,,,,,,,,,,,,,,,,,,,,,,,,,,,,,,,,,
		TradeandOtherPayablesNonCurrent,,,"11,644,000","11,767,000","5,487,000","4,027,000","7,591,000","9,777,000","21,168,000",,,,,,,,,,,,,,,,,,,,,,,,,,,"1,114,433,000",,,,,,,,,"135,000",,,,,,,,,,,,,,,,,,,,,,,,,,,,,,,,,,,,,,,,,,,,,
		NonCurrentAccruedExpenses,,,,,,,,,,,,,,,,,,,,,,,,,,,,,,,,,,,,,,,,,,"8,595,000","6,500,000","6,500,000",,"5,500,000",,,"3,500,000","53,026,000","49,500,000",,,"37,310,000",,,,,,,,,,,,,,,,,,,,,,,,,,,,,,,,,,,,
		EmployeeBenefits,,,,,,"32,199,000","27,837,000","27,623,000","25,999,000","35,840,000","36,552,000","36,625,000","35,786,000","37,064,000","36,455,000","35,049,000","36,962,000","33,932,000","29,706,000","26,565,000",,"22,532,000","21,824,000","22,188,000","22,779,000","21,995,000","27,968,000","30,767,000","34,410,000","33,801,000","30,441,000","32,246,000",,"32,414,000","36,791,000","36,469,000",,"40,896,000","40,178,000",,"36,027,000","33,684,000","29,328,000","30,411,000","30,177,000","28,710,000",,,"47,987,000",,,,,,,,,,,,,,,,,,,,,,,,,,,,,,,,,,,,,,,,,
			NonCurrentPensionAndOtherPostretirementBenefitPlans,"28,383,000","27,099,000","26,786,000","28,496,000","29,283,000","32,199,000","27,837,000","27,623,000","25,999,000","35,840,000","36,552,000","36,625,000","35,786,000","37,064,000","36,455,000","35,049,000","36,962,000","33,932,000","29,706,000","26,565,000",,"22,532,000","21,824,000","22,188,000","22,779,000","21,995,000","27,968,000","30,767,000","34,410,000","33,801,000","30,441,000","32,246,000",,"32,414,000","36,791,000","36,469,000",,"40,896,000","40,178,000",,"36,027,000","33,684,000","29,328,000","30,411,000","30,177,000","28,710,000",,,"47,987,000",,,,,,,,,,,,,,,,,,,,,,,,,,,,,,,,,,,,,,,,,
		DerivativeProductLiabilities,"22,546,000","72,900,000","70,140,000","19,368,000","10,421,000","13,511,000","35,344,000","51,379,000","57,090,000","16,477,000","9,135,000","6,465,000","8,657,000","12,033,000","2,657,000","6,082,000","0","0","0","0",,"33,732,000","32,168,000","35,142,000","38,556,000","73,031,000","70,759,000","47,290,000","43,304,000","36,958,000","30,190,000","5,880,000",,"1,405,000",,,,,,,,,,,,,,,,,,,,,,,,,,,,,,,,,,,,,,,,,,,,,,,,,,,,,,,,
		OtherNonCurrentLiabilities,,,,,"292,800,000","280,500,000","253,600,000","271,900,000","278,600,000","254,000,000","249,300,000","252,800,000","256,200,000","244,200,000","234,900,000","247,200,000","263,100,000","1,031,507,000","0","1,062,886,000","264,600,000","237,600,000","1,097,856,000","1,097,220,000","1,237,200,000","250,300,000","1,151,704,000","1,150,550,000","1,570,588,000","266,100,000",,"1,096,117,000","195,500,000","195,400,000","1,468,358,000","1,114,433,000","183,400,000","173,700,000","0","146,500,000","0","1,237,027,000","0","954,689,000","135,000","950,188,000","1,154,703,000","1,118,436,000","223,000","670,221,000","0","0","0","0","32,221,000","35,648,000","32,237,000","23,402,000","21,565,000","20,525,000","20,054,000","20,313,000","18,276,000","17,860,000","17,747,000","17,480,000","14,619,000","13,120,000","12,788,000","12,981,000","46,100,000","43,300,000","38,400,000","12,215,000","35,000,000","32,200,000","27,200,000","12,001,000","23,500,000","22,200,000","21,500,000","12,263,000","17,800,000","11,544,000","13,011,000","49,900,000","16,500,000","16,900,000","16,900,000","17,500,000"
TotalEquityGrossMinorityInterest,"3,236,140,000","3,215,971,000","3,324,335,000","3,239,962,000","2,188,300,000","2,162,578,000","2,091,994,000","2,119,666,000","2,110,443,000","2,134,472,000","2,141,208,000","2,137,352,000","2,136,594,000","2,137,802,000","2,138,108,000","2,139,810,000","2,252,973,000","2,247,468,000","2,251,496,000","2,248,089,000","2,256,000,000","2,307,272,000","2,347,984,000","2,320,905,000","2,428,973,000","2,400,356,000","2,378,599,000","2,374,125,000","2,335,219,000","2,292,515,000","2,264,144,000","2,512,045,000","2,480,300,000","2,432,241,000","2,394,692,000","2,377,056,000","2,339,200,000","2,187,446,000","2,370,577,000","2,207,300,000","2,014,612,000","1,864,380,000","1,980,636,000","1,836,004,000","1,780,531,000","1,670,820,000","1,674,579,000","1,585,379,000","1,548,949,000","1,512,706,000","1,533,454,000","1,450,300,000","1,596,100,000","1,510,177,000","1,497,509,000","1,307,022,000","1,299,041,000","1,228,435,000","1,177,501,000","1,128,980,000","1,167,357,000","1,125,162,000","1,094,178,000","1,055,029,000","1,088,173,000","1,055,925,000","1,025,095,000","985,352,000","1,003,722,000","983,058,000","957,400,000","916,900,000","928,100,000","919,091,000","897,300,000","877,400,000","881,100,000","872,711,000","859,600,000","854,300,000","864,500,000","855,127,000","842,100,000","849,362,000","849,494,000","807,300,000","747,200,000","720,800,000","669,800,000","469,200,000"
	StockholdersEquity,"3,202,172,000","3,181,520,000","3,285,509,000","3,201,942,000","2,148,451,000","2,123,085,000","2,047,611,000","2,075,294,000","2,065,861,000","2,086,267,000","2,092,901,000","2,089,156,000","2,088,141,000","2,085,491,000","2,085,995,000","2,088,527,000","2,193,302,000","2,187,821,000","2,192,306,000","2,189,058,000","2,195,000,000","2,246,074,000","2,287,312,000","2,260,867,000","2,368,275,000","2,339,785,000","2,318,301,000","2,314,536,000","2,275,301,000","2,232,648,000","2,206,899,000","2,456,424,000","2,424,000,000","2,376,620,000","2,337,914,000","2,322,238,000","2,283,700,000","2,132,783,000","2,315,106,000","2,154,100,000","1,961,278,000","1,812,834,000","1,929,474,000","1,786,761,000","1,731,802,000","1,622,804,000","1,627,178,000","1,540,174,000","1,504,030,000","1,466,613,000","1,489,733,000","1,407,600,000","1,549,800,000","1,463,108,000","1,446,146,000","1,255,663,000","1,248,010,000","1,182,436,000","1,135,015,000","1,089,772,000","1,128,323,000","1,085,949,000","1,057,279,000","1,020,121,000","1,053,223,000","1,020,416,000","990,655,000","953,696,000","970,688,000","948,628,000","926,300,000","889,300,000","899,300,000","889,972,000","871,300,000","854,200,000","858,200,000","849,662,000","837,700,000","832,000,000","840,800,000","831,697,000","818,700,000","824,093,000","824,411,000","780,500,000","720,700,000","694,200,000","644,200,000","466,200,000"
		CapitalStock,"1,577,643,000","1,577,643,000","1,577,700,000","1,578,024,000","479,821,000","477,386,000","477,386,000","477,386,000","477,386,000","477,386,000","477,386,000","477,386,000","477,386,000","477,386,000","477,386,000","477,386,000","477,386,000","477,386,000","477,386,000","477,386,000",,"477,386,000","477,386,000","477,386,000","477,386,000","477,386,000","477,386,000","477,386,000","477,386,000","477,386,000","477,386,000","477,386,000",,"477,386,000","477,386,000","477,386,000",,"477,386,000","477,386,000",,"477,386,000","0","0","0","477,386,000","0","477,386,000","477,386,000","477,386,000","0","0",,,"0","0","0","0","0","0","0","0","0","0","0","477,386,000","477,386,000","477,386,000","477,386,000","477,386,000","477,386,000",,,,"477,386,000",,,,"477,386,000",,,,"477,386,000",,"477,386,000","477,386,000","439,300,000",,,,
			CommonStock,"1,577,643,000","1,577,643,000","1,577,700,000","1,578,024,000","479,821,000","477,386,000","477,386,000","477,386,000","477,386,000","477,386,000","477,386,000","477,386,000","477,386,000","477,386,000","477,386,000","477,386,000","477,386,000","477,386,000","477,386,000","477,386,000",,"477,386,000","477,386,000","477,386,000","477,386,000","477,386,000","477,386,000","477,386,000","477,386,000","477,386,000","477,386,000","477,386,000",,"477,386,000","477,386,000","477,386,000",,"477,386,000","477,386,000",,"477,386,000","0","0","0","477,386,000","0","477,386,000","477,386,000","477,386,000","0","0",,,"0","0","0","0","0","0","0","0","0","0","0","477,386,000","477,386,000","477,386,000","477,386,000","477,386,000","477,386,000",,,,"477,386,000",,,,"477,386,000",,,,"477,386,000",,"477,386,000","477,386,000","439,300,000",,,,
			OtherCapitalStock,,,,,,,,,,,,,,,,,,,"0",,,"0",,,,,,"0","0",,,"0",,,"0","0",,,"0",,"0",,,,,,,,,,,,,,,,,,,,,,,,,,,,,,,,,,,,,,,,,,,,,,,,,
		AdditionalPaidInCapital,,,,,,,,,,,"477,386,000","477,386,000","477,386,000","477,386,000","477,386,000","477,386,000","477,386,000","477,386,000","477,386,000","477,386,000",,"477,386,000","477,386,000","477,386,000","477,386,000","477,386,000","477,386,000","477,386,000","477,386,000","477,386,000","477,386,000","477,386,000",,"477,386,000","477,386,000","477,386,000",,"477,386,000",,,,"477,386,000","477,386,000","477,386,000",,"477,386,000",,,,"477,386,000","477,386,000",,,"477,386,000","477,386,000","477,386,000","477,386,000","477,386,000","477,386,000","477,386,000","477,386,000","477,386,000","477,386,000","477,386,000",,,,,,,,,,,,,,,,,,,,,,,,,,
		RetainedEarnings,"1,648,032,000","1,648,032,000","1,754,133,000","1,648,137,000","1,661,732,000","1,638,267,000","1,575,643,000","1,623,104,000","1,623,104,000","1,623,104,000","1,623,104,000","1,620,117,000","1,623,104,000","1,623,104,000","1,624,784,000","1,624,784,000","1,717,320,000","1,724,784,000","1,724,787,000","1,724,784,000",,"1,781,576,000","1,830,908,000","1,803,002,000","1,911,459,000","1,882,196,000","1,859,901,000","1,853,064,000","1,811,454,000","1,768,424,000","1,736,629,000","1,985,759,000",,"1,909,725,000","1,857,238,000","1,857,631,000",,"1,676,169,000","1,859,002,000",,"1,501,589,000","1,351,560,000","1,465,568,000","1,322,322,000","1,266,526,000","1,155,131,000","1,163,970,000","1,069,167,000","1,027,666,000","989,227,000","1,012,347,000",,,"826,001,000","805,665,000","615,090,000","606,392,000","541,608,000","497,021,000","455,531,000","496,336,000","453,373,000","423,718,000","387,358,000","420,030,000","385,743,000","358,941,000","326,733,000","345,106,000","320,355,000","326,766,000","301,066,000","285,166,000","271,166,000","283,265,000","269,965,000","257,965,000","247,165,000","253,645,000","242,045,000","232,845,000","223,245,000","228,880,000","206,880,000","203,622,000","189,100,000","153,500,000","127,000,000","77,000,000","48,400,000"
		GainsLossesNotAffectingRetainedEarnings,,,,,,"7,432,000","-5,418,000","-25,196,000","-34,629,000","-14,223,000","-7,589,000","-8,347,000","-12,349,000","-14,999,000","-16,175,000","-13,643,000","-1,404,000","-14,349,000","-9,867,000","-13,112,000",,"-12,888,000","-20,982,000","-19,521,000","-20,570,000","-19,797,000","-18,986,000","-15,914,000","-13,539,000","-13,162,000","-7,116,000","-6,721,000",,"-10,491,000","-14,710,000","-12,779,000",,"-20,772,000",,,,"-16,112,000","-13,480,000",,"-12,110,000","-9,713,000",,,"-1,022,000",,,,,,"163,095,000","163,187,000","164,232,000","163,442,000","160,608,000","156,855,000","154,601,000","155,190,000","156,175,000","155,377,000","155,807,000","157,287,000","154,328,000","149,577,000","148,196,000","150,887,000","599,534,000","588,234,000","614,134,000","141,420,000","588,035,000","584,235,000","600,235,000","125,111,000","584,055,000","589,955,000","607,955,000","131,066,000","589,820,000","139,827,000","143,403,000","152,100,000",,,,
			OtherEquityAdjustments,,,,,,"7,432,000","-5,418,000","-25,196,000","-34,629,000","-14,223,000","-7,589,000","-8,347,000","-12,349,000","-14,999,000","-16,175,000","-13,643,000","-1,404,000","-14,349,000","-9,867,000","-13,112,000",,"-12,888,000","-20,982,000","-19,521,000","-20,570,000","-19,797,000","-18,986,000","-15,914,000","-13,539,000","-13,162,000","-7,116,000","-6,721,000",,"-10,491,000","-14,710,000","-12,779,000",,"-20,772,000",,,,,,,,,,,,,,,,,,,,,,,,,,,,,,,,,,,,,,,,,,,,,,,,,,,,
		OtherEquityInterest,,,,,,,,,,,,,,,,,,,,,,,,,,,,,,,,,,,"18,000,000",,,,"-21,282,000",,"-17,697,000",,,"-12,947,000",,,"-14,178,000","-6,379,000",,,,,,"159,721,000",,,,,,,,,,,,,,,,,,,,,,,,,,,,,,,,,"567,200,000","567,200,000","567,200,000","417,800,000"
	MinorityInterest,"33,968,000","34,451,000","38,826,000","38,020,000","39,849,000","39,493,000","44,383,000","44,372,000","44,582,000","48,205,000","48,307,000","48,196,000","48,453,000","52,311,000","52,113,000","51,283,000","59,671,000","59,647,000","59,190,000","59,031,000","61,000,000","61,198,000","60,672,000","60,038,000","60,698,000","60,571,000","60,298,000","59,589,000","59,918,000","59,867,000","57,245,000","55,621,000","56,300,000","55,621,000","56,778,000","54,818,000","55,500,000","54,663,000","55,471,000","53,200,000","53,334,000","51,546,000","51,162,000","49,243,000","48,729,000","48,016,000","47,401,000","45,205,000","44,919,000","46,093,000","43,721,000","42,700,000","46,300,000","47,069,000","51,363,000","51,359,000","51,031,000","45,999,000","42,486,000","39,208,000","39,034,000","39,213,000","36,899,000","34,908,000","34,950,000","35,509,000","34,440,000","31,656,000","33,034,000","34,430,000","31,100,000","27,600,000","28,800,000","29,119,000","26,000,000","23,200,000","22,900,000","23,049,000","21,900,000","22,300,000","23,700,000","23,430,000","23,400,000","25,269,000","25,083,000","26,800,000","26,500,000","26,600,000","25,600,000","3,000,000"
TotalCapitalization,"5,747,000,000","5,696,352,000","5,804,434,000","5,081,067,000","4,025,908,000","4,009,087,000","3,721,018,000","3,739,331,000","3,721,083,000","3,558,513,000","3,383,614,000","3,394,780,000","3,403,074,000","3,403,840,000","3,299,829,000","3,304,365,000","3,231,271,000","3,219,328,000","3,213,474,000","2,189,058,000","2,195,000,000","3,305,780,000","3,353,000,000","3,322,945,000","3,566,919,000","3,556,957,000","3,599,231,000","3,617,732,000","3,802,585,000","3,769,915,000","3,567,447,000","3,842,193,000","2,424,000,000","3,792,605,000","3,788,272,000","3,815,983,000","2,283,700,000","3,578,977,000","3,717,241,000","3,521,200,000","3,233,123,000","1,812,834,000","3,023,535,000","1,926,761,000","2,812,301,000","1,762,804,000","1,627,178,000","1,540,174,000","2,494,590,000","1,831,800,000","1,764,975,000","2,396,300,000","2,283,400,000","1,693,505,000","1,926,087,000","1,736,726,000","1,750,305,000","1,669,087,000","1,619,116,000","1,567,865,000","1,608,012,000","1,566,673,000","1,457,498,000","1,418,555,000","1,255,342,000","1,120,416,000","1,090,655,000","1,253,696,000","1,270,688,000","1,148,628,000","1,126,300,000","1,089,300,000","1,159,300,000","1,149,972,000","1,179,300,000","1,162,200,000","1,182,200,000","1,173,662,000","1,117,700,000","1,124,000,000","1,132,800,000","1,243,697,000","1,246,700,000","1,224,093,000","1,230,263,000","1,190,600,000","937,800,000","923,200,000","690,900,000","527,700,000"
CommonStockEquity,"3,202,172,000","3,181,520,000","3,285,509,000","3,201,942,000","2,148,451,000","2,123,085,000","2,047,611,000","2,075,294,000","2,065,861,000","2,086,267,000","2,092,901,000","2,089,156,000","2,088,141,000","2,085,491,000","2,085,995,000","2,088,527,000","2,193,302,000","2,187,821,000","2,192,306,000","2,189,058,000","2,195,000,000","2,246,074,000","2,287,312,000","2,260,867,000","2,368,275,000","2,339,785,000","2,318,301,000","2,314,536,000","2,275,301,000","2,232,648,000","2,206,899,000","2,456,424,000","2,424,000,000","2,376,620,000","2,337,914,000","2,322,238,000","2,283,700,000","2,132,783,000","2,315,106,000","2,154,100,000","1,961,278,000","1,812,834,000","1,929,474,000","1,786,761,000","1,731,802,000","1,622,804,000","1,627,178,000","1,540,174,000","1,504,030,000","1,466,613,000","1,489,733,000","1,407,600,000","1,549,800,000","1,463,108,000","1,446,146,000","1,255,663,000","1,248,010,000","1,182,436,000","1,135,015,000","1,089,772,000","1,128,323,000","1,085,949,000","1,057,279,000","1,020,121,000","1,053,223,000","1,020,416,000","990,655,000","953,696,000","970,688,000","948,628,000","926,300,000","889,300,000","899,300,000","889,972,000","871,300,000","854,200,000","858,200,000","849,662,000","837,700,000","832,000,000","840,800,000","831,697,000","818,700,000","824,093,000","824,411,000","780,500,000","720,700,000","694,200,000","644,200,000","466,200,000"
CapitalLeaseObligations,"52,824,000","54,223,000","55,093,000","39,218,000","39,355,000","31,074,000","33,660,000","33,893,000","35,896,000","37,897,000","30,255,000","28,861,000","30,241,000",,,,,,,,,,,,,,,,,,,,,,,,,,,,,,,,,,,,,"16,243,000","649,501,000",,,"293,869,000",,,,,,,,,,,,,,,,,,,,,,,,,,,,,,,,,,,,
NetTangibleAssets,"2,963,940,000","3,090,046,000","3,178,257,000","3,061,145,000","2,060,343,000","2,034,875,000","1,989,623,000","2,016,483,000","2,005,928,000","2,025,441,000","2,037,785,000","2,033,280,000","2,032,736,000","2,019,333,000","2,020,915,000","2,020,827,000","2,029,527,000","2,019,975,000","2,021,996,000","2,035,949,000","2,195,000,000","2,075,655,000","2,116,220,000","2,089,443,000","2,194,459,000","2,159,058,000","2,135,426,000","2,130,243,000","2,090,683,000","2,049,956,000","2,036,964,000","2,281,612,000","2,424,000,000","2,200,481,000","2,251,722,000","2,236,031,000","2,283,700,000","2,091,385,000","2,272,453,000","2,154,100,000","1,918,510,000","1,769,913,000","1,887,139,000","1,744,304,000","1,689,154,000","1,581,146,000","1,581,853,000","1,498,714,000","1,462,539,000","1,435,447,000","1,457,916,000","1,407,600,000","1,549,800,000","1,429,371,000","1,411,592,000","1,220,402,000","1,210,546,000","1,145,677,000","1,097,944,000","1,052,312,000","1,088,208,000","1,047,023,000","1,011,421,000","974,365,000","1,001,701,000","988,492,000","970,057,000","932,827,000","949,432,000","926,885,000","926,300,000","889,300,000","899,300,000","872,152,000","871,300,000","854,200,000","858,200,000","833,973,000","837,700,000","832,000,000","840,800,000","815,474,000","818,700,000","778,905,000","824,411,000","780,500,000","720,700,000","694,200,000","644,200,000","466,200,000"
WorkingCapital,"3,407,922,000","3,594,386,000","3,853,874,000","3,178,618,000","2,122,656,000","2,093,376,000","1,997,856,000","2,085,820,000","2,088,551,000","1,905,354,000","1,733,351,000","1,777,821,000","1,822,515,000","1,843,933,000","1,787,057,000","1,827,890,000","1,708,810,000","1,718,216,000","1,729,585,000","1,766,215,000","1,734,700,000","1,754,717,000","1,801,926,000","1,754,153,000","1,973,277,000","1,993,918,000","2,002,011,000","1,919,455,000","2,072,818,000","1,980,943,000","1,719,111,000","1,877,706,000","1,815,100,000","1,732,414,000","1,714,957,000","1,787,345,000","1,722,800,000","1,637,641,000","1,838,193,000","1,695,700,000","1,472,518,000","1,327,110,000","1,325,369,000","1,252,140,000","1,268,260,000","1,218,426,000","1,407,312,000","1,302,141,000","1,204,118,000","1,199,657,000","1,178,271,000","1,141,300,000","1,066,100,000","893,508,000","909,967,000","761,064,000","778,013,000","711,532,000","667,487,000","626,654,000","677,684,000","648,233,000","542,375,000","502,100,000","359,531,000","314,515,000","317,881,000","521,889,000","564,664,000","444,206,000","454,100,000","351,500,000","410,100,000","389,211,000","407,700,000","381,300,000","406,000,000","388,203,000","324,700,000","318,400,000","314,900,000","416,993,000","423,600,000","371,225,000","370,518,000","368,900,000","231,300,000","382,400,000","316,200,000","243,400,000"
InvestedCapital,"5,782,723,000","5,737,031,000","5,837,829,000","5,117,512,000","4,061,133,000","4,045,950,000","3,919,417,000","3,937,935,000","4,167,836,000","3,839,290,000","3,859,960,000","3,886,223,000","3,435,020,000","3,419,285,000","3,315,457,000","3,450,860,000","3,346,478,000","3,396,390,000","3,308,002,000","2,189,058,000","2,195,000,000","3,466,023,000","3,575,434,000","3,539,780,000","4,009,394,000","3,956,232,000","4,012,563,000","4,030,631,000","4,019,678,000","3,980,484,000","3,752,956,000","4,051,891,000","2,424,000,000","4,191,604,000","4,178,911,000","4,170,453,000","2,283,700,000","3,721,485,000","3,901,573,000","3,707,300,000","3,405,756,000","1,812,834,000","3,291,928,000","2,107,467,000","2,812,301,000","1,913,762,000","1,627,178,000","1,540,174,000","2,494,590,000","2,082,689,000","2,019,557,000","2,666,300,000","2,586,900,000","1,827,311,000","1,962,859,000","1,817,830,000","1,766,726,000","1,687,442,000","1,636,803,000","1,578,838,000","1,652,389,000","1,631,391,000","1,551,031,000","1,682,880,000","1,528,340,000","1,417,980,000","1,296,880,000","1,260,190,000","1,274,912,000","1,175,185,000","1,181,300,000","1,196,500,000","1,227,200,000","1,224,547,000","1,214,300,000","1,199,500,000","1,202,200,000","1,202,987,000","1,180,400,000","1,252,900,000","1,282,000,000","1,313,167,000","1,343,600,000","1,282,852,000","1,311,208,000","1,259,400,000","1,090,400,000","1,070,000,000","810,600,000","607,400,000"
TangibleBookValue,"2,963,940,000","3,090,046,000","3,178,257,000","3,061,145,000","2,060,343,000","2,034,875,000","1,989,623,000","2,016,483,000","2,005,928,000","2,025,441,000","2,037,785,000","2,033,280,000","2,032,736,000","2,019,333,000","2,020,915,000","2,020,827,000","2,029,527,000","2,019,975,000","2,021,996,000","2,035,949,000","2,195,000,000","2,075,655,000","2,116,220,000","2,089,443,000","2,194,459,000","2,159,058,000","2,135,426,000","2,130,243,000","2,090,683,000","2,049,956,000","2,036,964,000","2,281,612,000","2,424,000,000","2,200,481,000","2,251,722,000","2,236,031,000","2,283,700,000","2,091,385,000","2,272,453,000","2,154,100,000","1,918,510,000","1,769,913,000","1,887,139,000","1,744,304,000","1,689,154,000","1,581,146,000","1,581,853,000","1,498,714,000","1,462,539,000","1,435,447,000","1,457,916,000","1,407,600,000","1,549,800,000","1,429,371,000","1,411,592,000","1,220,402,000","1,210,546,000","1,145,677,000","1,097,944,000","1,052,312,000","1,088,208,000","1,047,023,000","1,011,421,000","974,365,000","1,001,701,000","988,492,000","970,057,000","932,827,000","949,432,000","926,885,000","926,300,000","889,300,000","899,300,000","872,152,000","871,300,000","854,200,000","858,200,000","833,973,000","837,700,000","832,000,000","840,800,000","815,474,000","818,700,000","778,905,000","824,411,000","780,500,000","720,700,000","694,200,000","644,200,000","466,200,000"
TotalDebt,"2,633,375,000","2,609,734,000","2,607,413,000","1,954,788,000","1,952,037,000","1,953,939,000","1,905,466,000","1,896,534,000","2,137,871,000","1,790,920,000","1,797,314,000","1,825,928,000","1,377,120,000","1,333,794,000","1,229,462,000","1,362,333,000","1,153,176,000","1,208,569,000","1,115,696,000","1,200,437,000","1,222,400,000","1,219,949,000","1,288,122,000","1,278,913,000","1,641,119,000","1,616,447,000","1,694,262,000","1,716,095,000","1,744,377,000","1,747,836,000","1,546,057,000","1,595,467,000","1,596,100,000","1,814,984,000","1,840,997,000","1,848,215,000","1,613,500,000","1,588,702,000","1,586,467,000","1,553,200,000","1,444,478,000",,"1,362,454,000","320,706,000","1,258,923,000","290,958,000",,,"1,131,870,000","632,319,000","1,179,325,000","1,258,700,000","1,037,100,000","658,072,000","516,713,000","562,167,000","518,716,000","505,006,000","501,788,000","489,066,000","524,066,000","545,442,000","493,752,000","662,759,000","475,117,000","397,564,000","306,225,000","306,494,000","304,224,000","226,557,000","255,000,000","307,200,000","327,900,000","334,575,000","343,000,000","345,300,000","344,000,000","353,325,000","342,700,000","420,900,000","441,200,000","481,470,000","524,900,000","458,759,000","486,797,000","478,900,000","369,700,000","375,800,000","166,400,000","141,200,000"
NetDebt,"312,004,000","1,040,460,000","687,277,000","672,717,000","1,375,144,000","1,413,763,000","1,234,265,000","1,281,010,000","1,374,376,000","1,164,493,000","979,440,000","997,277,000","744,108,000","777,728,000","801,438,000","834,311,000","578,087,000","578,131,000","595,135,000",,,"705,280,000","715,714,000","695,922,000","1,114,432,000","1,089,188,000","1,211,786,000","1,243,147,000","1,270,560,000","1,393,270,000","1,250,802,000","1,050,093,000",,"1,338,362,000","1,396,404,000","1,471,028,000",,"1,264,349,000","1,222,215,000","1,137,900,000","995,326,000",,"915,048,000",,"516,684,000",,,,"631,304,000","70,639,000","237,011,000","789,900,000","467,900,000","205,972,000","494,353,000","532,786,000","492,964,000","340,794,000","488,712,000","473,023,000","505,988,000","361,499,000","477,021,000","635,607,000","455,660,000","384,291,000","289,229,000","292,600,000","283,307,000","159,804,000","139,600,000","225,200,000","222,200,000","319,324,000","264,500,000","267,000,000","256,600,000","333,596,000","303,200,000","315,700,000","325,400,000","359,934,000","370,800,000","426,034,000","457,295,000","418,200,000","297,200,000","223,000,000","40,900,000","69,600,000"
ShareIssued,"285,638,456","285,638,456","285,638,456","285,638,456","263,246,505","265,051,533","265,051,533","265,051,533","265,051,533","265,051,533","265,051,533","265,051,533","265,051,533","265,051,533","265,051,533","265,051,533","265,051,533","265,051,533","265,051,533","265,051,533","265,051,533","265,051,533","265,051,533","265,051,533","265,051,533","265,051,533","265,051,533","265,051,533","265,051,533","265,051,533","265,051,533","265,051,533","265,051,533","265,051,533","265,051,533","265,051,533","265,051,533","265,051,533","265,051,533","265,051,533","265,051,533","265,051,533","265,051,533","265,051,533","265,051,533","265,051,533","265,051,533","267,252,382","267,252,382","265,051,533","265,051,533",,"265,051,533","265,051,533","265,110,225","265,110,225","265,110,225","265,110,225","265,110,201","265,110,201","265,110,201","265,110,225","265,110,201","265,110,201","265,110,201","265,110,225","265,110,201","265,110,201","265,110,201","265,110,225","265,110,201","265,110,201","265,110,201","265,110,221","265,110,221","265,110,221","265,110,221","265,110,221","265,110,221","265,110,221","265,110,221","265,110,221","265,110,221","265,110,221","265,110,221","251,152,951","242,500,493","242,500,493","242,500,493","204,858,775"
OrdinarySharesNumber,"285,637,808","285,638,456","285,638,456","285,638,456","263,246,505","265,051,533","265,051,533","265,051,533","265,051,533","265,051,533","265,051,533","265,051,533","265,051,533","265,051,533","265,051,533","265,051,533","265,051,533","265,051,533","265,051,533","265,051,533","265,051,533","265,051,533","265,051,533","265,051,533","265,051,533","265,051,533","265,051,533","265,051,533","265,051,533","265,051,533","265,051,533","265,051,533","265,051,533","265,051,533","265,051,533","265,051,533","265,051,533","265,051,533","265,051,533","265,051,533","265,051,533","265,051,533","265,051,533","265,051,533","265,051,533","265,051,533","265,051,533","267,252,382","267,252,382","265,051,533","265,051,533",,"265,051,533","265,051,533","265,110,225","265,110,225","265,110,225","265,110,225","265,110,201","265,110,201","265,110,201","265,110,225","265,110,201","265,110,201","265,110,201","265,110,225","265,110,201","265,110,201","265,110,201","265,110,225","265,110,201","265,110,201","265,110,201","265,110,221","265,110,221","265,110,221","265,110,221","265,110,221","265,110,221","265,110,221","265,110,221","265,110,221","265,110,221","265,110,221","265,110,221","251,152,951","242,500,493","242,500,493","242,500,493","204,858,775"
TreasurySharesNumber,"648",,,,,,,,,,,,,,,,,,,,,,,,,,,,,,,,,,,,,,,,,,,,,,,,,,,,,,,,,,,,,,,,,,,,,,,,,,,,,,,,,,,,,,,,,